/usr/lib/python3/dist-packages/google/protobuf/__init__.py:37: UserWarning: pkg_resources is deprecated as an API. See https://setuptools.pypa.io/en/latest/pkg_resources.html. The pkg_resources package is slated for removal as early as 2025-11-30. Refrain from using this package or pin to Setuptools<81.
  __import__('pkg_resources').declare_namespace(__name__)
#-----------------------------------------------------------------------------
##### (Start) Read a meta file for parameters #####
# 1 GND_TEMP X 0 X X 1
# 2 GND_ALT_OFFSET X 0 X X 0.1
# 3 GND_PRIMARY X 0 0 2 1
# 4 PILOT_THR_FILT X 0 0 10 0.5
# 5 PILOT_TKOFF_ALT X 0 0 1000 10
# 6 RTL_ALT X 1500 200 8000 1
# 7 RTL_ALT_FINAL X 0 0 1000 1
# 8 RNGFND_GAIN X 0.8 0.01 2 0.01
# 9 PILOT_ACCEL_Z X 250 50 500 10
# 10 WP_NAVALT_MIN X 0 0 5 X
# 11 LAND_ALT_LOW X 1000 100 10000 10
# 12 ATC_ANGLE_BOOST X 1 0 1 1
# 13 ATC_ANG_LIM_TC X 1 0.5 10 X
# 14 BCN_ALT X 0 0 10000 1
# 15 EK2_ALT_SOURCE TRUE 0 0 3 1
# 16 EK2_ALT_M_NSE X 3 0.1 10 0.1
# 17 EK2_WIND_PSCALE X 0.5 0 1 0.1
# 18 EK3_ALT_SOURCE TRUE 0 0 3 1
# 19 EK3_ALT_M_NSE X 3 0.1 10 0.1
# 20 EK3_WIND_PSCALE X 0.5 0 1 0.1
# 21 FENCE_ALT_MAX X 100 10 10000 1
# 22 PSC_POSZ_P X 1 1 3 X
# 23 SIM_FLOW_POS_Z X 0 X X X
# 24 GPS_POS1_Z X 0 -5 5 0.01
# 25 GPS_POS2_Z X 0 -5 5 0.01
# 26 RNGFND1_POS_Z X 0 -5 5 0.01
# 27 VISO_POS_Z X 0 -5 5 0.01
# 28 EK2_VELD_M_NSE X 0.7 0.05 5 0.05
# 29 GND_ALT_OFFSET X 0 X X 0.1
# 30 PILOT_THR_FILT X 0 0 10 0.500
# 31 PILOT_THR_BHV X 0 0 4 1.000
# 32 FS_THR_ENABLE X 1 0 5 1.000
# 33 FS_THR_VALUE X 975 925 1100 1.000
# 34 ACRO_THR_MID X 0 0 1 X
# 35 ATC_THR_MIX_MIN X 0.1 0.1 0.25 X
# 36 ATC_THR_MIX_MAX X 0.5 0.5 0.9 X
# 37 ATC_THR_MIX_MAN X 0.1 0.1 0.9 X
# 38 MOT_BOOST_SCALE X 0 0 5 0.100
# 39 MOT_SLEW_UP_TIME X 0 0 0.5 0.001
# 40 MOT_SLEW_DN_TIME X 0 0 0.5 0.001
# 41 ACRO_RP_P X 4.5 1 10 X
# 42 ACRO_BAL_ROLL X 1 0 3 0.1
# 43 ACRO_RP_EXPO X 0.3 -0.5 1 0.1
# 44 AHRS_TRIM_X X 0 -0.1745 0.1745 0.01
# 45 ATC_ACCEL_R_MAX X 110000 0 180000 1000
# 46 ATC_ANG_RLL_P X 4.5 0 12 X
# 47 ATC_RATE_R_MAX X 0 0 1080 1
# 48 ATC_RAT_RLL_P X 0.135 0.01 0.5 0.005
# 49 ATC_RAT_RLL_I X 0.135 0.01 2 0.01
# 50 ATC_RAT_RLL_IMAX X 0.5 0 1 0.01
# 51 ATC_RAT_RLL_D X 0.0036 0 0.05 0.001
# 52 ATC_RAT_RLL_FF X 0 0 0.5 0.001
# 53 ATC_RAT_RLL_FLTT X 20 5 100 1
# 54 ATC_RAT_RLL_FLTE X 0 0 100 1
# 55 ATC_RAT_RLL_FLTD X 20 5 100 1
# 56 ATC_RAT_RLL_P X 0.135 0.08 0.35 0.005
# 57 ATC_RAT_RLL_I X 0.135 0.01 0.6 0.01
# 58 ATC_RAT_RLL_IMAX X 0.5 0 1 0.01
# 59 ATC_RAT_RLL_D X 0.0036 0.001 0.03 0.001
# 60 ATC_RAT_RLL_FLTT X 20 5 50 1
# 61 ATC_RAT_RLL_FLTE X 0 5 50 1
# 62 ATC_RAT_RLL_FLTD X 20 0 50 1
##### The name of parameters #####
['GND_TEMP', 'GND_ALT_OFFSET', 'GND_PRIMARY', 'PILOT_THR_FILT', 'PILOT_TKOFF_ALT', 'RTL_ALT', 'RTL_ALT_FINAL', 'RNGFND_GAIN', 'PILOT_ACCEL_Z', 'WP_NAVALT_MIN', 'LAND_ALT_LOW', 'ATC_ANGLE_BOOST', 'ATC_ANG_LIM_TC', 'BCN_ALT', 'EK2_ALT_SOURCE', 'EK2_ALT_M_NSE', 'EK2_WIND_PSCALE', 'EK3_ALT_SOURCE', 'EK3_ALT_M_NSE', 'EK3_WIND_PSCALE', 'FENCE_ALT_MAX', 'PSC_POSZ_P', 'SIM_FLOW_POS_Z', 'GPS_POS1_Z', 'GPS_POS2_Z', 'RNGFND1_POS_Z', 'VISO_POS_Z', 'EK2_VELD_M_NSE', 'GND_ALT_OFFSET', 'PILOT_THR_FILT', 'PILOT_THR_BHV', 'FS_THR_ENABLE', 'FS_THR_VALUE', 'ACRO_THR_MID', 'ATC_THR_MIX_MIN', 'ATC_THR_MIX_MAX', 'ATC_THR_MIX_MAN', 'MOT_BOOST_SCALE', 'MOT_SLEW_UP_TIME', 'MOT_SLEW_DN_TIME', 'ACRO_RP_P', 'ACRO_BAL_ROLL', 'ACRO_RP_EXPO', 'AHRS_TRIM_X', 'ATC_ACCEL_R_MAX', 'ATC_ANG_RLL_P', 'ATC_RATE_R_MAX', 'ATC_RAT_RLL_P', 'ATC_RAT_RLL_I', 'ATC_RAT_RLL_IMAX', 'ATC_RAT_RLL_D', 'ATC_RAT_RLL_FF', 'ATC_RAT_RLL_FLTT', 'ATC_RAT_RLL_FLTE', 'ATC_RAT_RLL_FLTD', 'ATC_RAT_RLL_P', 'ATC_RAT_RLL_I', 'ATC_RAT_RLL_IMAX', 'ATC_RAT_RLL_D', 'ATC_RAT_RLL_FLTT', 'ATC_RAT_RLL_FLTE', 'ATC_RAT_RLL_FLTD']
['X', 'X', 'X', 'X', 'X', 'X', 'X', 'X', 'X', 'X', 'X', 'X', 'X', 'X', 'TRUE', 'X', 'X', 'TRUE', 'X', 'X', 'X', 'X', 'X', 'X', 'X', 'X', 'X', 'X', 'X', 'X', 'X', 'X', 'X', 'X', 'X', 'X', 'X', 'X', 'X', 'X', 'X', 'X', 'X', 'X', 'X', 'X', 'X', 'X', 'X', 'X', 'X', 'X', 'X', 'X', 'X', 'X', 'X', 'X', 'X', 'X', 'X', 'X']
['0', '0', '0', '0', '0', '1500', '0', '0.8', '250', '0', '1000', '1', '1', '0', '0', '3', '0.5', '0', '3', '0.5', '100', '1', '0', '0', '0', '0', '0', '0.7', '0', '0', '0', '1', '975', '0', '0.1', '0.5', '0.1', '0', '0', '0', '4.5', '1', '0.3', '0', '110000', '4.5', '0', '0.135', '0.135', '0.5', '0.0036', '0', '20', '0', '20', '0.135', '0.135', '0.5', '0.0036', '20', '0', '20']
['X', 'X', '0', '0', '0', '200', '0', '0.01', '50', '0', '100', '0', '0.5', '0', '0', '0.1', '0', '0', '0.1', '0', '10', '1', 'X', '-5', '-5', '-5', '-5', '0.05', 'X', '0', '0', '0', '925', '0', '0.1', '0.5', '0.1', '0', '0', '0', '1', '0', '-0.5', '-0.1745', '0', '0', '0', '0.01', '0.01', '0', '0', '0', '5', '0', '5', '0.08', '0.01', '0', '0.001', '5', '5', '0']
['X', 'X', '2', '10', '1000', '8000', '1000', '2', '500', '5', '10000', '1', '10', '10000', '3', '10', '1', '3', '10', '1', '10000', '3', 'X', '5', '5', '5', '5', '5', 'X', '10', '4', '5', '1100', '1', '0.25', '0.9', '0.9', '5', '0.5', '0.5', '10', '3', '1', '0.1745', '180000', '12', '1080', '0.5', '2', '1', '0.05', '0.5', '100', '100', '100', '0.35', '0.6', '1', '0.03', '50', '50', '50']
['1', '0.1', '1', '0.5', '10', '1', '1', '0.01', '10', 'X', '10', '1', 'X', '1', '1', '0.1', '0.1', '1', '0.1', '0.1', '1', 'X', 'X', '0.01', '0.01', '0.01', '0.01', '0.05', '0.1', '0.500', '1.000', '1.000', '1.000', 'X', 'X', 'X', 'X', '0.100', '0.001', '0.001', 'X', '0.1', '0.1', '0.01', '1000', 'X', '1', '0.005', '0.01', '0.01', '0.001', '0.001', '1', '1', '1', '0.005', '0.01', '0.01', '0.001', '1', '1', '1']
##### (End) Read a meta file for parameters #####
# Check whether parsing parameters well done or not, received # of params: 62
['GND_TEMP', 'GND_ALT_OFFSET', 'GND_PRIMARY', 'PILOT_THR_FILT', 'PILOT_TKOFF_ALT', 'RTL_ALT', 'RTL_ALT_FINAL', 'RNGFND_GAIN', 'PILOT_ACCEL_Z', 'WP_NAVALT_MIN', 'LAND_ALT_LOW', 'ATC_ANGLE_BOOST', 'ATC_ANG_LIM_TC', 'BCN_ALT', 'EK2_ALT_SOURCE', 'EK2_ALT_M_NSE', 'EK2_WIND_PSCALE', 'EK3_ALT_SOURCE', 'EK3_ALT_M_NSE', 'EK3_WIND_PSCALE', 'FENCE_ALT_MAX', 'PSC_POSZ_P', 'SIM_FLOW_POS_Z', 'GPS_POS1_Z', 'GPS_POS2_Z', 'RNGFND1_POS_Z', 'VISO_POS_Z', 'EK2_VELD_M_NSE', 'GND_ALT_OFFSET', 'PILOT_THR_FILT', 'PILOT_THR_BHV', 'FS_THR_ENABLE', 'FS_THR_VALUE', 'ACRO_THR_MID', 'ATC_THR_MIX_MIN', 'ATC_THR_MIX_MAX', 'ATC_THR_MIX_MAN', 'MOT_BOOST_SCALE', 'MOT_SLEW_UP_TIME', 'MOT_SLEW_DN_TIME', 'ACRO_RP_P', 'ACRO_BAL_ROLL', 'ACRO_RP_EXPO', 'AHRS_TRIM_X', 'ATC_ACCEL_R_MAX', 'ATC_ANG_RLL_P', 'ATC_RATE_R_MAX', 'ATC_RAT_RLL_P', 'ATC_RAT_RLL_I', 'ATC_RAT_RLL_IMAX', 'ATC_RAT_RLL_D', 'ATC_RAT_RLL_FF', 'ATC_RAT_RLL_FLTT', 'ATC_RAT_RLL_FLTE', 'ATC_RAT_RLL_FLTD', 'ATC_RAT_RLL_P', 'ATC_RAT_RLL_I', 'ATC_RAT_RLL_IMAX', 'ATC_RAT_RLL_D', 'ATC_RAT_RLL_FLTT', 'ATC_RAT_RLL_FLTE', 'ATC_RAT_RLL_FLTD']
##### (Start) Read a meta file for user commands #####
##### The name of user commands #####
['Flight_Mode', 'Flight_Mode', 'MAV_CMD_DO_PARACHUTE', 'MAV_CMD_DO_SEND_BANNER', 'MAV_CMD_SET_FACTORY_TEST_MODE', 'MAV_CMD_GIMBAL_RESET', 'MAV_CMD_NAV_WAYPOINT', 'RC1', 'RC2', 'RC3', 'RC4', 'MAV_CMD_NAV_RETURN_TO_LAUNCH', 'MAV_CMD_NAV_TAKEOFF', 'MAV_CMD_NAV_LAND', 'MAV_CMD_NAV_LOITER_TURNS', 'MAV_CMD_NAV_LOITER_TIME', 'MAV_CMD_NAV_SPLINE_WAYPOINT', 'MAV_CMD_NAV_GUIDED_ENABLE', 'MAV_CMD_DO_JUMP', 'MAV_CMD_MISSION_START', 'MAV_CMD_COMPONENT_ARM_DISARM', 'MAV_CMD_CONDITION_DELAY', 'MAV_CMD_CONDITION_DISTANCE', 'MAV_CMD_CONDITION_YAW', 'MAV_CMD_DO_CHANGE_SPEED', 'MAV_CMD_DO_SET_HOME', 'MAV_CMD_DO_SET_SERVO', 'MAV_CMD_DO_SET_RELAY', 'MAV_CMD_DO_REPEAT_SERVO', 'MAV_CMD_DO_REPEAT_RELAY', 'MAV_CMD_DO_DIGICAM_CONFIGURE', 'MAV_CMD_DO_DIGICAM_CONTROL', 'MAV_CMD_DO_SET_CAM_TRIGG_DIST', 'MAV_CMD_DO_SET_ROI', 'MAV_CMD_DO_SET_MODE', 'MAV_CMD_DO_MOUNT_CONTROL', 'MAV_CMD_DO_PARACHUTE', 'MAV_CMD_DO_GRIPPER', 'MAV_CMD_DO_GUIDED_LIMITS', 'MAV_CMD_DO_REPOSITION', 'MAV_CMD_DO_AUTOTUNE_ENABLE', 'MAV_CMD_DO_PAUSE_CONTINUE', 'MAV_CMD_NAV_ALTITUDE_WAIT', 'MAV_CMD_POWER_OFF_INITIATED', 'MAV_CMD_SOLO_BTN_FLY_CLICK', 'MAV_CMD_SOLO_BTN_FLY_HOLD', 'MAV_CMD_SOLO_BTN_PAUSE_CLICK', 'MAV_CMD_FIXED_MAG_CAL', 'MAV_CMD_FIXED_MAG_CAL_FIELD', 'MAV_CMD_FIXED_MAG_CAL_YAW', 'MAV_CMD_DO_START_MAG_CAL', 'MAV_CMD_DO_ACCEPT_MAG_CAL', 'MAV_CMD_DO_CANCEL_MAG_CAL']
['2', '14', '208', '42428', '42427', '42501', '16', '0', '0', '0', '0', '20', '22', '21', '18', '19', '82', '92', '177', '300', '400', '112', '114', '115', '178', '179', '183', '181', '184', '182', '202', '203', '206', '201', '176', '205', '208', '211', '222', '192', '212', '193', '83', '42000', '42001', '42002', '42003', '42004', '42005', '42006', '42424', '42425', '42426']
##### (End) Read a meta file for user commands #####
# Check whether parsing user commands well done or not, received # of params: 53
['Flight_Mode', 'Flight_Mode', 'MAV_CMD_DO_PARACHUTE', 'MAV_CMD_DO_SEND_BANNER', 'MAV_CMD_SET_FACTORY_TEST_MODE', 'MAV_CMD_GIMBAL_RESET', 'MAV_CMD_NAV_WAYPOINT', 'RC1', 'RC2', 'RC3', 'RC4', 'MAV_CMD_NAV_RETURN_TO_LAUNCH', 'MAV_CMD_NAV_TAKEOFF', 'MAV_CMD_NAV_LAND', 'MAV_CMD_NAV_LOITER_TURNS', 'MAV_CMD_NAV_LOITER_TIME', 'MAV_CMD_NAV_SPLINE_WAYPOINT', 'MAV_CMD_NAV_GUIDED_ENABLE', 'MAV_CMD_DO_JUMP', 'MAV_CMD_MISSION_START', 'MAV_CMD_COMPONENT_ARM_DISARM', 'MAV_CMD_CONDITION_DELAY', 'MAV_CMD_CONDITION_DISTANCE', 'MAV_CMD_CONDITION_YAW', 'MAV_CMD_DO_CHANGE_SPEED', 'MAV_CMD_DO_SET_HOME', 'MAV_CMD_DO_SET_SERVO', 'MAV_CMD_DO_SET_RELAY', 'MAV_CMD_DO_REPEAT_SERVO', 'MAV_CMD_DO_REPEAT_RELAY', 'MAV_CMD_DO_DIGICAM_CONFIGURE', 'MAV_CMD_DO_DIGICAM_CONTROL', 'MAV_CMD_DO_SET_CAM_TRIGG_DIST', 'MAV_CMD_DO_SET_ROI', 'MAV_CMD_DO_SET_MODE', 'MAV_CMD_DO_MOUNT_CONTROL', 'MAV_CMD_DO_PARACHUTE', 'MAV_CMD_DO_GRIPPER', 'MAV_CMD_DO_GUIDED_LIMITS', 'MAV_CMD_DO_REPOSITION', 'MAV_CMD_DO_AUTOTUNE_ENABLE', 'MAV_CMD_DO_PAUSE_CONTINUE', 'MAV_CMD_NAV_ALTITUDE_WAIT', 'MAV_CMD_POWER_OFF_INITIATED', 'MAV_CMD_SOLO_BTN_FLY_CLICK', 'MAV_CMD_SOLO_BTN_FLY_HOLD', 'MAV_CMD_SOLO_BTN_PAUSE_CLICK', 'MAV_CMD_FIXED_MAG_CAL', 'MAV_CMD_FIXED_MAG_CAL_FIELD', 'MAV_CMD_FIXED_MAG_CAL_YAW', 'MAV_CMD_DO_START_MAG_CAL', 'MAV_CMD_DO_ACCEPT_MAG_CAL', 'MAV_CMD_DO_CANCEL_MAG_CAL']
##### (Start) Read a meta file for environmental factors #####
##### The name of environmental factors #####
['SIM_WOW_PIN', 'SIM_SPEEDUP', 'SIM_SPR_ENABLE', 'SIM_SPR_PUMP', 'SIM_SPR_SPIN', 'SIM_TA_ENABLE', 'SIM_TEMP_FLIGHT', 'SIM_TEMP_START', 'SIM_TERRAIN', 'SIM_TIDE_DIR', 'SIM_TIDE_SPEED', 'SIM_TWIST_TIME', 'SIM_TWIST_X', 'SIM_TWIST_Z', 'SIM_VIB_FREQ_X', 'SIM_VIB_FREQ_Y', 'SIM_VIB_FREQ_Z', 'SIM_VICON_HSTLEN', 'SIM_WAVE_AMP', 'SIM_WAVE_DIR', 'SIM_WAVE_ENABLE', 'SIM_WIND_DIR', 'SIM_WIND_DIR_Z', 'SIM_WIND_SPD', 'SIM_WIND_T', 'SIM_WIND_TURB', 'SIM_ACC2_BIAS_X', 'SIM_ACC2_BIAS_Y', 'SIM_ACC2_BIAS_Z', 'SIM_ACCEL_FAIL', 'SIM_ACC_BIAS_X', 'SIM_ACC_BIAS_Y', 'SIM_ACC_BIAS_Z', 'SIM_ACC_RND', 'SIM_ADSB_ALT', 'SIM_ADSB_RADIUS', 'SIM_BARO_DISABLE', 'SIM_BARO_DRIFT', 'SIM_BARO_GLITCH', 'SIM_BARO_RND', 'SIM_BATT_VOLTAGE', 'SIM_BAUDLIMIT_EN', 'SIM_BZ_ENABLE', 'SIM_BZ_PIN', 'SIM_DRIFT_SPEED', 'SIM_DRIFT_TIME', 'SIM_ENGINE_FAIL', 'SIM_ENGINE_MUL', 'SIM_FLOAT_EXCEPT', 'SIM_FLOW_DELAY', 'SIM_FLOW_ENABLE', 'SIM_FLOW_POS_X', 'SIM_FLOW_POS_Y', 'SIM_FLOW_POS_Z', 'SIM_FLOW_RATE', 'SIM_FLOW_RND', 'SIM_GND_BEHAV', 'SIM_GPS_ALT_OFS', 'SIM_GPS_BYTELOSS', 'SIM_GPS_DRIFTALT', 'SIM_GPS_GLITCH_Z', 'SIM_GPS_HDG', 'SIM_GPS_LOCKTIME', 'SIM_GPS_NOISE', 'SIM_GPS_NUMSATS', 'SIM_GPS_POS_X', 'SIM_GPS_POS_Y', 'SIM_GPS_POS_Z', 'SIM_GPS_TYPE', 'SIM_GRPE_ENABLE', 'SIM_GRPE_PIN', 'SIM_GYR_SCALE_X', 'SIM_GYR_SCALE_Y', 'SIM_GYR_SCALE_Z', 'SIM_IMU_POS_X', 'SIM_IMU_POS_Y', 'SIM_IMU_POS_Z', 'SIM_LOOP_DELAY', 'SIM_MAG_ALY_HGT', 'SIM_MAG_ALY_X', 'SIM_MAG_ALY_Y', 'SIM_MAG_ALY_Z', 'SIM_MAG_DELAY', 'SIM_MAG_DIA_X', 'SIM_MAG_DIA_Y', 'SIM_MAG_DIA_Z', 'SIM_MAG_ERROR', 'SIM_MAG_MOT_X', 'SIM_MAG_MOT_Y', 'SIM_MAG_MOT_Z', 'SIM_MAG_ODI_X', 'SIM_MAG_ODI_Y', 'SIM_MAG_ODI_Z', 'SIM_MAG_OFS_X', 'SIM_MAG_OFS_Y', 'SIM_MAG_OFS_Z', 'SIM_MAG_ORIENT', 'SIM_MAG_RND', 'SIM_MAG_SCALING', 'SIM_ODOM_ENABLE', 'SIM_OPOS_ALT', 'SIM_PARA_PIN', 'SIM_PIN_MASK', 'SIM_PLD_ALT_LMT', 'SIM_PLD_DIST_LMT', 'SIM_PLD_HEIGHT', 'SIM_PLD_LAT', 'SIM_PLD_LON', 'SIM_PLD_RATE', 'SIM_PLD_TYPE', 'SIM_PLD_YAW', 'SIM_RC_CHANCOUNT', 'SIM_RC_FAIL', 'SIM_SERVO_SPEED', 'SIM_SHOVE_TIME', 'SIM_SHOVE_X', 'SIM_SHOVE_Y', 'SIM_SHOVE_Z', 'SIM_SONAR_GLITCH', 'SIM_SONAR_POS_X', 'SIM_SONAR_POS_Y', 'SIM_SONAR_POS_Z', 'SIM_SONAR_RND', 'SIM_SONAR_SCALE', 'SIM_GYR_RND', 'SIM_GRPS_ENABLE']
##### (End) Read a meta file for environmental factors #####
# Check whether parsing environmental factors well done or not, received # of params: 126
['SIM_WOW_PIN', 'SIM_SPEEDUP', 'SIM_SPR_ENABLE', 'SIM_SPR_PUMP', 'SIM_SPR_SPIN', 'SIM_TA_ENABLE', 'SIM_TEMP_FLIGHT', 'SIM_TEMP_START', 'SIM_TERRAIN', 'SIM_TIDE_DIR', 'SIM_TIDE_SPEED', 'SIM_TWIST_TIME', 'SIM_TWIST_X', 'SIM_TWIST_Z', 'SIM_VIB_FREQ_X', 'SIM_VIB_FREQ_Y', 'SIM_VIB_FREQ_Z', 'SIM_VICON_HSTLEN', 'SIM_WAVE_AMP', 'SIM_WAVE_DIR', 'SIM_WAVE_ENABLE', 'SIM_WIND_DIR', 'SIM_WIND_DIR_Z', 'SIM_WIND_SPD', 'SIM_WIND_T', 'SIM_WIND_TURB', 'SIM_ACC2_BIAS_X', 'SIM_ACC2_BIAS_Y', 'SIM_ACC2_BIAS_Z', 'SIM_ACCEL_FAIL', 'SIM_ACC_BIAS_X', 'SIM_ACC_BIAS_Y', 'SIM_ACC_BIAS_Z', 'SIM_ACC_RND', 'SIM_ADSB_ALT', 'SIM_ADSB_RADIUS', 'SIM_BARO_DISABLE', 'SIM_BARO_DRIFT', 'SIM_BARO_GLITCH', 'SIM_BARO_RND', 'SIM_BATT_VOLTAGE', 'SIM_BAUDLIMIT_EN', 'SIM_BZ_ENABLE', 'SIM_BZ_PIN', 'SIM_DRIFT_SPEED', 'SIM_DRIFT_TIME', 'SIM_ENGINE_FAIL', 'SIM_ENGINE_MUL', 'SIM_FLOAT_EXCEPT', 'SIM_FLOW_DELAY', 'SIM_FLOW_ENABLE', 'SIM_FLOW_POS_X', 'SIM_FLOW_POS_Y', 'SIM_FLOW_POS_Z', 'SIM_FLOW_RATE', 'SIM_FLOW_RND', 'SIM_GND_BEHAV', 'SIM_GPS_ALT_OFS', 'SIM_GPS_BYTELOSS', 'SIM_GPS_DRIFTALT', 'SIM_GPS_GLITCH_Z', 'SIM_GPS_HDG', 'SIM_GPS_LOCKTIME', 'SIM_GPS_NOISE', 'SIM_GPS_NUMSATS', 'SIM_GPS_POS_X', 'SIM_GPS_POS_Y', 'SIM_GPS_POS_Z', 'SIM_GPS_TYPE', 'SIM_GRPE_ENABLE', 'SIM_GRPE_PIN', 'SIM_GYR_SCALE_X', 'SIM_GYR_SCALE_Y', 'SIM_GYR_SCALE_Z', 'SIM_IMU_POS_X', 'SIM_IMU_POS_Y', 'SIM_IMU_POS_Z', 'SIM_LOOP_DELAY', 'SIM_MAG_ALY_HGT', 'SIM_MAG_ALY_X', 'SIM_MAG_ALY_Y', 'SIM_MAG_ALY_Z', 'SIM_MAG_DELAY', 'SIM_MAG_DIA_X', 'SIM_MAG_DIA_Y', 'SIM_MAG_DIA_Z', 'SIM_MAG_ERROR', 'SIM_MAG_MOT_X', 'SIM_MAG_MOT_Y', 'SIM_MAG_MOT_Z', 'SIM_MAG_ODI_X', 'SIM_MAG_ODI_Y', 'SIM_MAG_ODI_Z', 'SIM_MAG_OFS_X', 'SIM_MAG_OFS_Y', 'SIM_MAG_OFS_Z', 'SIM_MAG_ORIENT', 'SIM_MAG_RND', 'SIM_MAG_SCALING', 'SIM_ODOM_ENABLE', 'SIM_OPOS_ALT', 'SIM_PARA_PIN', 'SIM_PIN_MASK', 'SIM_PLD_ALT_LMT', 'SIM_PLD_DIST_LMT', 'SIM_PLD_HEIGHT', 'SIM_PLD_LAT', 'SIM_PLD_LON', 'SIM_PLD_RATE', 'SIM_PLD_TYPE', 'SIM_PLD_YAW', 'SIM_RC_CHANCOUNT', 'SIM_RC_FAIL', 'SIM_SERVO_SPEED', 'SIM_SHOVE_TIME', 'SIM_SHOVE_X', 'SIM_SHOVE_Y', 'SIM_SHOVE_Z', 'SIM_SONAR_GLITCH', 'SIM_SONAR_POS_X', 'SIM_SONAR_POS_Y', 'SIM_SONAR_POS_Z', 'SIM_SONAR_RND', 'SIM_SONAR_SCALE', 'SIM_GYR_RND', 'SIM_GRPS_ENABLE']
#-----------------------------------------------------------------------------
home_altitude: 584.080017
home_lat: -353632622.000000, home_lon: 1491652375.000000
Command is valid (is supported and has valid parameters), and was executed.
Command is valid (is supported and has valid parameters), and was executed.
Command is valid (is supported and has valid parameters), and was executed.
### Next round (0) for fuzzing commands. ###
#---------------------------------A.CHUTE-------------------------------------------
[Distance] P1: -1.000000 P2: -1.000000 P3: -1.000000 P4: 1.000000 P5: 0.000000 
[Distance] Global distance: 1.000000
#-----------------------------------------------------------------------------
#---------------------------------A.RTL1-------------------------------------------
[Distance] P1: 1.000000 P2: 0.000000 P3: -1.000000 P4: 0.000000 
[Distance] Global distance: 1.000000
#-----------------------------------------------------------------------------
#---------------------------------A.RTL2-------------------------------------------
[Distance] P1: -1.000000 P2: 0.000000 P3: 1.000000 P4: -1.000000 P5: 1.000000 
[Distance] Global distance: 1.000000
#-----------------------------------------------------------------------------
#---------------------------------A.RTL3-------------------------------------------
[Distance] P1: -1.000000 P2: 0.000000 P3: -1.000000 P4: 0.000000 
[Distance] Global distance: 1.000000
#-----------------------------------------------------------------------------
#---------------------------------A.RTL4-------------------------------------------
[Distance] P1: -1.000000 P2: 0.000000 P3: 1.000000 
[Distance] Global distance: 1.000000
#-----------------------------------------------------------------------------
#---------------------------------A.FLIP1-------------------------------------------
[Distance] P1: -1.000000 P2: -1.000000 P3: -1.000000 P4: -1.000000 P5: -1.000000 
[Distance] Global distance: 1.000000
#-----------------------------------------------------------------------------
#---------------------------------A.FLIP2-------------------------------------------
[Distance] P1: -1.000000 P2: 1.000000 P3: -1.000000 P4: 1.000000 
[Distance] Global distance: 1.000000
#-----------------------------------------------------------------------------
#---------------------------------A.FLIP3-------------------------------------------
[Distance] P1: -1.000000 P2: 1.000000 P3: 1.000000 P4: 1.000000 
[Distance] Global distance: 1.000000
#-----------------------------------------------------------------------------
#---------------------------------A.FLIP4-------------------------------------------
[Distance] P1: -1.000000 P2: 1.000000 
[Distance] Global distance: 1.000000
#-----------------------------------------------------------------------------
#---------------------------------A.ALT_HOLD1-------------------------------------------
[Distance] P1: 1.000000 P2: -1.000000 P3: -1.000000 
[Distance] Global distance: 1.000000
#-----------------------------------------------------------------------------
#---------------------------------A.ALT_HOLD2-------------------------------------------
[Distance] P1: 1.000000 P2: -1.000000 P3: -1.000000 
[Distance] Global distance: 1.000000
#-----------------------------------------------------------------------------
#---------------------------------A.CIRCLE1-------------------------------------------
[Distance] P1: -1.000000 P2: 0.000000 P3: -1.000000 P4: 0.000000 
[Distance] Global distance: 1.000000
#-----------------------------------------------------------------------------
#---------------------------------A.CIRCLE2-------------------------------------------
[Distance] P1: -1.000000 P2: 0.000000 P3: 0.000000 
[Distance] Global distance: 1.000000
#-----------------------------------------------------------------------------
#---------------------------------A.CIRCLE3-------------------------------------------
[Distance] P1: -1.000000 P2: 0.000000 P3: -1.000000 P4: -1.000000 
[Distance] Global distance: 1.000000
#-----------------------------------------------------------------------------
#---------------------------------A.CIRCLE4-6-------------------------------------------
[Distance] P1: -1.000000 P2: 0.000000 P3: -1.000000 P4: -1.000000 
[Distance] Global distance: 1.000000
#-----------------------------------------------------------------------------
#---------------------------------A.CIRCLE7-------------------------------------------
[Distance] P1: -1.000000 P2: -1.000000 P3: -1.000000 P4: -1.000000 
[Distance] Global distance: 1.000000
#-----------------------------------------------------------------------------
#---------------------------------A.LAND1-------------------------------------------
[Distance] P1: -1.000000 P2: 0.821000 P3: -1.000000 
[Distance] Global distance: 1.000000
#-----------------------------------------------------------------------------
#---------------------------------A.LAND2-------------------------------------------
[Distance] P1: -1.000000 P2: -4.586700 P3: -1.000000 
[Distance] Global distance: 4.586700
#-----------------------------------------------------------------------------
#---------------------------------A.AUTO1-------------------------------------------
[Distance] P1: -1.000000 P2: -1.000000 P3: 1.000000 
[Distance] Global distance: 1.000000
#-----------------------------------------------------------------------------
#---------------------------------A.GPS.FS1-------------------------------------------
[Distance] P1: -1.000000 P2: -1.500000 P3: 1.000000 
[Distance] Global distance: 1.500000
#-----------------------------------------------------------------------------
#---------------------------------A.GPS.FS2-------------------------------------------
[Distance] P1: -1.000000 P2: 1.000000 P3: -1.000000 
[Distance] Global distance: 1.000000
#-----------------------------------------------------------------------------
#---------------------------------A.RC.FS1-------------------------------------------
[Distance] P1: -1.000000 P2: 0.000000 
[Distance] Global distance: 1.000000
#-----------------------------------------------------------------------------
#---------------------------------A.RC.FS2-------------------------------------------
[Distance] P1: 0.000000 P2: 1.000000 
[Distance] Global distance: 0.000000
#-----------------------------------------------------------------------------
#---------------------------------A.SPORT1-------------------------------------------
[Distance] P1: -1.000000 P2: -1.000000 
[Distance] Global distance: 1.000000
#-----------------------------------------------------------------------------
#---------------------------------A.GUIDED1-------------------------------------------
[Distance] P1: -1.000000 P2: 1.000000 P3: -1.000000 P4: -1.000000 P5: -1.000000 
[Distance] Global distance: 1.000000
#-----------------------------------------------------------------------------
#---------------------------------A.LOITER1-------------------------------------------
[Distance] P1: -1.000000 P2: -1.000000 P3: -1.000000 P4: -1.000000 
[Distance] Global distance: 1.000000
#-----------------------------------------------------------------------------
#---------------------------------A.DRIFT1-------------------------------------------
[Distance] P1: -1.000000 P2: -1.000000 P3: -1.000000 
[Distance] Global distance: 1.000000
#-----------------------------------------------------------------------------
#---------------------------------A.BRAKE1-------------------------------------------
[Distance] P1: -1.000000 P2: -1.000000 
[Distance] Global distance: 1.000000
#-----------------------------------------------------------------------------
[Execute_cmd] (MAV_CMD_NAV_LAND, 30,22,17,66,71,88,33)
#---------------------------------A.CHUTE-------------------------------------------
[Distance] P1: -1.000000 P2: -1.000000 P3: -1.000000 P4: 0.786839 P5: 0.000000 
[Distance] Global distance: 1.000000
#-----------------------------------------------------------------------------
#---------------------------------A.RTL1-------------------------------------------
[Distance] P1: 1.000000 P2: 0.000000 P3: -1.000000 P4: -3.691280 
[Distance] Global distance: 3.691280
#-----------------------------------------------------------------------------
#---------------------------------A.RTL2-------------------------------------------
[Distance] P1: -1.000000 P2: 0.000000 P3: 1.000000 P4: 1.000000 P5: 1.000000 
[Distance] Global distance: 1.000000
#-----------------------------------------------------------------------------
#---------------------------------A.RTL3-------------------------------------------
[Distance] P1: -1.000000 P2: 0.000000 P3: -1.000000 P4: -0.000629 
[Distance] Global distance: 1.000000
#-----------------------------------------------------------------------------
#---------------------------------A.RTL4-------------------------------------------
[Distance] P1: -1.000000 P2: 0.000000 P3: 1.000000 
[Distance] Global distance: 1.000000
#-----------------------------------------------------------------------------
#---------------------------------A.FLIP1-------------------------------------------
[Distance] P1: -1.000000 P2: 1.000000 P3: -1.000000 P4: 1.000000 P5: -1.000000 
[Distance] Global distance: 1.000000
#-----------------------------------------------------------------------------
[*Distance*] propositional distance 2 is increased (input: MAV_CMD_NAV_LAND, 30,22,17,66,71,88,33)
[write_guidance_log] appending: MAV_CMD_NAV_LAND 30,22,17,66,71,88,33 2 2

[*Distance*] propositional distance 4 is increased (input: MAV_CMD_NAV_LAND, 30,22,17,66,71,88,33)
[write_guidance_log] appending: MAV_CMD_NAV_LAND 30,22,17,66,71,88,33 4 2

#---------------------------------A.FLIP2-------------------------------------------
[Distance] P1: -1.000000 P2: 1.000000 P3: -1.000000 P4: 1.000000 
[Distance] Global distance: 1.000000
#-----------------------------------------------------------------------------
#---------------------------------A.FLIP3-------------------------------------------
[Distance] P1: -1.000000 P2: 1.000000 P3: 1.000000 P4: 1.000000 
[Distance] Global distance: 1.000000
#-----------------------------------------------------------------------------
#---------------------------------A.FLIP4-------------------------------------------
[Distance] P1: -1.000000 P2: 1.000000 
[Distance] Global distance: 1.000000
#-----------------------------------------------------------------------------
#---------------------------------A.ALT_HOLD1-------------------------------------------
[Distance] P1: 1.000000 P2: -1.000000 P3: -1.000000 
[Distance] Global distance: 1.000000
#-----------------------------------------------------------------------------
#---------------------------------A.ALT_HOLD2-------------------------------------------
[Distance] P1: -1.000000 P2: 1.000000 P3: -1.000000 
[Distance] Global distance: 1.000000
#-----------------------------------------------------------------------------
#---------------------------------A.CIRCLE1-------------------------------------------
[Distance] P1: -1.000000 P2: 0.000000 P3: -1.000000 P4: 0.000000 
[Distance] Global distance: 1.000000
#-----------------------------------------------------------------------------
#---------------------------------A.CIRCLE2-------------------------------------------
[Distance] P1: -1.000000 P2: 0.000000 P3: 0.000000 
[Distance] Global distance: 1.000000
#-----------------------------------------------------------------------------
#---------------------------------A.CIRCLE3-------------------------------------------
[Distance] P1: -1.000000 P2: 0.000000 P3: -1.000000 P4: -1.000000 
[Distance] Global distance: 1.000000
#-----------------------------------------------------------------------------
#---------------------------------A.CIRCLE4-6-------------------------------------------
[Distance] P1: -1.000000 P2: 0.000000 P3: -1.000000 P4: -1.000000 
[Distance] Global distance: 1.000000
#-----------------------------------------------------------------------------
#---------------------------------A.CIRCLE7-------------------------------------------
[Distance] P1: -1.000000 P2: -1.000000 P3: -1.000000 P4: -1.000000 
[Distance] Global distance: 1.000000
#-----------------------------------------------------------------------------
#---------------------------------A.LAND1-------------------------------------------
[Distance] P1: 1.000000 P2: 0.267560 P3: 1.000000 
[Distance] Global distance: -0.267560
#-----------------------------------------------------------------------------
***************Policy violation!***************
***************Policy violation!***************
***************Policy violation!***************
#---------------------------------A.LAND2-------------------------------------------
[Distance] P1: 1.000000 P2: 0.331500 P3: 1.000000 
[Distance] Global distance: -0.331500
#-----------------------------------------------------------------------------
***************Policy violation!***************
***************Policy violation!***************
***************Policy violation!***************
#---------------------------------A.AUTO1-------------------------------------------
[Distance] P1: -1.000000 P2: -1.000000 P3: 1.000000 
[Distance] Global distance: 1.000000
#-----------------------------------------------------------------------------
#---------------------------------A.GPS.FS1-------------------------------------------
[Distance] P1: -1.000000 P2: -1.500000 P3: 1.000000 
[Distance] Global distance: 1.500000
#-----------------------------------------------------------------------------
#---------------------------------A.GPS.FS2-------------------------------------------
[Distance] P1: -1.000000 P2: 1.000000 P3: -1.000000 
[Distance] Global distance: 1.000000
#-----------------------------------------------------------------------------
[status_text] SIM Hit ground at 0.499813 m/s
#---------------------------------A.RC.FS1-------------------------------------------
[Distance] P1: -1.000000 P2: 0.000000 
[Distance] Global distance: 1.000000
#-----------------------------------------------------------------------------
[status_text] Disarming motors
#---------------------------------A.RC.FS2-------------------------------------------
[Distance] P1: 0.000000 P2: 1.000000 
[Distance] Global distance: 0.000000
#-----------------------------------------------------------------------------
#---------------------------------A.SPORT1-------------------------------------------
[Distance] P1: -1.000000 P2: -1.000000 
[Distance] Global distance: 1.000000
#-----------------------------------------------------------------------------
#---------------------------------A.GUIDED1-------------------------------------------
[Distance] P1: -1.000000 P2: 1.000000 P3: -1.000000 P4: -1.000000 P5: -1.000000 
[Distance] Global distance: 1.000000
#-----------------------------------------------------------------------------
#---------------------------------A.LOITER1-------------------------------------------
[Distance] P1: -1.000000 P2: -1.000000 P3: -1.000000 P4: -1.000000 
[Distance] Global distance: 1.000000
#-----------------------------------------------------------------------------
#---------------------------------A.DRIFT1-------------------------------------------
[Distance] P1: -1.000000 P2: -1.000000 P3: -1.000000 
[Distance] Global distance: 1.000000
#-----------------------------------------------------------------------------
#---------------------------------A.BRAKE1-------------------------------------------
[Distance] P1: -1.000000 P2: -1.000000 
[Distance] Global distance: 1.000000
#-----------------------------------------------------------------------------
[Debug] drone_status:3
[Debug] *the drone hits ground*
### Vehicle is grounded, Home alt:584.080017, Current alt:584.140015
#-----------------------------------------------------------------------------
#-----------------------------------------------------------------------------
#------------------------- RE-LAUNCH the vehicle -----------------------------
#-----------------------------------------------------------------------------
#-----------------------------------------------------------------------------
[re-launch] min_thr:975, target throttle:995
[status_text] Barometer 1 calibration complete
[status_text] Barometer 2 calibration complete
[status_text] ArduCopter V4.7.0-dev (5d1ba8b7)
[status_text] dd03222bd09f449b9f0cba82463dbf03
[status_text] Frame: QUAD/PLUS
[status_text] ArduPilot Ready
[status_text] AHRS: DCM active
[status_text] RC7: SaveWaypoint LOW
[status_text] EKF3 IMU0 initialised
[status_text] EKF3 IMU1 initialised
[status_text] AHRS: EKF3 active
[status_text] EKF3 IMU0 tilt alignment complete
[status_text] EKF3 IMU1 tilt alignment complete
[status_text] EKF3 IMU0 MAG0 initial yaw alignment complete
[status_text] EKF3 IMU1 MAG0 initial yaw alignment complete
[status_text] GPS 1: probing for u-blox at 230400 baud
[status_text] GPS 1: detected u-blox
[status_text] EKF3 IMU0 origin set
[status_text] Field Elevation Set: 584m
[status_text] EKF3 IMU1 origin set
[status_text] EKF3 IMU0 is using GPS
[status_text] EKF3 IMU1 is using GPS
[status_text] Arming motors
[status_text] EKF3 IMU0 MAG0 in-flight yaw alignment complete
[status_text] EKF3 IMU1 MAG0 in-flight yaw alignment complete
### Next round (0) for fuzzing commands. ###
#---------------------------------A.CHUTE-------------------------------------------
[Distance] P1: -1.000000 P2: -1.000000 P3: -1.000000 P4: -3.348371 P5: 0.000000 
[Distance] Global distance: 1.000000
#-----------------------------------------------------------------------------
#---------------------------------A.RTL1-------------------------------------------
[Distance] P1: 1.000000 P2: 0.000000 P3: -1.000000 P4: 0.770029 
[Distance] Global distance: 1.000000
#-----------------------------------------------------------------------------
#---------------------------------A.RTL2-------------------------------------------
[Distance] P1: -1.000000 P2: 0.000000 P3: 1.000000 P4: 1.000000 P5: 1.000000 
[Distance] Global distance: 1.000000
#-----------------------------------------------------------------------------
#---------------------------------A.RTL3-------------------------------------------
[Distance] P1: -1.000000 P2: 0.000000 P3: -1.000000 P4: 0.000937 
[Distance] Global distance: 1.000000
#-----------------------------------------------------------------------------
#---------------------------------A.RTL4-------------------------------------------
[Distance] P1: -1.000000 P2: 0.000000 P3: 1.000000 
[Distance] Global distance: 1.000000
#-----------------------------------------------------------------------------
#---------------------------------A.FLIP1-------------------------------------------
[Distance] P1: -1.000000 P2: 1.000000 P3: -1.000000 P4: -1.000000 P5: -1.000000 
[Distance] Global distance: 1.000000
#-----------------------------------------------------------------------------
#---------------------------------A.FLIP2-------------------------------------------
[Distance] P1: -1.000000 P2: 1.000000 P3: -1.000000 P4: 1.000000 
[Distance] Global distance: 1.000000
#-----------------------------------------------------------------------------
#---------------------------------A.FLIP3-------------------------------------------
[Distance] P1: -1.000000 P2: 1.000000 P3: 1.000000 P4: 1.000000 
[Distance] Global distance: 1.000000
#-----------------------------------------------------------------------------
#---------------------------------A.FLIP4-------------------------------------------
[Distance] P1: -1.000000 P2: 1.000000 
[Distance] Global distance: 1.000000
#-----------------------------------------------------------------------------
#---------------------------------A.ALT_HOLD1-------------------------------------------
[Distance] P1: 1.000000 P2: -1.000000 P3: -1.000000 
[Distance] Global distance: 1.000000
#-----------------------------------------------------------------------------
#---------------------------------A.ALT_HOLD2-------------------------------------------
[Distance] P1: -1.000000 P2: -1.000000 P3: -1.000000 
[Distance] Global distance: 1.000000
#-----------------------------------------------------------------------------
#---------------------------------A.CIRCLE1-------------------------------------------
[Distance] P1: -1.000000 P2: 0.000000 P3: -1.000000 P4: 0.000000 
[Distance] Global distance: 1.000000
#-----------------------------------------------------------------------------
#---------------------------------A.CIRCLE2-------------------------------------------
[Distance] P1: -1.000000 P2: 0.000000 P3: 0.000000 
[Distance] Global distance: 1.000000
#-----------------------------------------------------------------------------
#---------------------------------A.CIRCLE3-------------------------------------------
[Distance] P1: -1.000000 P2: 0.000000 P3: -1.000000 P4: -1.000000 
[Distance] Global distance: 1.000000
#-----------------------------------------------------------------------------
#---------------------------------A.CIRCLE4-6-------------------------------------------
[Distance] P1: -1.000000 P2: 0.000000 P3: -1.000000 P4: -1.000000 
[Distance] Global distance: 1.000000
#-----------------------------------------------------------------------------
#---------------------------------A.CIRCLE7-------------------------------------------
[Distance] P1: -1.000000 P2: -1.000000 P3: -1.000000 P4: -1.000000 
[Distance] Global distance: 1.000000
#-----------------------------------------------------------------------------
#---------------------------------A.LAND1-------------------------------------------
[Distance] P1: -1.000000 P2: 0.899998 P3: -1.000000 
[Distance] Global distance: 1.000000
#-----------------------------------------------------------------------------
#---------------------------------A.LAND2-------------------------------------------
[Distance] P1: -1.000000 P2: -9.000100 P3: -1.000000 
[Distance] Global distance: 9.000100
#-----------------------------------------------------------------------------
#---------------------------------A.AUTO1-------------------------------------------
[Distance] P1: -1.000000 P2: -1.000000 P3: 1.000000 
[Distance] Global distance: 1.000000
#-----------------------------------------------------------------------------
#---------------------------------A.GPS.FS1-------------------------------------------
[Distance] P1: 1.000000 P2: -1.500000 P3: 1.000000 
[Distance] Global distance: 1.500000
#-----------------------------------------------------------------------------
#---------------------------------A.GPS.FS2-------------------------------------------
[Distance] P1: -1.000000 P2: 1.000000 P3: -1.000000 
[Distance] Global distance: 1.000000
#-----------------------------------------------------------------------------
#---------------------------------A.RC.FS1-------------------------------------------
[Distance] P1: -1.000000 P2: 0.000000 
[Distance] Global distance: 1.000000
#-----------------------------------------------------------------------------
#---------------------------------A.RC.FS2-------------------------------------------
[Distance] P1: 0.000000 P2: 1.000000 
[Distance] Global distance: 0.000000
#-----------------------------------------------------------------------------
#---------------------------------A.SPORT1-------------------------------------------
[Distance] P1: -1.000000 P2: -1.000000 
[Distance] Global distance: 1.000000
#-----------------------------------------------------------------------------
#---------------------------------A.GUIDED1-------------------------------------------
[Distance] P1: 1.000000 P2: 1.000000 P3: -1.000000 P4: -1.000000 P5: -1.000000 
[Distance] Global distance: 1.000000
#-----------------------------------------------------------------------------
#---------------------------------A.LOITER1-------------------------------------------
[Distance] P1: -1.000000 P2: -1.000000 P3: -1.000000 P4: -1.000000 
[Distance] Global distance: 1.000000
#-----------------------------------------------------------------------------
#---------------------------------A.DRIFT1-------------------------------------------
[Distance] P1: -1.000000 P2: -1.000000 P3: -1.000000 
[Distance] Global distance: 1.000000
#-----------------------------------------------------------------------------
#---------------------------------A.BRAKE1-------------------------------------------
[Distance] P1: -1.000000 P2: -1.000000 
[Distance] Global distance: 1.000000
#-----------------------------------------------------------------------------
[Execute_env] (SIM_FLOW_DELAY, 75.18762835906746)
#---------------------------------A.CHUTE-------------------------------------------
[Distance] P1: -1.000000 P2: -1.000000 P3: -1.000000 P4: 0.864432 P5: 0.000000 
[Distance] Global distance: 1.000000
#-----------------------------------------------------------------------------
#---------------------------------A.RTL1-------------------------------------------
[Distance] P1: 1.000000 P2: 0.000000 P3: -1.000000 P4: -6.376368 
[Distance] Global distance: 6.376368
#-----------------------------------------------------------------------------
#---------------------------------A.RTL2-------------------------------------------
[Distance] P1: -1.000000 P2: 0.000000 P3: 1.000000 P4: 1.000000 P5: 1.000000 
[Distance] Global distance: 1.000000
#-----------------------------------------------------------------------------
#---------------------------------A.RTL3-------------------------------------------
[Distance] P1: -1.000000 P2: 0.000000 P3: -1.000000 P4: 0.000000 
[Distance] Global distance: 1.000000
#-----------------------------------------------------------------------------
#---------------------------------A.RTL4-------------------------------------------
[Distance] P1: -1.000000 P2: 0.000000 P3: 1.000000 
[Distance] Global distance: 1.000000
#-----------------------------------------------------------------------------
#---------------------------------A.FLIP1-------------------------------------------
[Distance] P1: -1.000000 P2: 1.000000 P3: -1.000000 P4: -1.000000 P5: -1.000000 
[Distance] Global distance: 1.000000
#-----------------------------------------------------------------------------
#---------------------------------A.FLIP2-------------------------------------------
[Distance] P1: -1.000000 P2: 1.000000 P3: -1.000000 P4: 1.000000 
[Distance] Global distance: 1.000000
#-----------------------------------------------------------------------------
#---------------------------------A.FLIP3-------------------------------------------
[Distance] P1: -1.000000 P2: 1.000000 P3: 1.000000 P4: 1.000000 
[Distance] Global distance: 1.000000
#-----------------------------------------------------------------------------
#---------------------------------A.FLIP4-------------------------------------------
[Distance] P1: -1.000000 P2: 1.000000 
[Distance] Global distance: 1.000000
#-----------------------------------------------------------------------------
#---------------------------------A.ALT_HOLD1-------------------------------------------
[Distance] P1: 1.000000 P2: -1.000000 P3: -1.000000 
[Distance] Global distance: 1.000000
#-----------------------------------------------------------------------------
#---------------------------------A.ALT_HOLD2-------------------------------------------
[Distance] P1: -1.000000 P2: -1.000000 P3: -1.000000 
[Distance] Global distance: 1.000000
#-----------------------------------------------------------------------------
#---------------------------------A.CIRCLE1-------------------------------------------
[Distance] P1: -1.000000 P2: 0.000000 P3: -1.000000 P4: 0.000000 
[Distance] Global distance: 1.000000
#-----------------------------------------------------------------------------
#---------------------------------A.CIRCLE2-------------------------------------------
[Distance] P1: -1.000000 P2: 0.000000 P3: 0.000000 
[Distance] Global distance: 1.000000
#-----------------------------------------------------------------------------
#---------------------------------A.CIRCLE3-------------------------------------------
[Distance] P1: -1.000000 P2: 0.000000 P3: -1.000000 P4: -1.000000 
[Distance] Global distance: 1.000000
#-----------------------------------------------------------------------------
#---------------------------------A.CIRCLE4-6-------------------------------------------
[Distance] P1: -1.000000 P2: 0.000000 P3: -1.000000 P4: -1.000000 
[Distance] Global distance: 1.000000
#-----------------------------------------------------------------------------
#---------------------------------A.CIRCLE7-------------------------------------------
[Distance] P1: -1.000000 P2: -1.000000 P3: -1.000000 P4: -1.000000 
[Distance] Global distance: 1.000000
#-----------------------------------------------------------------------------
#---------------------------------A.LAND1-------------------------------------------
[Distance] P1: -1.000000 P2: 0.900001 P3: -1.000000 
[Distance] Global distance: 1.000000
#-----------------------------------------------------------------------------
#---------------------------------A.LAND2-------------------------------------------
[Distance] P1: -1.000000 P2: -9.000100 P3: -1.000000 
[Distance] Global distance: 9.000100
#-----------------------------------------------------------------------------
#---------------------------------A.AUTO1-------------------------------------------
[Distance] P1: -1.000000 P2: -1.000000 P3: 1.000000 
[Distance] Global distance: 1.000000
#-----------------------------------------------------------------------------
#---------------------------------A.GPS.FS1-------------------------------------------
[Distance] P1: 1.000000 P2: -1.500000 P3: 1.000000 
[Distance] Global distance: 1.500000
#-----------------------------------------------------------------------------
#---------------------------------A.GPS.FS2-------------------------------------------
[Distance] P1: -1.000000 P2: 1.000000 P3: -1.000000 
[Distance] Global distance: 1.000000
#-----------------------------------------------------------------------------
#---------------------------------A.RC.FS1-------------------------------------------
[Distance] P1: -1.000000 P2: 0.000000 
[Distance] Global distance: 1.000000
#-----------------------------------------------------------------------------
#---------------------------------A.RC.FS2-------------------------------------------
[Distance] P1: 0.000000 P2: 1.000000 
[Distance] Global distance: 0.000000
#-----------------------------------------------------------------------------
#---------------------------------A.SPORT1-------------------------------------------
[Distance] P1: -1.000000 P2: -1.000000 
[Distance] Global distance: 1.000000
#-----------------------------------------------------------------------------
#---------------------------------A.GUIDED1-------------------------------------------
[Distance] P1: 1.000000 P2: 1.000000 P3: -1.000000 P4: -1.000000 P5: -1.000000 
[Distance] Global distance: 1.000000
#-----------------------------------------------------------------------------
#---------------------------------A.LOITER1-------------------------------------------
[Distance] P1: -1.000000 P2: -1.000000 P3: -1.000000 P4: -1.000000 
[Distance] Global distance: 1.000000
#-----------------------------------------------------------------------------
#---------------------------------A.DRIFT1-------------------------------------------
[Distance] P1: -1.000000 P2: -1.000000 P3: -1.000000 
[Distance] Global distance: 1.000000
#-----------------------------------------------------------------------------
#---------------------------------A.BRAKE1-------------------------------------------
[Distance] P1: -1.000000 P2: -1.000000 
[Distance] Global distance: 1.000000
#-----------------------------------------------------------------------------
### Next round (1) for fuzzing commands. ###
#---------------------------------A.CHUTE-------------------------------------------
[Distance] P1: -1.000000 P2: -1.000000 P3: -1.000000 P4: 0.059488 P5: 0.000000 
[Distance] Global distance: 1.000000
#-----------------------------------------------------------------------------
#---------------------------------A.RTL1-------------------------------------------
[Distance] P1: 1.000000 P2: 0.000000 P3: -1.000000 P4: -0.063251 
[Distance] Global distance: 1.000000
#-----------------------------------------------------------------------------
#---------------------------------A.RTL2-------------------------------------------
[Distance] P1: -1.000000 P2: 0.000000 P3: 1.000000 P4: 1.000000 P5: 1.000000 
[Distance] Global distance: 1.000000
#-----------------------------------------------------------------------------
#---------------------------------A.RTL3-------------------------------------------
[Distance] P1: -1.000000 P2: 0.000000 P3: -1.000000 P4: 0.000000 
[Distance] Global distance: 1.000000
#-----------------------------------------------------------------------------
#---------------------------------A.RTL4-------------------------------------------
[Distance] P1: -1.000000 P2: 0.000000 P3: 1.000000 
[Distance] Global distance: 1.000000
#-----------------------------------------------------------------------------
#---------------------------------A.FLIP1-------------------------------------------
[Distance] P1: -1.000000 P2: 1.000000 P3: -1.000000 P4: -1.000000 P5: -1.000000 
[Distance] Global distance: 1.000000
#-----------------------------------------------------------------------------
#---------------------------------A.FLIP2-------------------------------------------
[Distance] P1: -1.000000 P2: 1.000000 P3: -1.000000 P4: 1.000000 
[Distance] Global distance: 1.000000
#-----------------------------------------------------------------------------
#---------------------------------A.FLIP3-------------------------------------------
[Distance] P1: -1.000000 P2: 1.000000 P3: 1.000000 P4: 1.000000 
[Distance] Global distance: 1.000000
#-----------------------------------------------------------------------------
#---------------------------------A.FLIP4-------------------------------------------
[Distance] P1: -1.000000 P2: 1.000000 
[Distance] Global distance: 1.000000
#-----------------------------------------------------------------------------
#---------------------------------A.ALT_HOLD1-------------------------------------------
[Distance] P1: 1.000000 P2: -1.000000 P3: -1.000000 
[Distance] Global distance: 1.000000
#-----------------------------------------------------------------------------
#---------------------------------A.ALT_HOLD2-------------------------------------------
[Distance] P1: -1.000000 P2: -1.000000 P3: -1.000000 
[Distance] Global distance: 1.000000
#-----------------------------------------------------------------------------
#---------------------------------A.CIRCLE1-------------------------------------------
[Distance] P1: -1.000000 P2: 0.000000 P3: -1.000000 P4: 0.000000 
[Distance] Global distance: 1.000000
#-----------------------------------------------------------------------------
#---------------------------------A.CIRCLE2-------------------------------------------
[Distance] P1: -1.000000 P2: 0.000000 P3: 0.000000 
[Distance] Global distance: 1.000000
#-----------------------------------------------------------------------------
#---------------------------------A.CIRCLE3-------------------------------------------
[Distance] P1: -1.000000 P2: 0.000000 P3: -1.000000 P4: -1.000000 
[Distance] Global distance: 1.000000
#-----------------------------------------------------------------------------
#---------------------------------A.CIRCLE4-6-------------------------------------------
[Distance] P1: -1.000000 P2: 0.000000 P3: -1.000000 P4: -1.000000 
[Distance] Global distance: 1.000000
#-----------------------------------------------------------------------------
#---------------------------------A.CIRCLE7-------------------------------------------
[Distance] P1: -1.000000 P2: -1.000000 P3: -1.000000 P4: -1.000000 
[Distance] Global distance: 1.000000
#-----------------------------------------------------------------------------
#---------------------------------A.LAND1-------------------------------------------
[Distance] P1: -1.000000 P2: 0.900000 P3: -1.000000 
[Distance] Global distance: 1.000000
#-----------------------------------------------------------------------------
#---------------------------------A.LAND2-------------------------------------------
[Distance] P1: -1.000000 P2: -9.000000 P3: -1.000000 
[Distance] Global distance: 9.000000
#-----------------------------------------------------------------------------
#---------------------------------A.AUTO1-------------------------------------------
[Distance] P1: -1.000000 P2: -1.000000 P3: 1.000000 
[Distance] Global distance: 1.000000
#-----------------------------------------------------------------------------
#---------------------------------A.GPS.FS1-------------------------------------------
[Distance] P1: 1.000000 P2: -1.500000 P3: 1.000000 
[Distance] Global distance: 1.500000
#-----------------------------------------------------------------------------
#---------------------------------A.GPS.FS2-------------------------------------------
[Distance] P1: -1.000000 P2: 1.000000 P3: -1.000000 
[Distance] Global distance: 1.000000
#-----------------------------------------------------------------------------
#---------------------------------A.RC.FS1-------------------------------------------
[Distance] P1: -1.000000 P2: 0.000000 
[Distance] Global distance: 1.000000
#-----------------------------------------------------------------------------
#---------------------------------A.RC.FS2-------------------------------------------
[Distance] P1: 0.000000 P2: 1.000000 
[Distance] Global distance: 0.000000
#-----------------------------------------------------------------------------
#---------------------------------A.SPORT1-------------------------------------------
[Distance] P1: -1.000000 P2: -1.000000 
[Distance] Global distance: 1.000000
#-----------------------------------------------------------------------------
#---------------------------------A.GUIDED1-------------------------------------------
[Distance] P1: 1.000000 P2: 1.000000 P3: -1.000000 P4: -1.000000 P5: -1.000000 
[Distance] Global distance: 1.000000
#-----------------------------------------------------------------------------
#---------------------------------A.LOITER1-------------------------------------------
[Distance] P1: -1.000000 P2: -1.000000 P3: -1.000000 P4: -1.000000 
[Distance] Global distance: 1.000000
#-----------------------------------------------------------------------------
#---------------------------------A.DRIFT1-------------------------------------------
[Distance] P1: -1.000000 P2: -1.000000 P3: -1.000000 
[Distance] Global distance: 1.000000
#-----------------------------------------------------------------------------
#---------------------------------A.BRAKE1-------------------------------------------
[Distance] P1: -1.000000 P2: -1.000000 
[Distance] Global distance: 1.000000
#-----------------------------------------------------------------------------
[Execute_cmd] (RC2, 1300)
#---------------------------------A.CHUTE-------------------------------------------
[Distance] P1: -1.000000 P2: -1.000000 P3: -1.000000 P4: 0.000000 P5: 0.000000 
[Distance] Global distance: 1.000000
#-----------------------------------------------------------------------------
#---------------------------------A.RTL1-------------------------------------------
[Distance] P1: 1.000000 P2: 0.000000 P3: -1.000000 P4: 0.000000 
[Distance] Global distance: 1.000000
#-----------------------------------------------------------------------------
#---------------------------------A.RTL2-------------------------------------------
[Distance] P1: -1.000000 P2: 0.000000 P3: 1.000000 P4: 1.000000 P5: -1.000000 
[Distance] Global distance: 1.000000
#-----------------------------------------------------------------------------
#---------------------------------A.RTL3-------------------------------------------
[Distance] P1: -1.000000 P2: 0.000000 P3: -1.000000 P4: 0.000000 
[Distance] Global distance: 1.000000
#-----------------------------------------------------------------------------
#---------------------------------A.RTL4-------------------------------------------
[Distance] P1: -1.000000 P2: 0.000000 P3: 1.000000 
[Distance] Global distance: 1.000000
#-----------------------------------------------------------------------------
#---------------------------------A.FLIP1-------------------------------------------
[Distance] P1: -1.000000 P2: 1.000000 P3: -1.000000 P4: -1.000000 P5: -1.000000 
[Distance] Global distance: 1.000000
#-----------------------------------------------------------------------------
#---------------------------------A.FLIP2-------------------------------------------
[Distance] P1: -1.000000 P2: 1.000000 P3: -1.000000 P4: 1.000000 
[Distance] Global distance: 1.000000
#-----------------------------------------------------------------------------
#---------------------------------A.FLIP3-------------------------------------------
[Distance] P1: -1.000000 P2: 1.000000 P3: 1.000000 P4: 1.000000 
[Distance] Global distance: 1.000000
#-----------------------------------------------------------------------------
#---------------------------------A.FLIP4-------------------------------------------
[Distance] P1: -1.000000 P2: 1.000000 
[Distance] Global distance: 1.000000
#-----------------------------------------------------------------------------
#---------------------------------A.ALT_HOLD1-------------------------------------------
[Distance] P1: 1.000000 P2: -1.000000 P3: -1.000000 
[Distance] Global distance: 1.000000
#-----------------------------------------------------------------------------
#---------------------------------A.ALT_HOLD2-------------------------------------------
[Distance] P1: -1.000000 P2: -1.000000 P3: -1.000000 
[Distance] Global distance: 1.000000
#-----------------------------------------------------------------------------
#---------------------------------A.CIRCLE1-------------------------------------------
[Distance] P1: -1.000000 P2: 0.000000 P3: -1.000000 P4: 0.000000 
[Distance] Global distance: 1.000000
#-----------------------------------------------------------------------------
#---------------------------------A.CIRCLE2-------------------------------------------
[Distance] P1: -1.000000 P2: 0.000000 P3: 0.000000 
[Distance] Global distance: 1.000000
#-----------------------------------------------------------------------------
#---------------------------------A.CIRCLE3-------------------------------------------
[Distance] P1: -1.000000 P2: 0.000000 P3: -1.000000 P4: -1.000000 
[Distance] Global distance: 1.000000
#-----------------------------------------------------------------------------
#---------------------------------A.CIRCLE4-6-------------------------------------------
[Distance] P1: -1.000000 P2: 0.000000 P3: -1.000000 P4: -1.000000 
[Distance] Global distance: 1.000000
#-----------------------------------------------------------------------------
#---------------------------------A.CIRCLE7-------------------------------------------
[Distance] P1: -1.000000 P2: -1.000000 P3: -1.000000 P4: -1.000000 
[Distance] Global distance: 1.000000
#-----------------------------------------------------------------------------
#---------------------------------A.LAND1-------------------------------------------
[Distance] P1: -1.000000 P2: 0.900001 P3: -1.000000 
[Distance] Global distance: 1.000000
#-----------------------------------------------------------------------------
#---------------------------------A.LAND2-------------------------------------------
[Distance] P1: -1.000000 P2: -9.000100 P3: -1.000000 
[Distance] Global distance: 9.000100
#-----------------------------------------------------------------------------
#---------------------------------A.AUTO1-------------------------------------------
[Distance] P1: -1.000000 P2: -1.000000 P3: 1.000000 
[Distance] Global distance: 1.000000
#-----------------------------------------------------------------------------
#---------------------------------A.GPS.FS1-------------------------------------------
[Distance] P1: 1.000000 P2: -1.500000 P3: 1.000000 
[Distance] Global distance: 1.500000
#-----------------------------------------------------------------------------
#---------------------------------A.GPS.FS2-------------------------------------------
[Distance] P1: -1.000000 P2: 1.000000 P3: -1.000000 
[Distance] Global distance: 1.000000
#-----------------------------------------------------------------------------
#---------------------------------A.RC.FS1-------------------------------------------
[Distance] P1: -1.000000 P2: 0.000000 
[Distance] Global distance: 1.000000
#-----------------------------------------------------------------------------
#---------------------------------A.RC.FS2-------------------------------------------
[Distance] P1: 0.000000 P2: 1.000000 
[Distance] Global distance: 0.000000
#-----------------------------------------------------------------------------
#---------------------------------A.SPORT1-------------------------------------------
[Distance] P1: -1.000000 P2: -1.000000 
[Distance] Global distance: 1.000000
#-----------------------------------------------------------------------------
#---------------------------------A.GUIDED1-------------------------------------------
[Distance] P1: 1.000000 P2: 1.000000 P3: -1.000000 P4: -1.000000 P5: -1.000000 
[Distance] Global distance: 1.000000
#-----------------------------------------------------------------------------
#---------------------------------A.LOITER1-------------------------------------------
[Distance] P1: -1.000000 P2: -1.000000 P3: -1.000000 P4: -1.000000 
[Distance] Global distance: 1.000000
#-----------------------------------------------------------------------------
#---------------------------------A.DRIFT1-------------------------------------------
[Distance] P1: -1.000000 P2: -1.000000 P3: -1.000000 
[Distance] Global distance: 1.000000
#-----------------------------------------------------------------------------
#---------------------------------A.BRAKE1-------------------------------------------
[Distance] P1: -1.000000 P2: -1.000000 
[Distance] Global distance: 1.000000
#-----------------------------------------------------------------------------
### Next round (2) for fuzzing commands. ###
#---------------------------------A.CHUTE-------------------------------------------
[Distance] P1: -1.000000 P2: -1.000000 P3: -1.000000 P4: 0.000000 P5: 0.000000 
[Distance] Global distance: 1.000000
#-----------------------------------------------------------------------------
#---------------------------------A.RTL1-------------------------------------------
[Distance] P1: 1.000000 P2: 0.000000 P3: -1.000000 P4: 0.000000 
[Distance] Global distance: 1.000000
#-----------------------------------------------------------------------------
#---------------------------------A.RTL2-------------------------------------------
[Distance] P1: -1.000000 P2: 0.000000 P3: 1.000000 P4: 1.000000 P5: -1.000000 
[Distance] Global distance: 1.000000
#-----------------------------------------------------------------------------
#---------------------------------A.RTL3-------------------------------------------
[Distance] P1: -1.000000 P2: 0.000000 P3: -1.000000 P4: 0.000000 
[Distance] Global distance: 1.000000
#-----------------------------------------------------------------------------
#---------------------------------A.RTL4-------------------------------------------
[Distance] P1: -1.000000 P2: 0.000000 P3: 1.000000 
[Distance] Global distance: 1.000000
#-----------------------------------------------------------------------------
#---------------------------------A.FLIP1-------------------------------------------
[Distance] P1: -1.000000 P2: 1.000000 P3: -1.000000 P4: -1.000000 P5: -1.000000 
[Distance] Global distance: 1.000000
#-----------------------------------------------------------------------------
#---------------------------------A.FLIP2-------------------------------------------
[Distance] P1: -1.000000 P2: 1.000000 P3: -1.000000 P4: 1.000000 
[Distance] Global distance: 1.000000
#-----------------------------------------------------------------------------
#---------------------------------A.FLIP3-------------------------------------------
[Distance] P1: -1.000000 P2: 1.000000 P3: 1.000000 P4: 1.000000 
[Distance] Global distance: 1.000000
#-----------------------------------------------------------------------------
#---------------------------------A.FLIP4-------------------------------------------
[Distance] P1: -1.000000 P2: 1.000000 
[Distance] Global distance: 1.000000
#-----------------------------------------------------------------------------
#---------------------------------A.ALT_HOLD1-------------------------------------------
[Distance] P1: 1.000000 P2: -1.000000 P3: -1.000000 
[Distance] Global distance: 1.000000
#-----------------------------------------------------------------------------
#---------------------------------A.ALT_HOLD2-------------------------------------------
[Distance] P1: -1.000000 P2: -1.000000 P3: -1.000000 
[Distance] Global distance: 1.000000
#-----------------------------------------------------------------------------
#---------------------------------A.CIRCLE1-------------------------------------------
[Distance] P1: -1.000000 P2: 0.000000 P3: -1.000000 P4: 0.000000 
[Distance] Global distance: 1.000000
#-----------------------------------------------------------------------------
#---------------------------------A.CIRCLE2-------------------------------------------
[Distance] P1: -1.000000 P2: 0.000000 P3: 0.000000 
[Distance] Global distance: 1.000000
#-----------------------------------------------------------------------------
#---------------------------------A.CIRCLE3-------------------------------------------
[Distance] P1: -1.000000 P2: 0.000000 P3: -1.000000 P4: -1.000000 
[Distance] Global distance: 1.000000
#-----------------------------------------------------------------------------
#---------------------------------A.CIRCLE4-6-------------------------------------------
[Distance] P1: -1.000000 P2: 0.000000 P3: -1.000000 P4: -1.000000 
[Distance] Global distance: 1.000000
#-----------------------------------------------------------------------------
#---------------------------------A.CIRCLE7-------------------------------------------
[Distance] P1: -1.000000 P2: -1.000000 P3: -1.000000 P4: -1.000000 
[Distance] Global distance: 1.000000
#-----------------------------------------------------------------------------
#---------------------------------A.LAND1-------------------------------------------
[Distance] P1: -1.000000 P2: 0.900001 P3: -1.000000 
[Distance] Global distance: 1.000000
#-----------------------------------------------------------------------------
#---------------------------------A.LAND2-------------------------------------------
[Distance] P1: -1.000000 P2: -9.000100 P3: -1.000000 
[Distance] Global distance: 9.000100
#-----------------------------------------------------------------------------
#---------------------------------A.AUTO1-------------------------------------------
[Distance] P1: -1.000000 P2: -1.000000 P3: 1.000000 
[Distance] Global distance: 1.000000
#-----------------------------------------------------------------------------
#---------------------------------A.GPS.FS1-------------------------------------------
[Distance] P1: 1.000000 P2: -1.500000 P3: 1.000000 
[Distance] Global distance: 1.500000
#-----------------------------------------------------------------------------
#---------------------------------A.GPS.FS2-------------------------------------------
[Distance] P1: -1.000000 P2: 1.000000 P3: -1.000000 
[Distance] Global distance: 1.000000
#-----------------------------------------------------------------------------
#---------------------------------A.RC.FS1-------------------------------------------
[Distance] P1: -1.000000 P2: 0.000000 
[Distance] Global distance: 1.000000
#-----------------------------------------------------------------------------
#---------------------------------A.RC.FS2-------------------------------------------
[Distance] P1: 0.000000 P2: 1.000000 
[Distance] Global distance: 0.000000
#-----------------------------------------------------------------------------
#---------------------------------A.SPORT1-------------------------------------------
[Distance] P1: -1.000000 P2: -1.000000 
[Distance] Global distance: 1.000000
#-----------------------------------------------------------------------------
#---------------------------------A.GUIDED1-------------------------------------------
[Distance] P1: 1.000000 P2: 1.000000 P3: -1.000000 P4: -1.000000 P5: -1.000000 
[Distance] Global distance: 1.000000
#-----------------------------------------------------------------------------
#---------------------------------A.LOITER1-------------------------------------------
[Distance] P1: -1.000000 P2: -1.000000 P3: -1.000000 P4: -1.000000 
[Distance] Global distance: 1.000000
#-----------------------------------------------------------------------------
#---------------------------------A.DRIFT1-------------------------------------------
[Distance] P1: -1.000000 P2: -1.000000 P3: -1.000000 
[Distance] Global distance: 1.000000
#-----------------------------------------------------------------------------
#---------------------------------A.BRAKE1-------------------------------------------
[Distance] P1: -1.000000 P2: -1.000000 
[Distance] Global distance: 1.000000
#-----------------------------------------------------------------------------
# [Change_parameter()] selected params: WP_NAVALT_MIN
# [Change_parameter()] selected params: WP_NAVALT_MIN, min: 0.000000, max: 5.000000, random digit param value:4
#---------------------------------A.CHUTE-------------------------------------------
[Distance] P1: -1.000000 P2: -1.000000 P3: -1.000000 P4: 0.000000 P5: 0.000000 
[Distance] Global distance: 1.000000
#-----------------------------------------------------------------------------
#---------------------------------A.RTL1-------------------------------------------
[Distance] P1: 1.000000 P2: 0.000000 P3: -1.000000 P4: 0.000000 
[Distance] Global distance: 1.000000
#-----------------------------------------------------------------------------
#---------------------------------A.RTL2-------------------------------------------
[Distance] P1: -1.000000 P2: 0.000000 P3: 1.000000 P4: 1.000000 P5: -1.000000 
[Distance] Global distance: 1.000000
#-----------------------------------------------------------------------------
#---------------------------------A.RTL3-------------------------------------------
[Distance] P1: -1.000000 P2: 0.000000 P3: -1.000000 P4: 0.000000 
[Distance] Global distance: 1.000000
#-----------------------------------------------------------------------------
#---------------------------------A.RTL4-------------------------------------------
[Distance] P1: -1.000000 P2: 0.000000 P3: 1.000000 
[Distance] Global distance: 1.000000
#-----------------------------------------------------------------------------
#---------------------------------A.FLIP1-------------------------------------------
[Distance] P1: -1.000000 P2: 1.000000 P3: -1.000000 P4: -1.000000 P5: -1.000000 
[Distance] Global distance: 1.000000
#-----------------------------------------------------------------------------
#---------------------------------A.FLIP2-------------------------------------------
[Distance] P1: -1.000000 P2: 1.000000 P3: -1.000000 P4: 1.000000 
[Distance] Global distance: 1.000000
#-----------------------------------------------------------------------------
#---------------------------------A.FLIP3-------------------------------------------
[Distance] P1: -1.000000 P2: 1.000000 P3: 1.000000 P4: 1.000000 
[Distance] Global distance: 1.000000
#-----------------------------------------------------------------------------
#---------------------------------A.FLIP4-------------------------------------------
[Distance] P1: -1.000000 P2: 1.000000 
[Distance] Global distance: 1.000000
#-----------------------------------------------------------------------------
#---------------------------------A.ALT_HOLD1-------------------------------------------
[Distance] P1: 1.000000 P2: -1.000000 P3: -1.000000 
[Distance] Global distance: 1.000000
#-----------------------------------------------------------------------------
#---------------------------------A.ALT_HOLD2-------------------------------------------
[Distance] P1: -1.000000 P2: -1.000000 P3: -1.000000 
[Distance] Global distance: 1.000000
#-----------------------------------------------------------------------------
#---------------------------------A.CIRCLE1-------------------------------------------
[Distance] P1: -1.000000 P2: 0.000000 P3: -1.000000 P4: 0.000000 
[Distance] Global distance: 1.000000
#-----------------------------------------------------------------------------
#---------------------------------A.CIRCLE2-------------------------------------------
[Distance] P1: -1.000000 P2: 0.000000 P3: 0.000000 
[Distance] Global distance: 1.000000
#-----------------------------------------------------------------------------
#---------------------------------A.CIRCLE3-------------------------------------------
[Distance] P1: -1.000000 P2: 0.000000 P3: -1.000000 P4: -1.000000 
[Distance] Global distance: 1.000000
#-----------------------------------------------------------------------------
#---------------------------------A.CIRCLE4-6-------------------------------------------
[Distance] P1: -1.000000 P2: 0.000000 P3: -1.000000 P4: -1.000000 
[Distance] Global distance: 1.000000
#-----------------------------------------------------------------------------
#---------------------------------A.CIRCLE7-------------------------------------------
[Distance] P1: -1.000000 P2: -1.000000 P3: -1.000000 P4: -1.000000 
[Distance] Global distance: 1.000000
#-----------------------------------------------------------------------------
#---------------------------------A.LAND1-------------------------------------------
[Distance] P1: -1.000000 P2: 0.900000 P3: -1.000000 
[Distance] Global distance: 1.000000
#-----------------------------------------------------------------------------
#---------------------------------A.LAND2-------------------------------------------
[Distance] P1: -1.000000 P2: -9.000000 P3: -1.000000 
[Distance] Global distance: 9.000000
#-----------------------------------------------------------------------------
#---------------------------------A.AUTO1-------------------------------------------
[Distance] P1: -1.000000 P2: -1.000000 P3: 1.000000 
[Distance] Global distance: 1.000000
#-----------------------------------------------------------------------------
#---------------------------------A.GPS.FS1-------------------------------------------
[Distance] P1: 1.000000 P2: -1.500000 P3: 1.000000 
[Distance] Global distance: 1.500000
#-----------------------------------------------------------------------------
#---------------------------------A.GPS.FS2-------------------------------------------
[Distance] P1: -1.000000 P2: 1.000000 P3: -1.000000 
[Distance] Global distance: 1.000000
#-----------------------------------------------------------------------------
#---------------------------------A.RC.FS1-------------------------------------------
[Distance] P1: -1.000000 P2: 0.000000 
[Distance] Global distance: 1.000000
#-----------------------------------------------------------------------------
#---------------------------------A.RC.FS2-------------------------------------------
[Distance] P1: 0.000000 P2: 1.000000 
[Distance] Global distance: 0.000000
#-----------------------------------------------------------------------------
#---------------------------------A.SPORT1-------------------------------------------
[Distance] P1: -1.000000 P2: -1.000000 
[Distance] Global distance: 1.000000
#-----------------------------------------------------------------------------
#---------------------------------A.GUIDED1-------------------------------------------
[Distance] P1: 1.000000 P2: 1.000000 P3: -1.000000 P4: -1.000000 P5: -1.000000 
[Distance] Global distance: 1.000000
#-----------------------------------------------------------------------------
#---------------------------------A.LOITER1-------------------------------------------
[Distance] P1: -1.000000 P2: -1.000000 P3: -1.000000 P4: -1.000000 
[Distance] Global distance: 1.000000
#-----------------------------------------------------------------------------
#---------------------------------A.DRIFT1-------------------------------------------
[Distance] P1: -1.000000 P2: -1.000000 P3: -1.000000 
[Distance] Global distance: 1.000000
#-----------------------------------------------------------------------------
#---------------------------------A.BRAKE1-------------------------------------------
[Distance] P1: -1.000000 P2: -1.000000 
[Distance] Global distance: 1.000000
#-----------------------------------------------------------------------------
### Next round (3) for fuzzing commands. ###
#---------------------------------A.CHUTE-------------------------------------------
[Distance] P1: -1.000000 P2: -1.000000 P3: -1.000000 P4: 0.000000 P5: 0.000000 
[Distance] Global distance: 1.000000
#-----------------------------------------------------------------------------
#---------------------------------A.RTL1-------------------------------------------
[Distance] P1: 1.000000 P2: 0.000000 P3: -1.000000 P4: 0.000000 
[Distance] Global distance: 1.000000
#-----------------------------------------------------------------------------
#---------------------------------A.RTL2-------------------------------------------
[Distance] P1: -1.000000 P2: 0.000000 P3: 1.000000 P4: 1.000000 P5: -1.000000 
[Distance] Global distance: 1.000000
#-----------------------------------------------------------------------------
#---------------------------------A.RTL3-------------------------------------------
[Distance] P1: -1.000000 P2: 0.000000 P3: -1.000000 P4: 0.000000 
[Distance] Global distance: 1.000000
#-----------------------------------------------------------------------------
#---------------------------------A.RTL4-------------------------------------------
[Distance] P1: -1.000000 P2: 0.000000 P3: 1.000000 
[Distance] Global distance: 1.000000
#-----------------------------------------------------------------------------
#---------------------------------A.FLIP1-------------------------------------------
[Distance] P1: -1.000000 P2: 1.000000 P3: -1.000000 P4: -1.000000 P5: -1.000000 
[Distance] Global distance: 1.000000
#-----------------------------------------------------------------------------
#---------------------------------A.FLIP2-------------------------------------------
[Distance] P1: -1.000000 P2: 1.000000 P3: -1.000000 P4: 1.000000 
[Distance] Global distance: 1.000000
#-----------------------------------------------------------------------------
#---------------------------------A.FLIP3-------------------------------------------
[Distance] P1: -1.000000 P2: 1.000000 P3: 1.000000 P4: 1.000000 
[Distance] Global distance: 1.000000
#-----------------------------------------------------------------------------
#---------------------------------A.FLIP4-------------------------------------------
[Distance] P1: -1.000000 P2: 1.000000 
[Distance] Global distance: 1.000000
#-----------------------------------------------------------------------------
#---------------------------------A.ALT_HOLD1-------------------------------------------
[Distance] P1: 1.000000 P2: -1.000000 P3: -1.000000 
[Distance] Global distance: 1.000000
#-----------------------------------------------------------------------------
#---------------------------------A.ALT_HOLD2-------------------------------------------
[Distance] P1: -1.000000 P2: -1.000000 P3: -1.000000 
[Distance] Global distance: 1.000000
#-----------------------------------------------------------------------------
#---------------------------------A.CIRCLE1-------------------------------------------
[Distance] P1: -1.000000 P2: 0.000000 P3: -1.000000 P4: 0.000000 
[Distance] Global distance: 1.000000
#-----------------------------------------------------------------------------
#---------------------------------A.CIRCLE2-------------------------------------------
[Distance] P1: -1.000000 P2: 0.000000 P3: 0.000000 
[Distance] Global distance: 1.000000
#-----------------------------------------------------------------------------
#---------------------------------A.CIRCLE3-------------------------------------------
[Distance] P1: -1.000000 P2: 0.000000 P3: -1.000000 P4: -1.000000 
[Distance] Global distance: 1.000000
#-----------------------------------------------------------------------------
#---------------------------------A.CIRCLE4-6-------------------------------------------
[Distance] P1: -1.000000 P2: 0.000000 P3: -1.000000 P4: -1.000000 
[Distance] Global distance: 1.000000
#-----------------------------------------------------------------------------
#---------------------------------A.CIRCLE7-------------------------------------------
[Distance] P1: -1.000000 P2: -1.000000 P3: -1.000000 P4: -1.000000 
[Distance] Global distance: 1.000000
#-----------------------------------------------------------------------------
#---------------------------------A.LAND1-------------------------------------------
[Distance] P1: -1.000000 P2: 0.900001 P3: -1.000000 
[Distance] Global distance: 1.000000
#-----------------------------------------------------------------------------
#---------------------------------A.LAND2-------------------------------------------
[Distance] P1: -1.000000 P2: -9.000100 P3: -1.000000 
[Distance] Global distance: 9.000100
#-----------------------------------------------------------------------------
#---------------------------------A.AUTO1-------------------------------------------
[Distance] P1: -1.000000 P2: -1.000000 P3: 1.000000 
[Distance] Global distance: 1.000000
#-----------------------------------------------------------------------------
#---------------------------------A.GPS.FS1-------------------------------------------
[Distance] P1: 1.000000 P2: -1.500000 P3: 1.000000 
[Distance] Global distance: 1.500000
#-----------------------------------------------------------------------------
#---------------------------------A.GPS.FS2-------------------------------------------
[Distance] P1: -1.000000 P2: 1.000000 P3: -1.000000 
[Distance] Global distance: 1.000000
#-----------------------------------------------------------------------------
#---------------------------------A.RC.FS1-------------------------------------------
[Distance] P1: -1.000000 P2: 0.000000 
[Distance] Global distance: 1.000000
#-----------------------------------------------------------------------------
#---------------------------------A.RC.FS2-------------------------------------------
[Distance] P1: 0.000000 P2: 1.000000 
[Distance] Global distance: 0.000000
#-----------------------------------------------------------------------------
#---------------------------------A.SPORT1-------------------------------------------
[Distance] P1: -1.000000 P2: -1.000000 
[Distance] Global distance: 1.000000
#-----------------------------------------------------------------------------
#---------------------------------A.GUIDED1-------------------------------------------
[Distance] P1: 1.000000 P2: 1.000000 P3: -1.000000 P4: -1.000000 P5: -1.000000 
[Distance] Global distance: 1.000000
#-----------------------------------------------------------------------------
#---------------------------------A.LOITER1-------------------------------------------
[Distance] P1: -1.000000 P2: -1.000000 P3: -1.000000 P4: -1.000000 
[Distance] Global distance: 1.000000
#-----------------------------------------------------------------------------
#---------------------------------A.DRIFT1-------------------------------------------
[Distance] P1: -1.000000 P2: -1.000000 P3: -1.000000 
[Distance] Global distance: 1.000000
#-----------------------------------------------------------------------------
#---------------------------------A.BRAKE1-------------------------------------------
[Distance] P1: -1.000000 P2: -1.000000 
[Distance] Global distance: 1.000000
#-----------------------------------------------------------------------------
[Execute_env] (SIM_ACC2_BIAS_X, 4.1281817961795415)
#---------------------------------A.CHUTE-------------------------------------------
[Distance] P1: -1.000000 P2: -1.000000 P3: -1.000000 P4: 0.000000 P5: 0.000000 
[Distance] Global distance: 1.000000
#-----------------------------------------------------------------------------
#---------------------------------A.RTL1-------------------------------------------
[Distance] P1: 1.000000 P2: 0.000000 P3: -1.000000 P4: 0.000000 
[Distance] Global distance: 1.000000
#-----------------------------------------------------------------------------
#---------------------------------A.RTL2-------------------------------------------
[Distance] P1: -1.000000 P2: 0.000000 P3: 1.000000 P4: 1.000000 P5: -1.000000 
[Distance] Global distance: 1.000000
#-----------------------------------------------------------------------------
#---------------------------------A.RTL3-------------------------------------------
[Distance] P1: -1.000000 P2: 0.000000 P3: -1.000000 P4: 0.000000 
[Distance] Global distance: 1.000000
#-----------------------------------------------------------------------------
#---------------------------------A.RTL4-------------------------------------------
[Distance] P1: -1.000000 P2: 0.000000 P3: 1.000000 
[Distance] Global distance: 1.000000
#-----------------------------------------------------------------------------
#---------------------------------A.FLIP1-------------------------------------------
[Distance] P1: -1.000000 P2: 1.000000 P3: -1.000000 P4: -1.000000 P5: -1.000000 
[Distance] Global distance: 1.000000
#-----------------------------------------------------------------------------
#---------------------------------A.FLIP2-------------------------------------------
[Distance] P1: -1.000000 P2: 1.000000 P3: -1.000000 P4: 1.000000 
[Distance] Global distance: 1.000000
#-----------------------------------------------------------------------------
#---------------------------------A.FLIP3-------------------------------------------
[Distance] P1: -1.000000 P2: 1.000000 P3: 1.000000 P4: 1.000000 
[Distance] Global distance: 1.000000
#-----------------------------------------------------------------------------
#---------------------------------A.FLIP4-------------------------------------------
[Distance] P1: -1.000000 P2: 1.000000 
[Distance] Global distance: 1.000000
#-----------------------------------------------------------------------------
#---------------------------------A.ALT_HOLD1-------------------------------------------
[Distance] P1: 1.000000 P2: -1.000000 P3: -1.000000 
[Distance] Global distance: 1.000000
#-----------------------------------------------------------------------------
#---------------------------------A.ALT_HOLD2-------------------------------------------
[Distance] P1: -1.000000 P2: -1.000000 P3: -1.000000 
[Distance] Global distance: 1.000000
#-----------------------------------------------------------------------------
#---------------------------------A.CIRCLE1-------------------------------------------
[Distance] P1: -1.000000 P2: 0.000000 P3: -1.000000 P4: 0.000000 
[Distance] Global distance: 1.000000
#-----------------------------------------------------------------------------
#---------------------------------A.CIRCLE2-------------------------------------------
[Distance] P1: -1.000000 P2: 0.000000 P3: 0.000000 
[Distance] Global distance: 1.000000
#-----------------------------------------------------------------------------
#---------------------------------A.CIRCLE3-------------------------------------------
[Distance] P1: -1.000000 P2: 0.000000 P3: -1.000000 P4: -1.000000 
[Distance] Global distance: 1.000000
#-----------------------------------------------------------------------------
#---------------------------------A.CIRCLE4-6-------------------------------------------
[Distance] P1: -1.000000 P2: 0.000000 P3: -1.000000 P4: -1.000000 
[Distance] Global distance: 1.000000
#-----------------------------------------------------------------------------
#---------------------------------A.CIRCLE7-------------------------------------------
[Distance] P1: -1.000000 P2: -1.000000 P3: -1.000000 P4: -1.000000 
[Distance] Global distance: 1.000000
#-----------------------------------------------------------------------------
#---------------------------------A.LAND1-------------------------------------------
[Distance] P1: -1.000000 P2: 0.900000 P3: -1.000000 
[Distance] Global distance: 1.000000
#-----------------------------------------------------------------------------
#---------------------------------A.LAND2-------------------------------------------
[Distance] P1: -1.000000 P2: -9.000100 P3: -1.000000 
[Distance] Global distance: 9.000100
#-----------------------------------------------------------------------------
#---------------------------------A.AUTO1-------------------------------------------
[Distance] P1: -1.000000 P2: -1.000000 P3: 1.000000 
[Distance] Global distance: 1.000000
#-----------------------------------------------------------------------------
#---------------------------------A.GPS.FS1-------------------------------------------
[Distance] P1: 1.000000 P2: -1.500000 P3: 1.000000 
[Distance] Global distance: 1.500000
#-----------------------------------------------------------------------------
#---------------------------------A.GPS.FS2-------------------------------------------
[Distance] P1: -1.000000 P2: 1.000000 P3: -1.000000 
[Distance] Global distance: 1.000000
#-----------------------------------------------------------------------------
#---------------------------------A.RC.FS1-------------------------------------------
[Distance] P1: -1.000000 P2: 0.000000 
[Distance] Global distance: 1.000000
#-----------------------------------------------------------------------------
#---------------------------------A.RC.FS2-------------------------------------------
[Distance] P1: 0.000000 P2: 1.000000 
[Distance] Global distance: 0.000000
#-----------------------------------------------------------------------------
#---------------------------------A.SPORT1-------------------------------------------
[Distance] P1: -1.000000 P2: -1.000000 
[Distance] Global distance: 1.000000
#-----------------------------------------------------------------------------
#---------------------------------A.GUIDED1-------------------------------------------
[Distance] P1: 1.000000 P2: 1.000000 P3: -1.000000 P4: -1.000000 P5: -1.000000 
[Distance] Global distance: 1.000000
#-----------------------------------------------------------------------------
#---------------------------------A.LOITER1-------------------------------------------
[Distance] P1: -1.000000 P2: -1.000000 P3: -1.000000 P4: -1.000000 
[Distance] Global distance: 1.000000
#-----------------------------------------------------------------------------
#---------------------------------A.DRIFT1-------------------------------------------
[Distance] P1: -1.000000 P2: -1.000000 P3: -1.000000 
[Distance] Global distance: 1.000000
#-----------------------------------------------------------------------------
#---------------------------------A.BRAKE1-------------------------------------------
[Distance] P1: -1.000000 P2: -1.000000 
[Distance] Global distance: 1.000000
#-----------------------------------------------------------------------------
### Next round (4) for fuzzing commands. ###
#---------------------------------A.CHUTE-------------------------------------------
[Distance] P1: -1.000000 P2: -1.000000 P3: -1.000000 P4: 0.000000 P5: 0.000000 
[Distance] Global distance: 1.000000
#-----------------------------------------------------------------------------
#---------------------------------A.RTL1-------------------------------------------
[Distance] P1: 1.000000 P2: 0.000000 P3: -1.000000 P4: 0.000000 
[Distance] Global distance: 1.000000
#-----------------------------------------------------------------------------
#---------------------------------A.RTL2-------------------------------------------
[Distance] P1: -1.000000 P2: 0.000000 P3: 1.000000 P4: 1.000000 P5: -1.000000 
[Distance] Global distance: 1.000000
#-----------------------------------------------------------------------------
#---------------------------------A.RTL3-------------------------------------------
[Distance] P1: -1.000000 P2: 0.000000 P3: -1.000000 P4: 0.000000 
[Distance] Global distance: 1.000000
#-----------------------------------------------------------------------------
#---------------------------------A.RTL4-------------------------------------------
[Distance] P1: -1.000000 P2: 0.000000 P3: 1.000000 
[Distance] Global distance: 1.000000
#-----------------------------------------------------------------------------
#---------------------------------A.FLIP1-------------------------------------------
[Distance] P1: -1.000000 P2: 1.000000 P3: -1.000000 P4: -1.000000 P5: -1.000000 
[Distance] Global distance: 1.000000
#-----------------------------------------------------------------------------
#---------------------------------A.FLIP2-------------------------------------------
[Distance] P1: -1.000000 P2: 1.000000 P3: -1.000000 P4: 1.000000 
[Distance] Global distance: 1.000000
#-----------------------------------------------------------------------------
#---------------------------------A.FLIP3-------------------------------------------
[Distance] P1: -1.000000 P2: 1.000000 P3: 1.000000 P4: 1.000000 
[Distance] Global distance: 1.000000
#-----------------------------------------------------------------------------
#---------------------------------A.FLIP4-------------------------------------------
[Distance] P1: -1.000000 P2: 1.000000 
[Distance] Global distance: 1.000000
#-----------------------------------------------------------------------------
#---------------------------------A.ALT_HOLD1-------------------------------------------
[Distance] P1: 1.000000 P2: -1.000000 P3: -1.000000 
[Distance] Global distance: 1.000000
#-----------------------------------------------------------------------------
#---------------------------------A.ALT_HOLD2-------------------------------------------
[Distance] P1: -1.000000 P2: -1.000000 P3: -1.000000 
[Distance] Global distance: 1.000000
#-----------------------------------------------------------------------------
#---------------------------------A.CIRCLE1-------------------------------------------
[Distance] P1: -1.000000 P2: 0.000000 P3: -1.000000 P4: 0.000000 
[Distance] Global distance: 1.000000
#-----------------------------------------------------------------------------
#---------------------------------A.CIRCLE2-------------------------------------------
[Distance] P1: -1.000000 P2: 0.000000 P3: 0.000000 
[Distance] Global distance: 1.000000
#-----------------------------------------------------------------------------
#---------------------------------A.CIRCLE3-------------------------------------------
[Distance] P1: -1.000000 P2: 0.000000 P3: -1.000000 P4: -1.000000 
[Distance] Global distance: 1.000000
#-----------------------------------------------------------------------------
#---------------------------------A.CIRCLE4-6-------------------------------------------
[Distance] P1: -1.000000 P2: 0.000000 P3: -1.000000 P4: -1.000000 
[Distance] Global distance: 1.000000
#-----------------------------------------------------------------------------
#---------------------------------A.CIRCLE7-------------------------------------------
[Distance] P1: -1.000000 P2: -1.000000 P3: -1.000000 P4: -1.000000 
[Distance] Global distance: 1.000000
#-----------------------------------------------------------------------------
#---------------------------------A.LAND1-------------------------------------------
[Distance] P1: -1.000000 P2: 0.900001 P3: -1.000000 
[Distance] Global distance: 1.000000
#-----------------------------------------------------------------------------
#---------------------------------A.LAND2-------------------------------------------
[Distance] P1: -1.000000 P2: -9.000100 P3: -1.000000 
[Distance] Global distance: 9.000100
#-----------------------------------------------------------------------------
#---------------------------------A.AUTO1-------------------------------------------
[Distance] P1: -1.000000 P2: -1.000000 P3: 1.000000 
[Distance] Global distance: 1.000000
#-----------------------------------------------------------------------------
#---------------------------------A.GPS.FS1-------------------------------------------
[Distance] P1: 1.000000 P2: -1.500000 P3: 1.000000 
[Distance] Global distance: 1.500000
#-----------------------------------------------------------------------------
#---------------------------------A.GPS.FS2-------------------------------------------
[Distance] P1: -1.000000 P2: 1.000000 P3: -1.000000 
[Distance] Global distance: 1.000000
#-----------------------------------------------------------------------------
#---------------------------------A.RC.FS1-------------------------------------------
[Distance] P1: -1.000000 P2: 0.000000 
[Distance] Global distance: 1.000000
#-----------------------------------------------------------------------------
#---------------------------------A.RC.FS2-------------------------------------------
[Distance] P1: 0.000000 P2: 1.000000 
[Distance] Global distance: 0.000000
#-----------------------------------------------------------------------------
#---------------------------------A.SPORT1-------------------------------------------
[Distance] P1: -1.000000 P2: -1.000000 
[Distance] Global distance: 1.000000
#-----------------------------------------------------------------------------
#---------------------------------A.GUIDED1-------------------------------------------
[Distance] P1: 1.000000 P2: 1.000000 P3: -1.000000 P4: -1.000000 P5: -1.000000 
[Distance] Global distance: 1.000000
#-----------------------------------------------------------------------------
#---------------------------------A.LOITER1-------------------------------------------
[Distance] P1: -1.000000 P2: -1.000000 P3: -1.000000 P4: -1.000000 
[Distance] Global distance: 1.000000
#-----------------------------------------------------------------------------
#---------------------------------A.DRIFT1-------------------------------------------
[Distance] P1: -1.000000 P2: -1.000000 P3: -1.000000 
[Distance] Global distance: 1.000000
#-----------------------------------------------------------------------------
#---------------------------------A.BRAKE1-------------------------------------------
[Distance] P1: -1.000000 P2: -1.000000 
[Distance] Global distance: 1.000000
#-----------------------------------------------------------------------------
[Execute_env] (SIM_ACC_BIAS_X, 33.99382825984818)
#---------------------------------A.CHUTE-------------------------------------------
[Distance] P1: -1.000000 P2: -1.000000 P3: -1.000000 P4: 0.000000 P5: 0.000000 
[Distance] Global distance: 1.000000
#-----------------------------------------------------------------------------
#---------------------------------A.RTL1-------------------------------------------
[Distance] P1: 1.000000 P2: 0.000000 P3: -1.000000 P4: 0.000000 
[Distance] Global distance: 1.000000
#-----------------------------------------------------------------------------
#---------------------------------A.RTL2-------------------------------------------
[Distance] P1: -1.000000 P2: 0.000000 P3: 1.000000 P4: 1.000000 P5: -1.000000 
[Distance] Global distance: 1.000000
#-----------------------------------------------------------------------------
#---------------------------------A.RTL3-------------------------------------------
[Distance] P1: -1.000000 P2: 0.000000 P3: -1.000000 P4: 0.000000 
[Distance] Global distance: 1.000000
#-----------------------------------------------------------------------------
#---------------------------------A.RTL4-------------------------------------------
[Distance] P1: -1.000000 P2: 0.000000 P3: 1.000000 
[Distance] Global distance: 1.000000
#-----------------------------------------------------------------------------
#---------------------------------A.FLIP1-------------------------------------------
[Distance] P1: -1.000000 P2: 1.000000 P3: -1.000000 P4: -1.000000 P5: -1.000000 
[Distance] Global distance: 1.000000
#-----------------------------------------------------------------------------
#---------------------------------A.FLIP2-------------------------------------------
[Distance] P1: -1.000000 P2: 1.000000 P3: -1.000000 P4: 1.000000 
[Distance] Global distance: 1.000000
#-----------------------------------------------------------------------------
#---------------------------------A.FLIP3-------------------------------------------
[Distance] P1: -1.000000 P2: 1.000000 P3: 1.000000 P4: 1.000000 
[Distance] Global distance: 1.000000
#-----------------------------------------------------------------------------
#---------------------------------A.FLIP4-------------------------------------------
[Distance] P1: -1.000000 P2: 1.000000 
[Distance] Global distance: 1.000000
#-----------------------------------------------------------------------------
#---------------------------------A.ALT_HOLD1-------------------------------------------
[Distance] P1: 1.000000 P2: -1.000000 P3: -1.000000 
[Distance] Global distance: 1.000000
#-----------------------------------------------------------------------------
#---------------------------------A.ALT_HOLD2-------------------------------------------
[Distance] P1: -1.000000 P2: -1.000000 P3: -1.000000 
[Distance] Global distance: 1.000000
#-----------------------------------------------------------------------------
#---------------------------------A.CIRCLE1-------------------------------------------
[Distance] P1: -1.000000 P2: 0.000000 P3: -1.000000 P4: 0.000000 
[Distance] Global distance: 1.000000
#-----------------------------------------------------------------------------
#---------------------------------A.CIRCLE2-------------------------------------------
[Distance] P1: -1.000000 P2: 0.000000 P3: 0.000000 
[Distance] Global distance: 1.000000
#-----------------------------------------------------------------------------
#---------------------------------A.CIRCLE3-------------------------------------------
[Distance] P1: -1.000000 P2: 0.000000 P3: -1.000000 P4: -1.000000 
[Distance] Global distance: 1.000000
#-----------------------------------------------------------------------------
#---------------------------------A.CIRCLE4-6-------------------------------------------
[Distance] P1: -1.000000 P2: 0.000000 P3: -1.000000 P4: -1.000000 
[Distance] Global distance: 1.000000
#-----------------------------------------------------------------------------
#---------------------------------A.CIRCLE7-------------------------------------------
[Distance] P1: -1.000000 P2: -1.000000 P3: -1.000000 P4: -1.000000 
[Distance] Global distance: 1.000000
#-----------------------------------------------------------------------------
#---------------------------------A.LAND1-------------------------------------------
[Distance] P1: -1.000000 P2: 0.899999 P3: -1.000000 
[Distance] Global distance: 1.000000
#-----------------------------------------------------------------------------
#---------------------------------A.LAND2-------------------------------------------
[Distance] P1: -1.000000 P2: -9.000000 P3: -1.000000 
[Distance] Global distance: 9.000000
#-----------------------------------------------------------------------------
#---------------------------------A.AUTO1-------------------------------------------
[Distance] P1: -1.000000 P2: -1.000000 P3: 1.000000 
[Distance] Global distance: 1.000000
#-----------------------------------------------------------------------------
#---------------------------------A.GPS.FS1-------------------------------------------
[Distance] P1: 1.000000 P2: -1.500000 P3: 1.000000 
[Distance] Global distance: 1.500000
#-----------------------------------------------------------------------------
#---------------------------------A.GPS.FS2-------------------------------------------
[Distance] P1: -1.000000 P2: 1.000000 P3: -1.000000 
[Distance] Global distance: 1.000000
#-----------------------------------------------------------------------------
#---------------------------------A.RC.FS1-------------------------------------------
[Distance] P1: -1.000000 P2: 0.000000 
[Distance] Global distance: 1.000000
#-----------------------------------------------------------------------------
#---------------------------------A.RC.FS2-------------------------------------------
[Distance] P1: 0.000000 P2: 1.000000 
[Distance] Global distance: 0.000000
#-----------------------------------------------------------------------------
#---------------------------------A.SPORT1-------------------------------------------
[Distance] P1: -1.000000 P2: -1.000000 
[Distance] Global distance: 1.000000
#-----------------------------------------------------------------------------
#---------------------------------A.GUIDED1-------------------------------------------
[Distance] P1: 1.000000 P2: 1.000000 P3: -1.000000 P4: -1.000000 P5: -1.000000 
[Distance] Global distance: 1.000000
#-----------------------------------------------------------------------------
#---------------------------------A.LOITER1-------------------------------------------
[Distance] P1: -1.000000 P2: -1.000000 P3: -1.000000 P4: -1.000000 
[Distance] Global distance: 1.000000
#-----------------------------------------------------------------------------
#---------------------------------A.DRIFT1-------------------------------------------
[Distance] P1: -1.000000 P2: -1.000000 P3: -1.000000 
[Distance] Global distance: 1.000000
#-----------------------------------------------------------------------------
#---------------------------------A.BRAKE1-------------------------------------------
[Distance] P1: -1.000000 P2: -1.000000 
[Distance] Global distance: 1.000000
#-----------------------------------------------------------------------------
### Next round (5) for fuzzing commands. ###
#---------------------------------A.CHUTE-------------------------------------------
[Distance] P1: -1.000000 P2: -1.000000 P3: -1.000000 P4: 0.000000 P5: 0.000000 
[Distance] Global distance: 1.000000
#-----------------------------------------------------------------------------
#---------------------------------A.RTL1-------------------------------------------
[Distance] P1: 1.000000 P2: 0.000000 P3: -1.000000 P4: 0.000000 
[Distance] Global distance: 1.000000
#-----------------------------------------------------------------------------
#---------------------------------A.RTL2-------------------------------------------
[Distance] P1: -1.000000 P2: 0.000000 P3: 1.000000 P4: 1.000000 P5: -1.000000 
[Distance] Global distance: 1.000000
#-----------------------------------------------------------------------------
#---------------------------------A.RTL3-------------------------------------------
[Distance] P1: -1.000000 P2: 0.000000 P3: -1.000000 P4: 0.000000 
[Distance] Global distance: 1.000000
#-----------------------------------------------------------------------------
#---------------------------------A.RTL4-------------------------------------------
[Distance] P1: -1.000000 P2: 0.000000 P3: 1.000000 
[Distance] Global distance: 1.000000
#-----------------------------------------------------------------------------
#---------------------------------A.FLIP1-------------------------------------------
[Distance] P1: -1.000000 P2: 1.000000 P3: -1.000000 P4: -1.000000 P5: -1.000000 
[Distance] Global distance: 1.000000
#-----------------------------------------------------------------------------
#---------------------------------A.FLIP2-------------------------------------------
[Distance] P1: -1.000000 P2: 1.000000 P3: -1.000000 P4: 1.000000 
[Distance] Global distance: 1.000000
#-----------------------------------------------------------------------------
#---------------------------------A.FLIP3-------------------------------------------
[Distance] P1: -1.000000 P2: 1.000000 P3: 1.000000 P4: 1.000000 
[Distance] Global distance: 1.000000
#-----------------------------------------------------------------------------
#---------------------------------A.FLIP4-------------------------------------------
[Distance] P1: -1.000000 P2: 1.000000 
[Distance] Global distance: 1.000000
#-----------------------------------------------------------------------------
#---------------------------------A.ALT_HOLD1-------------------------------------------
[Distance] P1: 1.000000 P2: -1.000000 P3: -1.000000 
[Distance] Global distance: 1.000000
#-----------------------------------------------------------------------------
#---------------------------------A.ALT_HOLD2-------------------------------------------
[Distance] P1: -1.000000 P2: -1.000000 P3: -1.000000 
[Distance] Global distance: 1.000000
#-----------------------------------------------------------------------------
#---------------------------------A.CIRCLE1-------------------------------------------
[Distance] P1: -1.000000 P2: 0.000000 P3: -1.000000 P4: 0.000000 
[Distance] Global distance: 1.000000
#-----------------------------------------------------------------------------
#---------------------------------A.CIRCLE2-------------------------------------------
[Distance] P1: -1.000000 P2: 0.000000 P3: 0.000000 
[Distance] Global distance: 1.000000
#-----------------------------------------------------------------------------
#---------------------------------A.CIRCLE3-------------------------------------------
[Distance] P1: -1.000000 P2: 0.000000 P3: -1.000000 P4: -1.000000 
[Distance] Global distance: 1.000000
#-----------------------------------------------------------------------------
#---------------------------------A.CIRCLE4-6-------------------------------------------
[Distance] P1: -1.000000 P2: 0.000000 P3: -1.000000 P4: -1.000000 
[Distance] Global distance: 1.000000
#-----------------------------------------------------------------------------
#---------------------------------A.CIRCLE7-------------------------------------------
[Distance] P1: -1.000000 P2: -1.000000 P3: -1.000000 P4: -1.000000 
[Distance] Global distance: 1.000000
#-----------------------------------------------------------------------------
#---------------------------------A.LAND1-------------------------------------------
[Distance] P1: -1.000000 P2: 0.899999 P3: -1.000000 
[Distance] Global distance: 1.000000
#-----------------------------------------------------------------------------
#---------------------------------A.LAND2-------------------------------------------
[Distance] P1: -1.000000 P2: -8.999900 P3: -1.000000 
[Distance] Global distance: 8.999900
#-----------------------------------------------------------------------------
#---------------------------------A.AUTO1-------------------------------------------
[Distance] P1: -1.000000 P2: -1.000000 P3: 1.000000 
[Distance] Global distance: 1.000000
#-----------------------------------------------------------------------------
#---------------------------------A.GPS.FS1-------------------------------------------
[Distance] P1: 1.000000 P2: -1.500000 P3: 1.000000 
[Distance] Global distance: 1.500000
#-----------------------------------------------------------------------------
#---------------------------------A.GPS.FS2-------------------------------------------
[Distance] P1: -1.000000 P2: 1.000000 P3: -1.000000 
[Distance] Global distance: 1.000000
#-----------------------------------------------------------------------------
#---------------------------------A.RC.FS1-------------------------------------------
[Distance] P1: -1.000000 P2: 0.000000 
[Distance] Global distance: 1.000000
#-----------------------------------------------------------------------------
#---------------------------------A.RC.FS2-------------------------------------------
[Distance] P1: 0.000000 P2: 1.000000 
[Distance] Global distance: 0.000000
#-----------------------------------------------------------------------------
#---------------------------------A.SPORT1-------------------------------------------
[Distance] P1: -1.000000 P2: -1.000000 
[Distance] Global distance: 1.000000
#-----------------------------------------------------------------------------
#---------------------------------A.GUIDED1-------------------------------------------
[Distance] P1: 1.000000 P2: 1.000000 P3: -1.000000 P4: -1.000000 P5: -1.000000 
[Distance] Global distance: 1.000000
#-----------------------------------------------------------------------------
#---------------------------------A.LOITER1-------------------------------------------
[Distance] P1: -1.000000 P2: -1.000000 P3: -1.000000 P4: -1.000000 
[Distance] Global distance: 1.000000
#-----------------------------------------------------------------------------
#---------------------------------A.DRIFT1-------------------------------------------
[Distance] P1: -1.000000 P2: -1.000000 P3: -1.000000 
[Distance] Global distance: 1.000000
#-----------------------------------------------------------------------------
#---------------------------------A.BRAKE1-------------------------------------------
[Distance] P1: -1.000000 P2: -1.000000 
[Distance] Global distance: 1.000000
#-----------------------------------------------------------------------------
[Execute_env] (SIM_WIND_TURB, 72.11468912362355)
[status_text] EKF3 lane switch 1
[status_text] EKF primary changed:1
[status_text] EKF3 lane switch 0
[status_text] EKF primary changed:0
[status_text] Vibration compensation ON
#---------------------------------A.CHUTE-------------------------------------------
[Distance] P1: -1.000000 P2: -1.000000 P3: -1.000000 P4: 0.009817 P5: 0.000000 
[Distance] Global distance: 1.000000
#-----------------------------------------------------------------------------
[status_text] EKF3 IMU1 switching to compass 1
[status_text] EKF3 IMU1 switching to compass 0
[status_text] SIM Hit ground at 54.89495 m/s
[status_text] SIM Hit ground at 0.878611 m/s
[status_text] SIM Hit ground at 1.826301 m/s
#---------------------------------A.RTL1-------------------------------------------
[Distance] P1: 1.000000 P2: 0.000000 P3: -1.000000 P4: -0.009915 
[Distance] Global distance: 1.000000
#-----------------------------------------------------------------------------
[status_text] SIM Hit ground at 1.903933 m/s
[status_text] SIM Hit ground at 14.38009 m/s
[status_text] SIM Hit ground at 1.624474 m/s
#---------------------------------A.RTL2-------------------------------------------
[Distance] P1: -1.000000 P2: 0.000000 P3: 1.000000 P4: -1.000000 P5: 1.000000 
[Distance] Global distance: 1.000000
#-----------------------------------------------------------------------------
[status_text] SIM Hit ground at 1.354940 m/s
[status_text] EKF3 IMU1 switching to compass 1
[status_text] EKF3 IMU1 switching to compass 0
[status_text] SIM Hit ground at 1.423859 m/s
[status_text] SIM Hit ground at 1.273256 m/s
#---------------------------------A.RTL3-------------------------------------------
[Distance] P1: -1.000000 P2: 0.000000 P3: -1.000000 P4: -0.003931 
[Distance] Global distance: 1.000000
#-----------------------------------------------------------------------------
#---------------------------------A.RTL4-------------------------------------------
[Distance] P1: -1.000000 P2: 0.000000 P3: 1.000000 
[Distance] Global distance: 1.000000
#-----------------------------------------------------------------------------
#---------------------------------A.FLIP1-------------------------------------------
[Distance] P1: -1.000000 P2: 1.000000 P3: -1.000000 P4: -1.000000 P5: -1.000000 
[Distance] Global distance: 1.000000
#-----------------------------------------------------------------------------
#---------------------------------A.FLIP2-------------------------------------------
[Distance] P1: -1.000000 P2: 1.000000 P3: -1.000000 P4: 1.000000 
[Distance] Global distance: 1.000000
#-----------------------------------------------------------------------------
#---------------------------------A.FLIP3-------------------------------------------
[Distance] P1: -1.000000 P2: 1.000000 P3: 1.000000 P4: 1.000000 
[Distance] Global distance: 1.000000
#-----------------------------------------------------------------------------
#---------------------------------A.FLIP4-------------------------------------------
[Distance] P1: -1.000000 P2: 1.000000 
[Distance] Global distance: 1.000000
#-----------------------------------------------------------------------------
[status_text] SIM Hit ground at 24.24614 m/s
[status_text] SIM Hit ground at 1.636534 m/s
#---------------------------------A.ALT_HOLD1-------------------------------------------
[Distance] P1: 1.000000 P2: -1.000000 P3: -1.000000 
[Distance] Global distance: 1.000000
#-----------------------------------------------------------------------------
#---------------------------------A.ALT_HOLD2-------------------------------------------
[Distance] P1: -1.000000 P2: -1.000000 P3: -1.000000 
[Distance] Global distance: 1.000000
#-----------------------------------------------------------------------------
#---------------------------------A.CIRCLE1-------------------------------------------
[Distance] P1: -1.000000 P2: 0.000000 P3: -1.000000 P4: 0.000000 
[Distance] Global distance: 1.000000
#-----------------------------------------------------------------------------
#---------------------------------A.CIRCLE2-------------------------------------------
[Distance] P1: -1.000000 P2: 0.000000 P3: 0.000000 
[Distance] Global distance: 1.000000
#-----------------------------------------------------------------------------
#---------------------------------A.CIRCLE3-------------------------------------------
[Distance] P1: -1.000000 P2: 0.000000 P3: -1.000000 P4: -1.000000 
[Distance] Global distance: 1.000000
#-----------------------------------------------------------------------------
#---------------------------------A.CIRCLE4-6-------------------------------------------
[Distance] P1: -1.000000 P2: 0.000000 P3: -1.000000 P4: -1.000000 
[Distance] Global distance: 1.000000
#-----------------------------------------------------------------------------
#---------------------------------A.CIRCLE7-------------------------------------------
[Distance] P1: -1.000000 P2: -1.000000 P3: -1.000000 P4: -1.000000 
[Distance] Global distance: 1.000000
#-----------------------------------------------------------------------------
[status_text] SIM Hit ground at 46.65255 m/s
[status_text] EKF3 IMU1 switching to compass 1
[status_text] EKF3 IMU1 switching to compass 0
[status_text] EKF3 lane switch 1
[status_text] EKF primary changed:1
[status_text] GPS Glitch or Compass error
[status_text] EKF3 lane switch 0
[status_text] EKF primary changed:0
[status_text] Glitch cleared
[status_text] SIM Hit ground at 11.73720 m/s
[status_text] SIM Hit ground at 0.787248 m/s
[status_text] SIM Hit ground at 25.47895 m/s
#---------------------------------A.LAND1-------------------------------------------
[Distance] P1: -1.000000 P2: -13.947683 P3: 1.000000 
[Distance] Global distance: 13.947683
#-----------------------------------------------------------------------------
[status_text] EKF3 IMU1 switching to compass 1
[status_text] EKF3 IMU1 switching to compass 0
[status_text] SIM Hit ground at 54.72278 m/s
[status_text] EKF3 lane switch 1
[status_text] EKF primary changed:1
[status_text] EKF3 lane switch 0
[status_text] EKF primary changed:0
#---------------------------------A.LAND2-------------------------------------------
[Distance] P1: -1.000000 P2: 1.027500 P3: 1.000000 
[Distance] Global distance: 1.000000
#-----------------------------------------------------------------------------
#---------------------------------A.AUTO1-------------------------------------------
[Distance] P1: -1.000000 P2: -1.000000 P3: 1.000000 
[Distance] Global distance: 1.000000
#-----------------------------------------------------------------------------
#---------------------------------A.GPS.FS1-------------------------------------------
[Distance] P1: 1.000000 P2: -1.500000 P3: 1.000000 
[Distance] Global distance: 1.500000
#-----------------------------------------------------------------------------
[status_text] SIM Hit ground at 1.361698 m/s
[status_text] SIM Hit ground at 1.413891 m/s
[status_text] Potential Thrust Loss (3)
[status_text] SIM Hit ground at 1.416686 m/s
[status_text] SIM Hit ground at 1.328272 m/s
[status_text] SIM Hit ground at 1.411533 m/s
#---------------------------------A.GPS.FS2-------------------------------------------
[Distance] P1: -1.000000 P2: 1.000000 P3: -1.000000 
[Distance] Global distance: 1.000000
#-----------------------------------------------------------------------------
[status_text] SIM Hit ground at 1.958505 m/s
[status_text] SIM Hit ground at 45.06176 m/s
[status_text] EKF3 IMU1 switching to compass 1
[status_text] EKF3 IMU1 switching to compass 0
[status_text] SIM Hit ground at 13.64271 m/s
[status_text] SIM Hit ground at 1.422415 m/s
[status_text] SIM Hit ground at 0.489495 m/s
#---------------------------------A.RC.FS1-------------------------------------------
[Distance] P1: -1.000000 P2: 0.000000 
[Distance] Global distance: 1.000000
#-----------------------------------------------------------------------------
[status_text] SIM Hit ground at 0.817733 m/s
[status_text] SIM Hit ground at 2.684680 m/s
[status_text] SIM Hit ground at 1.423688 m/s
#---------------------------------A.RC.FS2-------------------------------------------
[Distance] P1: 0.000000 P2: 1.000000 
[Distance] Global distance: 0.000000
#-----------------------------------------------------------------------------
[status_text] SIM Hit ground at 1.422911 m/s
[status_text] EKF3 IMU1 switching to compass 1
[status_text] EKF3 IMU1 switching to compass 0
[status_text] SIM Hit ground at 1.168060 m/s
[status_text] SIM Hit ground at 1.805369 m/s
#---------------------------------A.SPORT1-------------------------------------------
[Distance] P1: -1.000000 P2: 1.000000 
[Distance] Global distance: 1.000000
#-----------------------------------------------------------------------------
#---------------------------------A.GUIDED1-------------------------------------------
[Distance] P1: 1.000000 P2: 1.000000 P3: -1.000000 P4: -1.000000 P5: -1.000000 
[Distance] Global distance: 1.000000
#-----------------------------------------------------------------------------
#---------------------------------A.LOITER1-------------------------------------------
[Distance] P1: -1.000000 P2: -1.000000 P3: -1.000000 P4: -1.000000 
[Distance] Global distance: 1.000000
#-----------------------------------------------------------------------------
[status_text] SIM Hit ground at 1.423415 m/s
[status_text] SIM Hit ground at 1.540944 m/s
[status_text] EKF3 lane switch 1
[status_text] EKF primary changed:1
[status_text] GPS Glitch or Compass error
[status_text] EKF variance
[status_text] EKF Failsafe: changed to LAND Mode
[status_text] Glitch cleared
[status_text] SIM Hit ground at 43.07749 m/s
[status_text] EKF3 lane switch 0
[status_text] EKF primary changed:0
#---------------------------------A.DRIFT1-------------------------------------------
[Distance] P1: -1.000000 P2: -1.000000 P3: -1.000000 
[Distance] Global distance: 1.000000
#-----------------------------------------------------------------------------
#---------------------------------A.BRAKE1-------------------------------------------
[Distance] P1: -1.000000 P2: -1.000000 
[Distance] Global distance: 1.000000
#-----------------------------------------------------------------------------
[Debug] drone_status:5
[Debug] *the drone hits ground*
### Vehicle is grounded, Home alt:584.140015, Current alt:598.570007
#-----------------------------------------------------------------------------
#-----------------------------------------------------------------------------
#------------------------- RE-LAUNCH the vehicle -----------------------------
#-----------------------------------------------------------------------------
#-----------------------------------------------------------------------------
[status_text] SIM Hit ground at 45.11645 m/s
[status_text] EKF Failsafe Cleared
[status_text] EKF3 IMU1 switching to compass 1
[status_text] EKF3 IMU1 switching to compass 0
[re-launch] min_thr:975, target throttle:995
[status_text] Disarming motors
[status_text] Barometer 1 calibration complete
[status_text] Barometer 2 calibration complete
[status_text] ArduCopter V4.7.0-dev (5d1ba8b7)
[status_text] dd03222bd09f449b9f0cba82463dbf03
[status_text] Frame: QUAD/PLUS
[status_text] ArduPilot Ready
[status_text] AHRS: DCM active
[status_text] RC7: SaveWaypoint LOW
[status_text] EKF3 IMU0 initialised
[status_text] EKF3 IMU1 initialised
[status_text] AHRS: EKF3 active
[status_text] EKF3 IMU0 tilt alignment complete
[status_text] EKF3 IMU1 tilt alignment complete
[status_text] EKF3 IMU0 MAG0 initial yaw alignment complete
[status_text] EKF3 IMU1 MAG0 initial yaw alignment complete
[status_text] GPS 1: probing for u-blox at 230400 baud
[status_text] GPS 1: detected u-blox
[status_text] EKF3 IMU0 origin set
[status_text] Field Elevation Set: 584m
[status_text] EKF3 IMU1 origin set
[status_text] EKF3 IMU0 is using GPS
[status_text] EKF3 IMU1 is using GPS
[status_text] Arming motors
[status_text] EKF3 IMU1 MAG0 in-flight yaw alignment complete
[status_text] EKF3 IMU0 MAG0 in-flight yaw alignment complete
### Next round (0) for fuzzing commands. ###
#---------------------------------A.CHUTE-------------------------------------------
[Distance] P1: -1.000000 P2: -1.000000 P3: -1.000000 P4: 0.000000 P5: 0.000000 
[Distance] Global distance: 1.000000
#-----------------------------------------------------------------------------
#---------------------------------A.RTL1-------------------------------------------
[Distance] P1: 1.000000 P2: 0.000000 P3: -1.000000 P4: 1.054683 
[Distance] Global distance: 1.000000
#-----------------------------------------------------------------------------
#---------------------------------A.RTL2-------------------------------------------
[Distance] P1: -1.000000 P2: 0.000000 P3: 1.000000 P4: 1.000000 P5: 1.000000 
[Distance] Global distance: 1.000000
#-----------------------------------------------------------------------------
#---------------------------------A.RTL3-------------------------------------------
[Distance] P1: -1.000000 P2: 0.000000 P3: -1.000000 P4: 0.000936 
[Distance] Global distance: 1.000000
#-----------------------------------------------------------------------------
#---------------------------------A.RTL4-------------------------------------------
[Distance] P1: -1.000000 P2: 0.000000 P3: 1.000000 
[Distance] Global distance: 1.000000
#-----------------------------------------------------------------------------
#---------------------------------A.FLIP1-------------------------------------------
[Distance] P1: -1.000000 P2: 1.000000 P3: -1.000000 P4: -1.000000 P5: 1.000000 
[Distance] Global distance: 1.000000
#-----------------------------------------------------------------------------
#---------------------------------A.FLIP2-------------------------------------------
[Distance] P1: -1.000000 P2: 1.000000 P3: -1.000000 P4: 1.000000 
[Distance] Global distance: 1.000000
#-----------------------------------------------------------------------------
#---------------------------------A.FLIP3-------------------------------------------
[Distance] P1: -1.000000 P2: 1.000000 P3: 1.000000 P4: 1.000000 
[Distance] Global distance: 1.000000
#-----------------------------------------------------------------------------
#---------------------------------A.FLIP4-------------------------------------------
[Distance] P1: -1.000000 P2: 1.000000 
[Distance] Global distance: 1.000000
#-----------------------------------------------------------------------------
#---------------------------------A.ALT_HOLD1-------------------------------------------
[Distance] P1: 1.000000 P2: -1.000000 P3: -1.000000 
[Distance] Global distance: 1.000000
#-----------------------------------------------------------------------------
#---------------------------------A.ALT_HOLD2-------------------------------------------
[Distance] P1: -1.000000 P2: -1.000000 P3: -1.000000 
[Distance] Global distance: 1.000000
#-----------------------------------------------------------------------------
#---------------------------------A.CIRCLE1-------------------------------------------
[Distance] P1: -1.000000 P2: 0.000000 P3: -1.000000 P4: 0.000000 
[Distance] Global distance: 1.000000
#-----------------------------------------------------------------------------
#---------------------------------A.CIRCLE2-------------------------------------------
[Distance] P1: -1.000000 P2: 0.000000 P3: 0.000000 
[Distance] Global distance: 1.000000
#-----------------------------------------------------------------------------
#---------------------------------A.CIRCLE3-------------------------------------------
[Distance] P1: -1.000000 P2: 0.000000 P3: -1.000000 P4: -1.000000 
[Distance] Global distance: 1.000000
#-----------------------------------------------------------------------------
#---------------------------------A.CIRCLE4-6-------------------------------------------
[Distance] P1: -1.000000 P2: 0.000000 P3: -1.000000 P4: -1.000000 
[Distance] Global distance: 1.000000
#-----------------------------------------------------------------------------
#---------------------------------A.CIRCLE7-------------------------------------------
[Distance] P1: -1.000000 P2: -1.000000 P3: -1.000000 P4: -1.000000 
[Distance] Global distance: 1.000000
#-----------------------------------------------------------------------------
#---------------------------------A.LAND1-------------------------------------------
[Distance] P1: -1.000000 P2: 0.899999 P3: -1.000000 
[Distance] Global distance: 1.000000
#-----------------------------------------------------------------------------
#---------------------------------A.LAND2-------------------------------------------
[Distance] P1: -1.000000 P2: -9.000100 P3: -1.000000 
[Distance] Global distance: 9.000100
#-----------------------------------------------------------------------------
#---------------------------------A.AUTO1-------------------------------------------
[Distance] P1: -1.000000 P2: -1.000000 P3: 1.000000 
[Distance] Global distance: 1.000000
#-----------------------------------------------------------------------------
#---------------------------------A.GPS.FS1-------------------------------------------
[Distance] P1: 1.000000 P2: -1.500000 P3: 1.000000 
[Distance] Global distance: 1.500000
#-----------------------------------------------------------------------------
#---------------------------------A.GPS.FS2-------------------------------------------
[Distance] P1: -1.000000 P2: 1.000000 P3: -1.000000 
[Distance] Global distance: 1.000000
#-----------------------------------------------------------------------------
#---------------------------------A.RC.FS1-------------------------------------------
[Distance] P1: -1.000000 P2: 0.000000 
[Distance] Global distance: 1.000000
#-----------------------------------------------------------------------------
#---------------------------------A.RC.FS2-------------------------------------------
[Distance] P1: 0.000000 P2: 1.000000 
[Distance] Global distance: 0.000000
#-----------------------------------------------------------------------------
#---------------------------------A.SPORT1-------------------------------------------
[Distance] P1: -1.000000 P2: -1.000000 
[Distance] Global distance: 1.000000
#-----------------------------------------------------------------------------
#---------------------------------A.GUIDED1-------------------------------------------
[Distance] P1: 1.000000 P2: 1.000000 P3: -1.000000 P4: -1.000000 P5: -1.000000 
[Distance] Global distance: 1.000000
#-----------------------------------------------------------------------------
#---------------------------------A.LOITER1-------------------------------------------
[Distance] P1: -1.000000 P2: -1.000000 P3: -1.000000 P4: -1.000000 
[Distance] Global distance: 1.000000
#-----------------------------------------------------------------------------
#---------------------------------A.DRIFT1-------------------------------------------
[Distance] P1: -1.000000 P2: -1.000000 P3: -1.000000 
[Distance] Global distance: 1.000000
#-----------------------------------------------------------------------------
#---------------------------------A.BRAKE1-------------------------------------------
[Distance] P1: -1.000000 P2: -1.000000 
[Distance] Global distance: 1.000000
#-----------------------------------------------------------------------------
# [Change_parameter()] selected params: PILOT_ACCEL_Z
# [Change_parameter()] selected params: PILOT_ACCEL_Z, min: 50.000000, max: 500.000000, random digit param value:228
#---------------------------------A.CHUTE-------------------------------------------
[Distance] P1: -1.000000 P2: -1.000000 P3: -1.000000 P4: 1.069253 P5: 0.000000 
[Distance] Global distance: 1.000000
#-----------------------------------------------------------------------------
#---------------------------------A.RTL1-------------------------------------------
[Distance] P1: 1.000000 P2: 0.000000 P3: -1.000000 P4: 15.439836 
[Distance] Global distance: 1.000000
#-----------------------------------------------------------------------------
#---------------------------------A.RTL2-------------------------------------------
[Distance] P1: -1.000000 P2: 0.000000 P3: 1.000000 P4: 1.000000 P5: 1.000000 
[Distance] Global distance: 1.000000
#-----------------------------------------------------------------------------
#---------------------------------A.RTL3-------------------------------------------
[Distance] P1: -1.000000 P2: 0.000000 P3: -1.000000 P4: 0.000000 
[Distance] Global distance: 1.000000
#-----------------------------------------------------------------------------
#---------------------------------A.RTL4-------------------------------------------
[Distance] P1: -1.000000 P2: 0.000000 P3: 1.000000 
[Distance] Global distance: 1.000000
#-----------------------------------------------------------------------------
#---------------------------------A.FLIP1-------------------------------------------
[Distance] P1: -1.000000 P2: 1.000000 P3: -1.000000 P4: -1.000000 P5: -1.000000 
[Distance] Global distance: 1.000000
#-----------------------------------------------------------------------------
#---------------------------------A.FLIP2-------------------------------------------
[Distance] P1: -1.000000 P2: 1.000000 P3: -1.000000 P4: 1.000000 
[Distance] Global distance: 1.000000
#-----------------------------------------------------------------------------
#---------------------------------A.FLIP3-------------------------------------------
[Distance] P1: -1.000000 P2: 1.000000 P3: 1.000000 P4: 1.000000 
[Distance] Global distance: 1.000000
#-----------------------------------------------------------------------------
#---------------------------------A.FLIP4-------------------------------------------
[Distance] P1: -1.000000 P2: 1.000000 
[Distance] Global distance: 1.000000
#-----------------------------------------------------------------------------
#---------------------------------A.ALT_HOLD1-------------------------------------------
[Distance] P1: 1.000000 P2: -1.000000 P3: -1.000000 
[Distance] Global distance: 1.000000
#-----------------------------------------------------------------------------
#---------------------------------A.ALT_HOLD2-------------------------------------------
[Distance] P1: -1.000000 P2: -1.000000 P3: -1.000000 
[Distance] Global distance: 1.000000
#-----------------------------------------------------------------------------
#---------------------------------A.CIRCLE1-------------------------------------------
[Distance] P1: -1.000000 P2: 0.000000 P3: -1.000000 P4: 0.000000 
[Distance] Global distance: 1.000000
#-----------------------------------------------------------------------------
#---------------------------------A.CIRCLE2-------------------------------------------
[Distance] P1: -1.000000 P2: 0.000000 P3: 0.000000 
[Distance] Global distance: 1.000000
#-----------------------------------------------------------------------------
#---------------------------------A.CIRCLE3-------------------------------------------
[Distance] P1: -1.000000 P2: 0.000000 P3: -1.000000 P4: -1.000000 
[Distance] Global distance: 1.000000
#-----------------------------------------------------------------------------
#---------------------------------A.CIRCLE4-6-------------------------------------------
[Distance] P1: -1.000000 P2: 0.000000 P3: -1.000000 P4: -1.000000 
[Distance] Global distance: 1.000000
#-----------------------------------------------------------------------------
#---------------------------------A.CIRCLE7-------------------------------------------
[Distance] P1: -1.000000 P2: -1.000000 P3: -1.000000 P4: -1.000000 
[Distance] Global distance: 1.000000
#-----------------------------------------------------------------------------
#---------------------------------A.LAND1-------------------------------------------
[Distance] P1: -1.000000 P2: 0.899999 P3: -1.000000 
[Distance] Global distance: 1.000000
#-----------------------------------------------------------------------------
#---------------------------------A.LAND2-------------------------------------------
[Distance] P1: -1.000000 P2: -8.999900 P3: -1.000000 
[Distance] Global distance: 8.999900
#-----------------------------------------------------------------------------
#---------------------------------A.AUTO1-------------------------------------------
[Distance] P1: -1.000000 P2: -1.000000 P3: 1.000000 
[Distance] Global distance: 1.000000
#-----------------------------------------------------------------------------
#---------------------------------A.GPS.FS1-------------------------------------------
[Distance] P1: 1.000000 P2: -1.500000 P3: 1.000000 
[Distance] Global distance: 1.500000
#-----------------------------------------------------------------------------
#---------------------------------A.GPS.FS2-------------------------------------------
[Distance] P1: -1.000000 P2: 1.000000 P3: -1.000000 
[Distance] Global distance: 1.000000
#-----------------------------------------------------------------------------
#---------------------------------A.RC.FS1-------------------------------------------
[Distance] P1: -1.000000 P2: 0.000000 
[Distance] Global distance: 1.000000
#-----------------------------------------------------------------------------
#---------------------------------A.RC.FS2-------------------------------------------
[Distance] P1: 0.000000 P2: 1.000000 
[Distance] Global distance: 0.000000
#-----------------------------------------------------------------------------
#---------------------------------A.SPORT1-------------------------------------------
[Distance] P1: -1.000000 P2: -1.000000 
[Distance] Global distance: 1.000000
#-----------------------------------------------------------------------------
#---------------------------------A.GUIDED1-------------------------------------------
[Distance] P1: 1.000000 P2: 1.000000 P3: -1.000000 P4: -1.000000 P5: -1.000000 
[Distance] Global distance: 1.000000
#-----------------------------------------------------------------------------
#---------------------------------A.LOITER1-------------------------------------------
[Distance] P1: -1.000000 P2: -1.000000 P3: -1.000000 P4: -1.000000 
[Distance] Global distance: 1.000000
#-----------------------------------------------------------------------------
#---------------------------------A.DRIFT1-------------------------------------------
[Distance] P1: -1.000000 P2: -1.000000 P3: -1.000000 
[Distance] Global distance: 1.000000
#-----------------------------------------------------------------------------
#---------------------------------A.BRAKE1-------------------------------------------
[Distance] P1: -1.000000 P2: -1.000000 
[Distance] Global distance: 1.000000
#-----------------------------------------------------------------------------
### Next round (1) for fuzzing commands. ###
#---------------------------------A.CHUTE-------------------------------------------
[Distance] P1: -1.000000 P2: -1.000000 P3: -1.000000 P4: 0.069420 P5: 0.000000 
[Distance] Global distance: 1.000000
#-----------------------------------------------------------------------------
#---------------------------------A.RTL1-------------------------------------------
[Distance] P1: 1.000000 P2: 0.000000 P3: -1.000000 P4: -0.074599 
[Distance] Global distance: 1.000000
#-----------------------------------------------------------------------------
#---------------------------------A.RTL2-------------------------------------------
[Distance] P1: -1.000000 P2: 0.000000 P3: 1.000000 P4: 1.000000 P5: 1.000000 
[Distance] Global distance: 1.000000
#-----------------------------------------------------------------------------
#---------------------------------A.RTL3-------------------------------------------
[Distance] P1: -1.000000 P2: 0.000000 P3: -1.000000 P4: 0.000000 
[Distance] Global distance: 1.000000
#-----------------------------------------------------------------------------
#---------------------------------A.RTL4-------------------------------------------
[Distance] P1: -1.000000 P2: 0.000000 P3: 1.000000 
[Distance] Global distance: 1.000000
#-----------------------------------------------------------------------------
#---------------------------------A.FLIP1-------------------------------------------
[Distance] P1: -1.000000 P2: 1.000000 P3: -1.000000 P4: -1.000000 P5: -1.000000 
[Distance] Global distance: 1.000000
#-----------------------------------------------------------------------------
#---------------------------------A.FLIP2-------------------------------------------
[Distance] P1: -1.000000 P2: 1.000000 P3: -1.000000 P4: 1.000000 
[Distance] Global distance: 1.000000
#-----------------------------------------------------------------------------
#---------------------------------A.FLIP3-------------------------------------------
[Distance] P1: -1.000000 P2: 1.000000 P3: 1.000000 P4: 1.000000 
[Distance] Global distance: 1.000000
#-----------------------------------------------------------------------------
#---------------------------------A.FLIP4-------------------------------------------
[Distance] P1: -1.000000 P2: 1.000000 
[Distance] Global distance: 1.000000
#-----------------------------------------------------------------------------
#---------------------------------A.ALT_HOLD1-------------------------------------------
[Distance] P1: 1.000000 P2: -1.000000 P3: -1.000000 
[Distance] Global distance: 1.000000
#-----------------------------------------------------------------------------
#---------------------------------A.ALT_HOLD2-------------------------------------------
[Distance] P1: -1.000000 P2: -1.000000 P3: -1.000000 
[Distance] Global distance: 1.000000
#-----------------------------------------------------------------------------
#---------------------------------A.CIRCLE1-------------------------------------------
[Distance] P1: -1.000000 P2: 0.000000 P3: -1.000000 P4: 0.000000 
[Distance] Global distance: 1.000000
#-----------------------------------------------------------------------------
#---------------------------------A.CIRCLE2-------------------------------------------
[Distance] P1: -1.000000 P2: 0.000000 P3: 0.000000 
[Distance] Global distance: 1.000000
#-----------------------------------------------------------------------------
#---------------------------------A.CIRCLE3-------------------------------------------
[Distance] P1: -1.000000 P2: 0.000000 P3: -1.000000 P4: -1.000000 
[Distance] Global distance: 1.000000
#-----------------------------------------------------------------------------
#---------------------------------A.CIRCLE4-6-------------------------------------------
[Distance] P1: -1.000000 P2: 0.000000 P3: -1.000000 P4: -1.000000 
[Distance] Global distance: 1.000000
#-----------------------------------------------------------------------------
#---------------------------------A.CIRCLE7-------------------------------------------
[Distance] P1: -1.000000 P2: -1.000000 P3: -1.000000 P4: -1.000000 
[Distance] Global distance: 1.000000
#-----------------------------------------------------------------------------
#---------------------------------A.LAND1-------------------------------------------
[Distance] P1: -1.000000 P2: 0.900001 P3: -1.000000 
[Distance] Global distance: 1.000000
#-----------------------------------------------------------------------------
#---------------------------------A.LAND2-------------------------------------------
[Distance] P1: -1.000000 P2: -9.000100 P3: -1.000000 
[Distance] Global distance: 9.000100
#-----------------------------------------------------------------------------
#---------------------------------A.AUTO1-------------------------------------------
[Distance] P1: -1.000000 P2: -1.000000 P3: 1.000000 
[Distance] Global distance: 1.000000
#-----------------------------------------------------------------------------
#---------------------------------A.GPS.FS1-------------------------------------------
[Distance] P1: 1.000000 P2: -1.500000 P3: 1.000000 
[Distance] Global distance: 1.500000
#-----------------------------------------------------------------------------
#---------------------------------A.GPS.FS2-------------------------------------------
[Distance] P1: -1.000000 P2: 1.000000 P3: -1.000000 
[Distance] Global distance: 1.000000
#-----------------------------------------------------------------------------
#---------------------------------A.RC.FS1-------------------------------------------
[Distance] P1: -1.000000 P2: 0.000000 
[Distance] Global distance: 1.000000
#-----------------------------------------------------------------------------
#---------------------------------A.RC.FS2-------------------------------------------
[Distance] P1: 0.000000 P2: 1.000000 
[Distance] Global distance: 0.000000
#-----------------------------------------------------------------------------
#---------------------------------A.SPORT1-------------------------------------------
[Distance] P1: -1.000000 P2: -1.000000 
[Distance] Global distance: 1.000000
#-----------------------------------------------------------------------------
#---------------------------------A.GUIDED1-------------------------------------------
[Distance] P1: 1.000000 P2: 1.000000 P3: -1.000000 P4: -1.000000 P5: -1.000000 
[Distance] Global distance: 1.000000
#-----------------------------------------------------------------------------
#---------------------------------A.LOITER1-------------------------------------------
[Distance] P1: -1.000000 P2: -1.000000 P3: -1.000000 P4: -1.000000 
[Distance] Global distance: 1.000000
#-----------------------------------------------------------------------------
#---------------------------------A.DRIFT1-------------------------------------------
[Distance] P1: -1.000000 P2: -1.000000 P3: -1.000000 
[Distance] Global distance: 1.000000
#-----------------------------------------------------------------------------
#---------------------------------A.BRAKE1-------------------------------------------
[Distance] P1: -1.000000 P2: -1.000000 
[Distance] Global distance: 1.000000
#-----------------------------------------------------------------------------
[Execute_env] (SIM_VIB_FREQ_Z, 47.770834445398535)
#---------------------------------A.CHUTE-------------------------------------------
[Distance] P1: -1.000000 P2: -1.000000 P3: -1.000000 P4: 0.000000 P5: 0.000000 
[Distance] Global distance: 1.000000
#-----------------------------------------------------------------------------
#---------------------------------A.RTL1-------------------------------------------
[Distance] P1: 1.000000 P2: 0.000000 P3: -1.000000 P4: 0.000000 
[Distance] Global distance: 1.000000
#-----------------------------------------------------------------------------
#---------------------------------A.RTL2-------------------------------------------
[Distance] P1: -1.000000 P2: 0.000000 P3: 1.000000 P4: 1.000000 P5: -1.000000 
[Distance] Global distance: 1.000000
#-----------------------------------------------------------------------------
#---------------------------------A.RTL3-------------------------------------------
[Distance] P1: -1.000000 P2: 0.000000 P3: -1.000000 P4: 0.000000 
[Distance] Global distance: 1.000000
#-----------------------------------------------------------------------------
#---------------------------------A.RTL4-------------------------------------------
[Distance] P1: -1.000000 P2: 0.000000 P3: 1.000000 
[Distance] Global distance: 1.000000
#-----------------------------------------------------------------------------
#---------------------------------A.FLIP1-------------------------------------------
[Distance] P1: -1.000000 P2: 1.000000 P3: -1.000000 P4: -1.000000 P5: -1.000000 
[Distance] Global distance: 1.000000
#-----------------------------------------------------------------------------
#---------------------------------A.FLIP2-------------------------------------------
[Distance] P1: -1.000000 P2: 1.000000 P3: -1.000000 P4: 1.000000 
[Distance] Global distance: 1.000000
#-----------------------------------------------------------------------------
#---------------------------------A.FLIP3-------------------------------------------
[Distance] P1: -1.000000 P2: 1.000000 P3: 1.000000 P4: 1.000000 
[Distance] Global distance: 1.000000
#-----------------------------------------------------------------------------
#---------------------------------A.FLIP4-------------------------------------------
[Distance] P1: -1.000000 P2: 1.000000 
[Distance] Global distance: 1.000000
#-----------------------------------------------------------------------------
#---------------------------------A.ALT_HOLD1-------------------------------------------
[Distance] P1: 1.000000 P2: -1.000000 P3: -1.000000 
[Distance] Global distance: 1.000000
#-----------------------------------------------------------------------------
#---------------------------------A.ALT_HOLD2-------------------------------------------
[Distance] P1: -1.000000 P2: -1.000000 P3: -1.000000 
[Distance] Global distance: 1.000000
#-----------------------------------------------------------------------------
#---------------------------------A.CIRCLE1-------------------------------------------
[Distance] P1: -1.000000 P2: 0.000000 P3: -1.000000 P4: 0.000000 
[Distance] Global distance: 1.000000
#-----------------------------------------------------------------------------
#---------------------------------A.CIRCLE2-------------------------------------------
[Distance] P1: -1.000000 P2: 0.000000 P3: 0.000000 
[Distance] Global distance: 1.000000
#-----------------------------------------------------------------------------
#---------------------------------A.CIRCLE3-------------------------------------------
[Distance] P1: -1.000000 P2: 0.000000 P3: -1.000000 P4: -1.000000 
[Distance] Global distance: 1.000000
#-----------------------------------------------------------------------------
#---------------------------------A.CIRCLE4-6-------------------------------------------
[Distance] P1: -1.000000 P2: 0.000000 P3: -1.000000 P4: -1.000000 
[Distance] Global distance: 1.000000
#-----------------------------------------------------------------------------
#---------------------------------A.CIRCLE7-------------------------------------------
[Distance] P1: -1.000000 P2: -1.000000 P3: -1.000000 P4: -1.000000 
[Distance] Global distance: 1.000000
#-----------------------------------------------------------------------------
#---------------------------------A.LAND1-------------------------------------------
[Distance] P1: -1.000000 P2: 0.899999 P3: -1.000000 
[Distance] Global distance: 1.000000
#-----------------------------------------------------------------------------
#---------------------------------A.LAND2-------------------------------------------
[Distance] P1: -1.000000 P2: -8.999900 P3: -1.000000 
[Distance] Global distance: 8.999900
#-----------------------------------------------------------------------------
#---------------------------------A.AUTO1-------------------------------------------
[Distance] P1: -1.000000 P2: -1.000000 P3: 1.000000 
[Distance] Global distance: 1.000000
#-----------------------------------------------------------------------------
#---------------------------------A.GPS.FS1-------------------------------------------
[Distance] P1: 1.000000 P2: -1.500000 P3: 1.000000 
[Distance] Global distance: 1.500000
#-----------------------------------------------------------------------------
#---------------------------------A.GPS.FS2-------------------------------------------
[Distance] P1: -1.000000 P2: 1.000000 P3: -1.000000 
[Distance] Global distance: 1.000000
#-----------------------------------------------------------------------------
#---------------------------------A.RC.FS1-------------------------------------------
[Distance] P1: -1.000000 P2: 0.000000 
[Distance] Global distance: 1.000000
#-----------------------------------------------------------------------------
#---------------------------------A.RC.FS2-------------------------------------------
[Distance] P1: 0.000000 P2: 1.000000 
[Distance] Global distance: 0.000000
#-----------------------------------------------------------------------------
#---------------------------------A.SPORT1-------------------------------------------
[Distance] P1: -1.000000 P2: -1.000000 
[Distance] Global distance: 1.000000
#-----------------------------------------------------------------------------
#---------------------------------A.GUIDED1-------------------------------------------
[Distance] P1: 1.000000 P2: 1.000000 P3: -1.000000 P4: -1.000000 P5: -1.000000 
[Distance] Global distance: 1.000000
#-----------------------------------------------------------------------------
#---------------------------------A.LOITER1-------------------------------------------
[Distance] P1: -1.000000 P2: -1.000000 P3: -1.000000 P4: -1.000000 
[Distance] Global distance: 1.000000
#-----------------------------------------------------------------------------
#---------------------------------A.DRIFT1-------------------------------------------
[Distance] P1: -1.000000 P2: -1.000000 P3: -1.000000 
[Distance] Global distance: 1.000000
#-----------------------------------------------------------------------------
#---------------------------------A.BRAKE1-------------------------------------------
[Distance] P1: -1.000000 P2: -1.000000 
[Distance] Global distance: 1.000000
#-----------------------------------------------------------------------------
### Next round (2) for fuzzing commands. ###
#---------------------------------A.CHUTE-------------------------------------------
[Distance] P1: -1.000000 P2: -1.000000 P3: -1.000000 P4: 0.000000 P5: 0.000000 
[Distance] Global distance: 1.000000
#-----------------------------------------------------------------------------
#---------------------------------A.RTL1-------------------------------------------
[Distance] P1: 1.000000 P2: 0.000000 P3: -1.000000 P4: 0.000000 
[Distance] Global distance: 1.000000
#-----------------------------------------------------------------------------
#---------------------------------A.RTL2-------------------------------------------
[Distance] P1: -1.000000 P2: 0.000000 P3: 1.000000 P4: 1.000000 P5: -1.000000 
[Distance] Global distance: 1.000000
#-----------------------------------------------------------------------------
#---------------------------------A.RTL3-------------------------------------------
[Distance] P1: -1.000000 P2: 0.000000 P3: -1.000000 P4: 0.000000 
[Distance] Global distance: 1.000000
#-----------------------------------------------------------------------------
#---------------------------------A.RTL4-------------------------------------------
[Distance] P1: -1.000000 P2: 0.000000 P3: 1.000000 
[Distance] Global distance: 1.000000
#-----------------------------------------------------------------------------
#---------------------------------A.FLIP1-------------------------------------------
[Distance] P1: -1.000000 P2: 1.000000 P3: -1.000000 P4: -1.000000 P5: -1.000000 
[Distance] Global distance: 1.000000
#-----------------------------------------------------------------------------
#---------------------------------A.FLIP2-------------------------------------------
[Distance] P1: -1.000000 P2: 1.000000 P3: -1.000000 P4: 1.000000 
[Distance] Global distance: 1.000000
#-----------------------------------------------------------------------------
#---------------------------------A.FLIP3-------------------------------------------
[Distance] P1: -1.000000 P2: 1.000000 P3: 1.000000 P4: 1.000000 
[Distance] Global distance: 1.000000
#-----------------------------------------------------------------------------
#---------------------------------A.FLIP4-------------------------------------------
[Distance] P1: -1.000000 P2: 1.000000 
[Distance] Global distance: 1.000000
#-----------------------------------------------------------------------------
#---------------------------------A.ALT_HOLD1-------------------------------------------
[Distance] P1: 1.000000 P2: -1.000000 P3: -1.000000 
[Distance] Global distance: 1.000000
#-----------------------------------------------------------------------------
#---------------------------------A.ALT_HOLD2-------------------------------------------
[Distance] P1: -1.000000 P2: -1.000000 P3: -1.000000 
[Distance] Global distance: 1.000000
#-----------------------------------------------------------------------------
#---------------------------------A.CIRCLE1-------------------------------------------
[Distance] P1: -1.000000 P2: 0.000000 P3: -1.000000 P4: 0.000000 
[Distance] Global distance: 1.000000
#-----------------------------------------------------------------------------
#---------------------------------A.CIRCLE2-------------------------------------------
[Distance] P1: -1.000000 P2: 0.000000 P3: 0.000000 
[Distance] Global distance: 1.000000
#-----------------------------------------------------------------------------
#---------------------------------A.CIRCLE3-------------------------------------------
[Distance] P1: -1.000000 P2: 0.000000 P3: -1.000000 P4: -1.000000 
[Distance] Global distance: 1.000000
#-----------------------------------------------------------------------------
#---------------------------------A.CIRCLE4-6-------------------------------------------
[Distance] P1: -1.000000 P2: 0.000000 P3: -1.000000 P4: -1.000000 
[Distance] Global distance: 1.000000
#-----------------------------------------------------------------------------
#---------------------------------A.CIRCLE7-------------------------------------------
[Distance] P1: -1.000000 P2: -1.000000 P3: -1.000000 P4: -1.000000 
[Distance] Global distance: 1.000000
#-----------------------------------------------------------------------------
#---------------------------------A.LAND1-------------------------------------------
[Distance] P1: -1.000000 P2: 0.900001 P3: -1.000000 
[Distance] Global distance: 1.000000
#-----------------------------------------------------------------------------
#---------------------------------A.LAND2-------------------------------------------
[Distance] P1: -1.000000 P2: -9.000100 P3: -1.000000 
[Distance] Global distance: 9.000100
#-----------------------------------------------------------------------------
#---------------------------------A.AUTO1-------------------------------------------
[Distance] P1: -1.000000 P2: -1.000000 P3: 1.000000 
[Distance] Global distance: 1.000000
#-----------------------------------------------------------------------------
#---------------------------------A.GPS.FS1-------------------------------------------
[Distance] P1: 1.000000 P2: -1.500000 P3: 1.000000 
[Distance] Global distance: 1.500000
#-----------------------------------------------------------------------------
#---------------------------------A.GPS.FS2-------------------------------------------
[Distance] P1: -1.000000 P2: 1.000000 P3: -1.000000 
[Distance] Global distance: 1.000000
#-----------------------------------------------------------------------------
#---------------------------------A.RC.FS1-------------------------------------------
[Distance] P1: -1.000000 P2: 0.000000 
[Distance] Global distance: 1.000000
#-----------------------------------------------------------------------------
#---------------------------------A.RC.FS2-------------------------------------------
[Distance] P1: 0.000000 P2: 1.000000 
[Distance] Global distance: 0.000000
#-----------------------------------------------------------------------------
#---------------------------------A.SPORT1-------------------------------------------
[Distance] P1: -1.000000 P2: -1.000000 
[Distance] Global distance: 1.000000
#-----------------------------------------------------------------------------
#---------------------------------A.GUIDED1-------------------------------------------
[Distance] P1: 1.000000 P2: 1.000000 P3: -1.000000 P4: -1.000000 P5: -1.000000 
[Distance] Global distance: 1.000000
#-----------------------------------------------------------------------------
#---------------------------------A.LOITER1-------------------------------------------
[Distance] P1: -1.000000 P2: -1.000000 P3: -1.000000 P4: -1.000000 
[Distance] Global distance: 1.000000
#-----------------------------------------------------------------------------
#---------------------------------A.DRIFT1-------------------------------------------
[Distance] P1: -1.000000 P2: -1.000000 P3: -1.000000 
[Distance] Global distance: 1.000000
#-----------------------------------------------------------------------------
#---------------------------------A.BRAKE1-------------------------------------------
[Distance] P1: -1.000000 P2: -1.000000 
[Distance] Global distance: 1.000000
#-----------------------------------------------------------------------------
# [Change_parameter()] selected params: ATC_RAT_RLL_FLTT
# [Change_parameter()] selected params: ATC_RAT_RLL_FLTT, min: 5.000000, max: 50.000000, random digit param value:31
#---------------------------------A.CHUTE-------------------------------------------
[Distance] P1: -1.000000 P2: -1.000000 P3: -1.000000 P4: 0.000000 P5: 0.000000 
[Distance] Global distance: 1.000000
#-----------------------------------------------------------------------------
#---------------------------------A.RTL1-------------------------------------------
[Distance] P1: 1.000000 P2: 0.000000 P3: -1.000000 P4: 0.000000 
[Distance] Global distance: 1.000000
#-----------------------------------------------------------------------------
#---------------------------------A.RTL2-------------------------------------------
[Distance] P1: -1.000000 P2: 0.000000 P3: 1.000000 P4: 1.000000 P5: -1.000000 
[Distance] Global distance: 1.000000
#-----------------------------------------------------------------------------
#---------------------------------A.RTL3-------------------------------------------
[Distance] P1: -1.000000 P2: 0.000000 P3: -1.000000 P4: 0.000000 
[Distance] Global distance: 1.000000
#-----------------------------------------------------------------------------
#---------------------------------A.RTL4-------------------------------------------
[Distance] P1: -1.000000 P2: 0.000000 P3: 1.000000 
[Distance] Global distance: 1.000000
#-----------------------------------------------------------------------------
#---------------------------------A.FLIP1-------------------------------------------
[Distance] P1: -1.000000 P2: 1.000000 P3: -1.000000 P4: -1.000000 P5: -1.000000 
[Distance] Global distance: 1.000000
#-----------------------------------------------------------------------------
#---------------------------------A.FLIP2-------------------------------------------
[Distance] P1: -1.000000 P2: 1.000000 P3: -1.000000 P4: 1.000000 
[Distance] Global distance: 1.000000
#-----------------------------------------------------------------------------
#---------------------------------A.FLIP3-------------------------------------------
[Distance] P1: -1.000000 P2: 1.000000 P3: 1.000000 P4: 1.000000 
[Distance] Global distance: 1.000000
#-----------------------------------------------------------------------------
#---------------------------------A.FLIP4-------------------------------------------
[Distance] P1: -1.000000 P2: 1.000000 
[Distance] Global distance: 1.000000
#-----------------------------------------------------------------------------
#---------------------------------A.ALT_HOLD1-------------------------------------------
[Distance] P1: 1.000000 P2: -1.000000 P3: -1.000000 
[Distance] Global distance: 1.000000
#-----------------------------------------------------------------------------
#---------------------------------A.ALT_HOLD2-------------------------------------------
[Distance] P1: -1.000000 P2: -1.000000 P3: -1.000000 
[Distance] Global distance: 1.000000
#-----------------------------------------------------------------------------
#---------------------------------A.CIRCLE1-------------------------------------------
[Distance] P1: -1.000000 P2: 0.000000 P3: -1.000000 P4: 0.000000 
[Distance] Global distance: 1.000000
#-----------------------------------------------------------------------------
#---------------------------------A.CIRCLE2-------------------------------------------
[Distance] P1: -1.000000 P2: 0.000000 P3: 0.000000 
[Distance] Global distance: 1.000000
#-----------------------------------------------------------------------------
#---------------------------------A.CIRCLE3-------------------------------------------
[Distance] P1: -1.000000 P2: 0.000000 P3: -1.000000 P4: -1.000000 
[Distance] Global distance: 1.000000
#-----------------------------------------------------------------------------
#---------------------------------A.CIRCLE4-6-------------------------------------------
[Distance] P1: -1.000000 P2: 0.000000 P3: -1.000000 P4: -1.000000 
[Distance] Global distance: 1.000000
#-----------------------------------------------------------------------------
#---------------------------------A.CIRCLE7-------------------------------------------
[Distance] P1: -1.000000 P2: -1.000000 P3: -1.000000 P4: -1.000000 
[Distance] Global distance: 1.000000
#-----------------------------------------------------------------------------
#---------------------------------A.LAND1-------------------------------------------
[Distance] P1: -1.000000 P2: 0.899999 P3: -1.000000 
[Distance] Global distance: 1.000000
#-----------------------------------------------------------------------------
#---------------------------------A.LAND2-------------------------------------------
[Distance] P1: -1.000000 P2: -8.999900 P3: -1.000000 
[Distance] Global distance: 8.999900
#-----------------------------------------------------------------------------
#---------------------------------A.AUTO1-------------------------------------------
[Distance] P1: -1.000000 P2: -1.000000 P3: 1.000000 
[Distance] Global distance: 1.000000
#-----------------------------------------------------------------------------
#---------------------------------A.GPS.FS1-------------------------------------------
[Distance] P1: 1.000000 P2: -1.500000 P3: 1.000000 
[Distance] Global distance: 1.500000
#-----------------------------------------------------------------------------
#---------------------------------A.GPS.FS2-------------------------------------------
[Distance] P1: -1.000000 P2: 1.000000 P3: -1.000000 
[Distance] Global distance: 1.000000
#-----------------------------------------------------------------------------
#---------------------------------A.RC.FS1-------------------------------------------
[Distance] P1: -1.000000 P2: 0.000000 
[Distance] Global distance: 1.000000
#-----------------------------------------------------------------------------
#---------------------------------A.RC.FS2-------------------------------------------
[Distance] P1: 0.000000 P2: 1.000000 
[Distance] Global distance: 0.000000
#-----------------------------------------------------------------------------
#---------------------------------A.SPORT1-------------------------------------------
[Distance] P1: -1.000000 P2: -1.000000 
[Distance] Global distance: 1.000000
#-----------------------------------------------------------------------------
#---------------------------------A.GUIDED1-------------------------------------------
[Distance] P1: 1.000000 P2: 1.000000 P3: -1.000000 P4: -1.000000 P5: -1.000000 
[Distance] Global distance: 1.000000
#-----------------------------------------------------------------------------
#---------------------------------A.LOITER1-------------------------------------------
[Distance] P1: -1.000000 P2: -1.000000 P3: -1.000000 P4: -1.000000 
[Distance] Global distance: 1.000000
#-----------------------------------------------------------------------------
#---------------------------------A.DRIFT1-------------------------------------------
[Distance] P1: -1.000000 P2: -1.000000 P3: -1.000000 
[Distance] Global distance: 1.000000
#-----------------------------------------------------------------------------
#---------------------------------A.BRAKE1-------------------------------------------
[Distance] P1: -1.000000 P2: -1.000000 
[Distance] Global distance: 1.000000
#-----------------------------------------------------------------------------
### Next round (3) for fuzzing commands. ###
#---------------------------------A.CHUTE-------------------------------------------
[Distance] P1: -1.000000 P2: -1.000000 P3: -1.000000 P4: 0.000000 P5: 0.000000 
[Distance] Global distance: 1.000000
#-----------------------------------------------------------------------------
#---------------------------------A.RTL1-------------------------------------------
[Distance] P1: 1.000000 P2: 0.000000 P3: -1.000000 P4: 0.000000 
[Distance] Global distance: 1.000000
#-----------------------------------------------------------------------------
#---------------------------------A.RTL2-------------------------------------------
[Distance] P1: -1.000000 P2: 0.000000 P3: 1.000000 P4: -1.000000 P5: -1.000000 
[Distance] Global distance: 1.000000
#-----------------------------------------------------------------------------
#---------------------------------A.RTL3-------------------------------------------
[Distance] P1: -1.000000 P2: 0.000000 P3: -1.000000 P4: 0.000000 
[Distance] Global distance: 1.000000
#-----------------------------------------------------------------------------
#---------------------------------A.RTL4-------------------------------------------
[Distance] P1: -1.000000 P2: 0.000000 P3: 1.000000 
[Distance] Global distance: 1.000000
#-----------------------------------------------------------------------------
#---------------------------------A.FLIP1-------------------------------------------
[Distance] P1: -1.000000 P2: 1.000000 P3: -1.000000 P4: -1.000000 P5: -1.000000 
[Distance] Global distance: 1.000000
#-----------------------------------------------------------------------------
#---------------------------------A.FLIP2-------------------------------------------
[Distance] P1: -1.000000 P2: 1.000000 P3: -1.000000 P4: 1.000000 
[Distance] Global distance: 1.000000
#-----------------------------------------------------------------------------
#---------------------------------A.FLIP3-------------------------------------------
[Distance] P1: -1.000000 P2: 1.000000 P3: 1.000000 P4: 1.000000 
[Distance] Global distance: 1.000000
#-----------------------------------------------------------------------------
#---------------------------------A.FLIP4-------------------------------------------
[Distance] P1: -1.000000 P2: 1.000000 
[Distance] Global distance: 1.000000
#-----------------------------------------------------------------------------
#---------------------------------A.ALT_HOLD1-------------------------------------------
[Distance] P1: 1.000000 P2: -1.000000 P3: -1.000000 
[Distance] Global distance: 1.000000
#-----------------------------------------------------------------------------
#---------------------------------A.ALT_HOLD2-------------------------------------------
[Distance] P1: -1.000000 P2: -1.000000 P3: -1.000000 
[Distance] Global distance: 1.000000
#-----------------------------------------------------------------------------
#---------------------------------A.CIRCLE1-------------------------------------------
[Distance] P1: -1.000000 P2: 0.000000 P3: -1.000000 P4: 0.000000 
[Distance] Global distance: 1.000000
#-----------------------------------------------------------------------------
#---------------------------------A.CIRCLE2-------------------------------------------
[Distance] P1: -1.000000 P2: 0.000000 P3: 0.000000 
[Distance] Global distance: 1.000000
#-----------------------------------------------------------------------------
#---------------------------------A.CIRCLE3-------------------------------------------
[Distance] P1: -1.000000 P2: 0.000000 P3: -1.000000 P4: -1.000000 
[Distance] Global distance: 1.000000
#-----------------------------------------------------------------------------
#---------------------------------A.CIRCLE4-6-------------------------------------------
[Distance] P1: -1.000000 P2: 0.000000 P3: -1.000000 P4: -1.000000 
[Distance] Global distance: 1.000000
#-----------------------------------------------------------------------------
#---------------------------------A.CIRCLE7-------------------------------------------
[Distance] P1: -1.000000 P2: -1.000000 P3: -1.000000 P4: -1.000000 
[Distance] Global distance: 1.000000
#-----------------------------------------------------------------------------
#---------------------------------A.LAND1-------------------------------------------
[Distance] P1: -1.000000 P2: 0.899999 P3: -1.000000 
[Distance] Global distance: 1.000000
#-----------------------------------------------------------------------------
#---------------------------------A.LAND2-------------------------------------------
[Distance] P1: -1.000000 P2: -8.999900 P3: -1.000000 
[Distance] Global distance: 8.999900
#-----------------------------------------------------------------------------
#---------------------------------A.AUTO1-------------------------------------------
[Distance] P1: -1.000000 P2: -1.000000 P3: 1.000000 
[Distance] Global distance: 1.000000
#-----------------------------------------------------------------------------
#---------------------------------A.GPS.FS1-------------------------------------------
[Distance] P1: 1.000000 P2: -1.500000 P3: 1.000000 
[Distance] Global distance: 1.500000
#-----------------------------------------------------------------------------
#---------------------------------A.GPS.FS2-------------------------------------------
[Distance] P1: -1.000000 P2: 1.000000 P3: -1.000000 
[Distance] Global distance: 1.000000
#-----------------------------------------------------------------------------
#---------------------------------A.RC.FS1-------------------------------------------
[Distance] P1: -1.000000 P2: 0.000000 
[Distance] Global distance: 1.000000
#-----------------------------------------------------------------------------
#---------------------------------A.RC.FS2-------------------------------------------
[Distance] P1: 0.000000 P2: 1.000000 
[Distance] Global distance: 0.000000
#-----------------------------------------------------------------------------
#---------------------------------A.SPORT1-------------------------------------------
[Distance] P1: -1.000000 P2: -1.000000 
[Distance] Global distance: 1.000000
#-----------------------------------------------------------------------------
#---------------------------------A.GUIDED1-------------------------------------------
[Distance] P1: 1.000000 P2: 1.000000 P3: -1.000000 P4: -1.000000 P5: -1.000000 
[Distance] Global distance: 1.000000
#-----------------------------------------------------------------------------
#---------------------------------A.LOITER1-------------------------------------------
[Distance] P1: -1.000000 P2: -1.000000 P3: -1.000000 P4: -1.000000 
[Distance] Global distance: 1.000000
#-----------------------------------------------------------------------------
#---------------------------------A.DRIFT1-------------------------------------------
[Distance] P1: -1.000000 P2: -1.000000 P3: -1.000000 
[Distance] Global distance: 1.000000
#-----------------------------------------------------------------------------
#---------------------------------A.BRAKE1-------------------------------------------
[Distance] P1: -1.000000 P2: -1.000000 
[Distance] Global distance: 1.000000
#-----------------------------------------------------------------------------
[Execute_env] (SIM_GPS_NUMSATS, 58.747709711522646)
#---------------------------------A.CHUTE-------------------------------------------
[Distance] P1: -1.000000 P2: -1.000000 P3: -1.000000 P4: 0.000000 P5: 0.000000 
[Distance] Global distance: 1.000000
#-----------------------------------------------------------------------------
#---------------------------------A.RTL1-------------------------------------------
[Distance] P1: 1.000000 P2: 0.000000 P3: -1.000000 P4: 0.000000 
[Distance] Global distance: 1.000000
#-----------------------------------------------------------------------------
#---------------------------------A.RTL2-------------------------------------------
[Distance] P1: -1.000000 P2: 0.000000 P3: 1.000000 P4: 1.000000 P5: -1.000000 
[Distance] Global distance: 1.000000
#-----------------------------------------------------------------------------
#---------------------------------A.RTL3-------------------------------------------
[Distance] P1: -1.000000 P2: 0.000000 P3: -1.000000 P4: 0.000000 
[Distance] Global distance: 1.000000
#-----------------------------------------------------------------------------
#---------------------------------A.RTL4-------------------------------------------
[Distance] P1: -1.000000 P2: 0.000000 P3: 1.000000 
[Distance] Global distance: 1.000000
#-----------------------------------------------------------------------------
#---------------------------------A.FLIP1-------------------------------------------
[Distance] P1: -1.000000 P2: 1.000000 P3: -1.000000 P4: -1.000000 P5: -1.000000 
[Distance] Global distance: 1.000000
#-----------------------------------------------------------------------------
#---------------------------------A.FLIP2-------------------------------------------
[Distance] P1: -1.000000 P2: 1.000000 P3: -1.000000 P4: 1.000000 
[Distance] Global distance: 1.000000
#-----------------------------------------------------------------------------
#---------------------------------A.FLIP3-------------------------------------------
[Distance] P1: -1.000000 P2: 1.000000 P3: 1.000000 P4: 1.000000 
[Distance] Global distance: 1.000000
#-----------------------------------------------------------------------------
#---------------------------------A.FLIP4-------------------------------------------
[Distance] P1: -1.000000 P2: 1.000000 
[Distance] Global distance: 1.000000
#-----------------------------------------------------------------------------
#---------------------------------A.ALT_HOLD1-------------------------------------------
[Distance] P1: 1.000000 P2: -1.000000 P3: -1.000000 
[Distance] Global distance: 1.000000
#-----------------------------------------------------------------------------
#---------------------------------A.ALT_HOLD2-------------------------------------------
[Distance] P1: -1.000000 P2: -1.000000 P3: -1.000000 
[Distance] Global distance: 1.000000
#-----------------------------------------------------------------------------
#---------------------------------A.CIRCLE1-------------------------------------------
[Distance] P1: -1.000000 P2: 0.000000 P3: -1.000000 P4: 0.000000 
[Distance] Global distance: 1.000000
#-----------------------------------------------------------------------------
#---------------------------------A.CIRCLE2-------------------------------------------
[Distance] P1: -1.000000 P2: 0.000000 P3: 0.000000 
[Distance] Global distance: 1.000000
#-----------------------------------------------------------------------------
#---------------------------------A.CIRCLE3-------------------------------------------
[Distance] P1: -1.000000 P2: 0.000000 P3: -1.000000 P4: -1.000000 
[Distance] Global distance: 1.000000
#-----------------------------------------------------------------------------
#---------------------------------A.CIRCLE4-6-------------------------------------------
[Distance] P1: -1.000000 P2: 0.000000 P3: -1.000000 P4: -1.000000 
[Distance] Global distance: 1.000000
#-----------------------------------------------------------------------------
#---------------------------------A.CIRCLE7-------------------------------------------
[Distance] P1: -1.000000 P2: -1.000000 P3: -1.000000 P4: -1.000000 
[Distance] Global distance: 1.000000
#-----------------------------------------------------------------------------
#---------------------------------A.LAND1-------------------------------------------
[Distance] P1: -1.000000 P2: 0.900001 P3: -1.000000 
[Distance] Global distance: 1.000000
#-----------------------------------------------------------------------------
#---------------------------------A.LAND2-------------------------------------------
[Distance] P1: -1.000000 P2: -9.000100 P3: -1.000000 
[Distance] Global distance: 9.000100
#-----------------------------------------------------------------------------
#---------------------------------A.AUTO1-------------------------------------------
[Distance] P1: -1.000000 P2: -1.000000 P3: 1.000000 
[Distance] Global distance: 1.000000
#-----------------------------------------------------------------------------
#---------------------------------A.GPS.FS1-------------------------------------------
[Distance] P1: 1.000000 P2: -1.500000 P3: 1.000000 
[Distance] Global distance: 1.500000
#-----------------------------------------------------------------------------
#---------------------------------A.GPS.FS2-------------------------------------------
[Distance] P1: -1.000000 P2: 1.000000 P3: -1.000000 
[Distance] Global distance: 1.000000
#-----------------------------------------------------------------------------
#---------------------------------A.RC.FS1-------------------------------------------
[Distance] P1: -1.000000 P2: 0.000000 
[Distance] Global distance: 1.000000
#-----------------------------------------------------------------------------
#---------------------------------A.RC.FS2-------------------------------------------
[Distance] P1: 0.000000 P2: 1.000000 
[Distance] Global distance: 0.000000
#-----------------------------------------------------------------------------
#---------------------------------A.SPORT1-------------------------------------------
[Distance] P1: -1.000000 P2: -1.000000 
[Distance] Global distance: 1.000000
#-----------------------------------------------------------------------------
#---------------------------------A.GUIDED1-------------------------------------------
[Distance] P1: 1.000000 P2: 1.000000 P3: -1.000000 P4: -1.000000 P5: -1.000000 
[Distance] Global distance: 1.000000
#-----------------------------------------------------------------------------
#---------------------------------A.LOITER1-------------------------------------------
[Distance] P1: -1.000000 P2: -1.000000 P3: -1.000000 P4: -1.000000 
[Distance] Global distance: 1.000000
#-----------------------------------------------------------------------------
#---------------------------------A.DRIFT1-------------------------------------------
[Distance] P1: -1.000000 P2: -1.000000 P3: -1.000000 
[Distance] Global distance: 1.000000
#-----------------------------------------------------------------------------
#---------------------------------A.BRAKE1-------------------------------------------
[Distance] P1: -1.000000 P2: -1.000000 
[Distance] Global distance: 1.000000
#-----------------------------------------------------------------------------
### Next round (4) for fuzzing commands. ###
#---------------------------------A.CHUTE-------------------------------------------
[Distance] P1: -1.000000 P2: -1.000000 P3: -1.000000 P4: 0.000000 P5: 0.000000 
[Distance] Global distance: 1.000000
#-----------------------------------------------------------------------------
#---------------------------------A.RTL1-------------------------------------------
[Distance] P1: 1.000000 P2: 0.000000 P3: -1.000000 P4: 0.000000 
[Distance] Global distance: 1.000000
#-----------------------------------------------------------------------------
#---------------------------------A.RTL2-------------------------------------------
[Distance] P1: -1.000000 P2: 0.000000 P3: 1.000000 P4: 1.000000 P5: -1.000000 
[Distance] Global distance: 1.000000
#-----------------------------------------------------------------------------
#---------------------------------A.RTL3-------------------------------------------
[Distance] P1: -1.000000 P2: 0.000000 P3: -1.000000 P4: 0.000000 
[Distance] Global distance: 1.000000
#-----------------------------------------------------------------------------
#---------------------------------A.RTL4-------------------------------------------
[Distance] P1: -1.000000 P2: 0.000000 P3: 1.000000 
[Distance] Global distance: 1.000000
#-----------------------------------------------------------------------------
#---------------------------------A.FLIP1-------------------------------------------
[Distance] P1: -1.000000 P2: 1.000000 P3: -1.000000 P4: -1.000000 P5: -1.000000 
[Distance] Global distance: 1.000000
#-----------------------------------------------------------------------------
#---------------------------------A.FLIP2-------------------------------------------
[Distance] P1: -1.000000 P2: 1.000000 P3: -1.000000 P4: 1.000000 
[Distance] Global distance: 1.000000
#-----------------------------------------------------------------------------
#---------------------------------A.FLIP3-------------------------------------------
[Distance] P1: -1.000000 P2: 1.000000 P3: 1.000000 P4: 1.000000 
[Distance] Global distance: 1.000000
#-----------------------------------------------------------------------------
#---------------------------------A.FLIP4-------------------------------------------
[Distance] P1: -1.000000 P2: 1.000000 
[Distance] Global distance: 1.000000
#-----------------------------------------------------------------------------
#---------------------------------A.ALT_HOLD1-------------------------------------------
[Distance] P1: 1.000000 P2: -1.000000 P3: -1.000000 
[Distance] Global distance: 1.000000
#-----------------------------------------------------------------------------
#---------------------------------A.ALT_HOLD2-------------------------------------------
[Distance] P1: -1.000000 P2: -1.000000 P3: -1.000000 
[Distance] Global distance: 1.000000
#-----------------------------------------------------------------------------
#---------------------------------A.CIRCLE1-------------------------------------------
[Distance] P1: -1.000000 P2: 0.000000 P3: -1.000000 P4: 0.000000 
[Distance] Global distance: 1.000000
#-----------------------------------------------------------------------------
#---------------------------------A.CIRCLE2-------------------------------------------
[Distance] P1: -1.000000 P2: 0.000000 P3: 0.000000 
[Distance] Global distance: 1.000000
#-----------------------------------------------------------------------------
#---------------------------------A.CIRCLE3-------------------------------------------
[Distance] P1: -1.000000 P2: 0.000000 P3: -1.000000 P4: -1.000000 
[Distance] Global distance: 1.000000
#-----------------------------------------------------------------------------
#---------------------------------A.CIRCLE4-6-------------------------------------------
[Distance] P1: -1.000000 P2: 0.000000 P3: -1.000000 P4: -1.000000 
[Distance] Global distance: 1.000000
#-----------------------------------------------------------------------------
#---------------------------------A.CIRCLE7-------------------------------------------
[Distance] P1: -1.000000 P2: -1.000000 P3: -1.000000 P4: -1.000000 
[Distance] Global distance: 1.000000
#-----------------------------------------------------------------------------
#---------------------------------A.LAND1-------------------------------------------
[Distance] P1: -1.000000 P2: 0.900001 P3: -1.000000 
[Distance] Global distance: 1.000000
#-----------------------------------------------------------------------------
#---------------------------------A.LAND2-------------------------------------------
[Distance] P1: -1.000000 P2: -9.000100 P3: -1.000000 
[Distance] Global distance: 9.000100
#-----------------------------------------------------------------------------
#---------------------------------A.AUTO1-------------------------------------------
[Distance] P1: -1.000000 P2: -1.000000 P3: 1.000000 
[Distance] Global distance: 1.000000
#-----------------------------------------------------------------------------
#---------------------------------A.GPS.FS1-------------------------------------------
[Distance] P1: 1.000000 P2: -1.500000 P3: 1.000000 
[Distance] Global distance: 1.500000
#-----------------------------------------------------------------------------
#---------------------------------A.GPS.FS2-------------------------------------------
[Distance] P1: -1.000000 P2: 1.000000 P3: -1.000000 
[Distance] Global distance: 1.000000
#-----------------------------------------------------------------------------
#---------------------------------A.RC.FS1-------------------------------------------
[Distance] P1: -1.000000 P2: 0.000000 
[Distance] Global distance: 1.000000
#-----------------------------------------------------------------------------
#---------------------------------A.RC.FS2-------------------------------------------
[Distance] P1: 0.000000 P2: 1.000000 
[Distance] Global distance: 0.000000
#-----------------------------------------------------------------------------
#---------------------------------A.SPORT1-------------------------------------------
[Distance] P1: -1.000000 P2: -1.000000 
[Distance] Global distance: 1.000000
#-----------------------------------------------------------------------------
#---------------------------------A.GUIDED1-------------------------------------------
[Distance] P1: 1.000000 P2: 1.000000 P3: -1.000000 P4: -1.000000 P5: -1.000000 
[Distance] Global distance: 1.000000
#-----------------------------------------------------------------------------
#---------------------------------A.LOITER1-------------------------------------------
[Distance] P1: -1.000000 P2: -1.000000 P3: -1.000000 P4: -1.000000 
[Distance] Global distance: 1.000000
#-----------------------------------------------------------------------------
#---------------------------------A.DRIFT1-------------------------------------------
[Distance] P1: -1.000000 P2: -1.000000 P3: -1.000000 
[Distance] Global distance: 1.000000
#-----------------------------------------------------------------------------
#---------------------------------A.BRAKE1-------------------------------------------
[Distance] P1: -1.000000 P2: -1.000000 
[Distance] Global distance: 1.000000
#-----------------------------------------------------------------------------
[Execute_cmd] (MAV_CMD_DO_CANCEL_MAG_CAL, 88,87,50,86,55,5,24)
#---------------------------------A.CHUTE-------------------------------------------
[Distance] P1: -1.000000 P2: -1.000000 P3: -1.000000 P4: 0.000000 P5: 0.000000 
[Distance] Global distance: 1.000000
#-----------------------------------------------------------------------------
#---------------------------------A.RTL1-------------------------------------------
[Distance] P1: 1.000000 P2: 0.000000 P3: -1.000000 P4: 0.000000 
[Distance] Global distance: 1.000000
#-----------------------------------------------------------------------------
#---------------------------------A.RTL2-------------------------------------------
[Distance] P1: -1.000000 P2: 0.000000 P3: 1.000000 P4: 1.000000 P5: -1.000000 
[Distance] Global distance: 1.000000
#-----------------------------------------------------------------------------
#---------------------------------A.RTL3-------------------------------------------
[Distance] P1: -1.000000 P2: 0.000000 P3: -1.000000 P4: 0.000000 
[Distance] Global distance: 1.000000
#-----------------------------------------------------------------------------
#---------------------------------A.RTL4-------------------------------------------
[Distance] P1: -1.000000 P2: 0.000000 P3: 1.000000 
[Distance] Global distance: 1.000000
#-----------------------------------------------------------------------------
#---------------------------------A.FLIP1-------------------------------------------
[Distance] P1: -1.000000 P2: 1.000000 P3: -1.000000 P4: -1.000000 P5: -1.000000 
[Distance] Global distance: 1.000000
#-----------------------------------------------------------------------------
#---------------------------------A.FLIP2-------------------------------------------
[Distance] P1: -1.000000 P2: 1.000000 P3: -1.000000 P4: 1.000000 
[Distance] Global distance: 1.000000
#-----------------------------------------------------------------------------
#---------------------------------A.FLIP3-------------------------------------------
[Distance] P1: -1.000000 P2: 1.000000 P3: 1.000000 P4: 1.000000 
[Distance] Global distance: 1.000000
#-----------------------------------------------------------------------------
#---------------------------------A.FLIP4-------------------------------------------
[Distance] P1: -1.000000 P2: 1.000000 
[Distance] Global distance: 1.000000
#-----------------------------------------------------------------------------
#---------------------------------A.ALT_HOLD1-------------------------------------------
[Distance] P1: 1.000000 P2: -1.000000 P3: -1.000000 
[Distance] Global distance: 1.000000
#-----------------------------------------------------------------------------
#---------------------------------A.ALT_HOLD2-------------------------------------------
[Distance] P1: -1.000000 P2: -1.000000 P3: -1.000000 
[Distance] Global distance: 1.000000
#-----------------------------------------------------------------------------
#---------------------------------A.CIRCLE1-------------------------------------------
[Distance] P1: -1.000000 P2: 0.000000 P3: -1.000000 P4: 0.000000 
[Distance] Global distance: 1.000000
#-----------------------------------------------------------------------------
#---------------------------------A.CIRCLE2-------------------------------------------
[Distance] P1: -1.000000 P2: 0.000000 P3: 0.000000 
[Distance] Global distance: 1.000000
#-----------------------------------------------------------------------------
#---------------------------------A.CIRCLE3-------------------------------------------
[Distance] P1: -1.000000 P2: 0.000000 P3: -1.000000 P4: -1.000000 
[Distance] Global distance: 1.000000
#-----------------------------------------------------------------------------
#---------------------------------A.CIRCLE4-6-------------------------------------------
[Distance] P1: -1.000000 P2: 0.000000 P3: -1.000000 P4: -1.000000 
[Distance] Global distance: 1.000000
#-----------------------------------------------------------------------------
#---------------------------------A.CIRCLE7-------------------------------------------
[Distance] P1: -1.000000 P2: -1.000000 P3: -1.000000 P4: -1.000000 
[Distance] Global distance: 1.000000
#-----------------------------------------------------------------------------
#---------------------------------A.LAND1-------------------------------------------
[Distance] P1: -1.000000 P2: 0.899999 P3: -1.000000 
[Distance] Global distance: 1.000000
#-----------------------------------------------------------------------------
#---------------------------------A.LAND2-------------------------------------------
[Distance] P1: -1.000000 P2: -8.999900 P3: -1.000000 
[Distance] Global distance: 8.999900
#-----------------------------------------------------------------------------
#---------------------------------A.AUTO1-------------------------------------------
[Distance] P1: -1.000000 P2: -1.000000 P3: 1.000000 
[Distance] Global distance: 1.000000
#-----------------------------------------------------------------------------
#---------------------------------A.GPS.FS1-------------------------------------------
[Distance] P1: 1.000000 P2: -1.500000 P3: 1.000000 
[Distance] Global distance: 1.500000
#-----------------------------------------------------------------------------
#---------------------------------A.GPS.FS2-------------------------------------------
[Distance] P1: -1.000000 P2: 1.000000 P3: -1.000000 
[Distance] Global distance: 1.000000
#-----------------------------------------------------------------------------
#---------------------------------A.RC.FS1-------------------------------------------
[Distance] P1: -1.000000 P2: 0.000000 
[Distance] Global distance: 1.000000
#-----------------------------------------------------------------------------
#---------------------------------A.RC.FS2-------------------------------------------
[Distance] P1: 0.000000 P2: 1.000000 
[Distance] Global distance: 0.000000
#-----------------------------------------------------------------------------
#---------------------------------A.SPORT1-------------------------------------------
[Distance] P1: -1.000000 P2: -1.000000 
[Distance] Global distance: 1.000000
#-----------------------------------------------------------------------------
#---------------------------------A.GUIDED1-------------------------------------------
[Distance] P1: 1.000000 P2: 1.000000 P3: -1.000000 P4: -1.000000 P5: -1.000000 
[Distance] Global distance: 1.000000
#-----------------------------------------------------------------------------
#---------------------------------A.LOITER1-------------------------------------------
[Distance] P1: -1.000000 P2: -1.000000 P3: -1.000000 P4: -1.000000 
[Distance] Global distance: 1.000000
#-----------------------------------------------------------------------------
#---------------------------------A.DRIFT1-------------------------------------------
[Distance] P1: -1.000000 P2: -1.000000 P3: -1.000000 
[Distance] Global distance: 1.000000
#-----------------------------------------------------------------------------
#---------------------------------A.BRAKE1-------------------------------------------
[Distance] P1: -1.000000 P2: -1.000000 
[Distance] Global distance: 1.000000
#-----------------------------------------------------------------------------
### Next round (5) for fuzzing commands. ###
#---------------------------------A.CHUTE-------------------------------------------
[Distance] P1: -1.000000 P2: -1.000000 P3: -1.000000 P4: 0.000000 P5: 0.000000 
[Distance] Global distance: 1.000000
#-----------------------------------------------------------------------------
#---------------------------------A.RTL1-------------------------------------------
[Distance] P1: 1.000000 P2: 0.000000 P3: -1.000000 P4: 0.000000 
[Distance] Global distance: 1.000000
#-----------------------------------------------------------------------------
#---------------------------------A.RTL2-------------------------------------------
[Distance] P1: -1.000000 P2: 0.000000 P3: 1.000000 P4: 1.000000 P5: -1.000000 
[Distance] Global distance: 1.000000
#-----------------------------------------------------------------------------
#---------------------------------A.RTL3-------------------------------------------
[Distance] P1: -1.000000 P2: 0.000000 P3: -1.000000 P4: 0.000000 
[Distance] Global distance: 1.000000
#-----------------------------------------------------------------------------
#---------------------------------A.RTL4-------------------------------------------
[Distance] P1: -1.000000 P2: 0.000000 P3: 1.000000 
[Distance] Global distance: 1.000000
#-----------------------------------------------------------------------------
#---------------------------------A.FLIP1-------------------------------------------
[Distance] P1: -1.000000 P2: 1.000000 P3: -1.000000 P4: -1.000000 P5: -1.000000 
[Distance] Global distance: 1.000000
#-----------------------------------------------------------------------------
#---------------------------------A.FLIP2-------------------------------------------
[Distance] P1: -1.000000 P2: 1.000000 P3: -1.000000 P4: 1.000000 
[Distance] Global distance: 1.000000
#-----------------------------------------------------------------------------
#---------------------------------A.FLIP3-------------------------------------------
[Distance] P1: -1.000000 P2: 1.000000 P3: 1.000000 P4: 1.000000 
[Distance] Global distance: 1.000000
#-----------------------------------------------------------------------------
#---------------------------------A.FLIP4-------------------------------------------
[Distance] P1: -1.000000 P2: 1.000000 
[Distance] Global distance: 1.000000
#-----------------------------------------------------------------------------
#---------------------------------A.ALT_HOLD1-------------------------------------------
[Distance] P1: 1.000000 P2: -1.000000 P3: -1.000000 
[Distance] Global distance: 1.000000
#-----------------------------------------------------------------------------
#---------------------------------A.ALT_HOLD2-------------------------------------------
[Distance] P1: -1.000000 P2: -1.000000 P3: -1.000000 
[Distance] Global distance: 1.000000
#-----------------------------------------------------------------------------
#---------------------------------A.CIRCLE1-------------------------------------------
[Distance] P1: -1.000000 P2: 0.000000 P3: -1.000000 P4: 0.000000 
[Distance] Global distance: 1.000000
#-----------------------------------------------------------------------------
#---------------------------------A.CIRCLE2-------------------------------------------
[Distance] P1: -1.000000 P2: 0.000000 P3: 0.000000 
[Distance] Global distance: 1.000000
#-----------------------------------------------------------------------------
#---------------------------------A.CIRCLE3-------------------------------------------
[Distance] P1: -1.000000 P2: 0.000000 P3: -1.000000 P4: -1.000000 
[Distance] Global distance: 1.000000
#-----------------------------------------------------------------------------
#---------------------------------A.CIRCLE4-6-------------------------------------------
[Distance] P1: -1.000000 P2: 0.000000 P3: -1.000000 P4: -1.000000 
[Distance] Global distance: 1.000000
#-----------------------------------------------------------------------------
#---------------------------------A.CIRCLE7-------------------------------------------
[Distance] P1: -1.000000 P2: -1.000000 P3: -1.000000 P4: -1.000000 
[Distance] Global distance: 1.000000
#-----------------------------------------------------------------------------
#---------------------------------A.LAND1-------------------------------------------
[Distance] P1: -1.000000 P2: 0.899999 P3: -1.000000 
[Distance] Global distance: 1.000000
#-----------------------------------------------------------------------------
#---------------------------------A.LAND2-------------------------------------------
[Distance] P1: -1.000000 P2: -8.999900 P3: -1.000000 
[Distance] Global distance: 8.999900
#-----------------------------------------------------------------------------
#---------------------------------A.AUTO1-------------------------------------------
[Distance] P1: -1.000000 P2: -1.000000 P3: 1.000000 
[Distance] Global distance: 1.000000
#-----------------------------------------------------------------------------
#---------------------------------A.GPS.FS1-------------------------------------------
[Distance] P1: 1.000000 P2: -1.500000 P3: 1.000000 
[Distance] Global distance: 1.500000
#-----------------------------------------------------------------------------
#---------------------------------A.GPS.FS2-------------------------------------------
[Distance] P1: -1.000000 P2: 1.000000 P3: -1.000000 
[Distance] Global distance: 1.000000
#-----------------------------------------------------------------------------
#---------------------------------A.RC.FS1-------------------------------------------
[Distance] P1: -1.000000 P2: 0.000000 
[Distance] Global distance: 1.000000
#-----------------------------------------------------------------------------
#---------------------------------A.RC.FS2-------------------------------------------
[Distance] P1: 0.000000 P2: 1.000000 
[Distance] Global distance: 0.000000
#-----------------------------------------------------------------------------
#---------------------------------A.SPORT1-------------------------------------------
[Distance] P1: -1.000000 P2: -1.000000 
[Distance] Global distance: 1.000000
#-----------------------------------------------------------------------------
#---------------------------------A.GUIDED1-------------------------------------------
[Distance] P1: 1.000000 P2: 1.000000 P3: -1.000000 P4: -1.000000 P5: -1.000000 
[Distance] Global distance: 1.000000
#-----------------------------------------------------------------------------
#---------------------------------A.LOITER1-------------------------------------------
[Distance] P1: -1.000000 P2: -1.000000 P3: -1.000000 P4: -1.000000 
[Distance] Global distance: 1.000000
#-----------------------------------------------------------------------------
#---------------------------------A.DRIFT1-------------------------------------------
[Distance] P1: -1.000000 P2: -1.000000 P3: -1.000000 
[Distance] Global distance: 1.000000
#-----------------------------------------------------------------------------
#---------------------------------A.BRAKE1-------------------------------------------
[Distance] P1: -1.000000 P2: -1.000000 
[Distance] Global distance: 1.000000
#-----------------------------------------------------------------------------
[Execute_env] (SIM_TEMP_FLIGHT, 53.66193705940948)
#---------------------------------A.CHUTE-------------------------------------------
[Distance] P1: -1.000000 P2: -1.000000 P3: -1.000000 P4: 0.000000 P5: 0.000000 
[Distance] Global distance: 1.000000
#-----------------------------------------------------------------------------
#---------------------------------A.RTL1-------------------------------------------
[Distance] P1: 1.000000 P2: 0.000000 P3: -1.000000 P4: 0.000000 
[Distance] Global distance: 1.000000
#-----------------------------------------------------------------------------
#---------------------------------A.RTL2-------------------------------------------
[Distance] P1: -1.000000 P2: 0.000000 P3: 1.000000 P4: 1.000000 P5: -1.000000 
[Distance] Global distance: 1.000000
#-----------------------------------------------------------------------------
#---------------------------------A.RTL3-------------------------------------------
[Distance] P1: -1.000000 P2: 0.000000 P3: -1.000000 P4: 0.000000 
[Distance] Global distance: 1.000000
#-----------------------------------------------------------------------------
#---------------------------------A.RTL4-------------------------------------------
[Distance] P1: -1.000000 P2: 0.000000 P3: 1.000000 
[Distance] Global distance: 1.000000
#-----------------------------------------------------------------------------
#---------------------------------A.FLIP1-------------------------------------------
[Distance] P1: -1.000000 P2: 1.000000 P3: -1.000000 P4: -1.000000 P5: -1.000000 
[Distance] Global distance: 1.000000
#-----------------------------------------------------------------------------
#---------------------------------A.FLIP2-------------------------------------------
[Distance] P1: -1.000000 P2: 1.000000 P3: -1.000000 P4: 1.000000 
[Distance] Global distance: 1.000000
#-----------------------------------------------------------------------------
#---------------------------------A.FLIP3-------------------------------------------
[Distance] P1: -1.000000 P2: 1.000000 P3: 1.000000 P4: 1.000000 
[Distance] Global distance: 1.000000
#-----------------------------------------------------------------------------
#---------------------------------A.FLIP4-------------------------------------------
[Distance] P1: -1.000000 P2: 1.000000 
[Distance] Global distance: 1.000000
#-----------------------------------------------------------------------------
#---------------------------------A.ALT_HOLD1-------------------------------------------
[Distance] P1: 1.000000 P2: -1.000000 P3: -1.000000 
[Distance] Global distance: 1.000000
#-----------------------------------------------------------------------------
#---------------------------------A.ALT_HOLD2-------------------------------------------
[Distance] P1: -1.000000 P2: -1.000000 P3: -1.000000 
[Distance] Global distance: 1.000000
#-----------------------------------------------------------------------------
#---------------------------------A.CIRCLE1-------------------------------------------
[Distance] P1: -1.000000 P2: 0.000000 P3: -1.000000 P4: 0.000000 
[Distance] Global distance: 1.000000
#-----------------------------------------------------------------------------
#---------------------------------A.CIRCLE2-------------------------------------------
[Distance] P1: -1.000000 P2: 0.000000 P3: 0.000000 
[Distance] Global distance: 1.000000
#-----------------------------------------------------------------------------
#---------------------------------A.CIRCLE3-------------------------------------------
[Distance] P1: -1.000000 P2: 0.000000 P3: -1.000000 P4: -1.000000 
[Distance] Global distance: 1.000000
#-----------------------------------------------------------------------------
#---------------------------------A.CIRCLE4-6-------------------------------------------
[Distance] P1: -1.000000 P2: 0.000000 P3: -1.000000 P4: -1.000000 
[Distance] Global distance: 1.000000
#-----------------------------------------------------------------------------
#---------------------------------A.CIRCLE7-------------------------------------------
[Distance] P1: -1.000000 P2: -1.000000 P3: -1.000000 P4: -1.000000 
[Distance] Global distance: 1.000000
#-----------------------------------------------------------------------------
#---------------------------------A.LAND1-------------------------------------------
[Distance] P1: -1.000000 P2: 0.899999 P3: -1.000000 
[Distance] Global distance: 1.000000
#-----------------------------------------------------------------------------
#---------------------------------A.LAND2-------------------------------------------
[Distance] P1: -1.000000 P2: -8.999900 P3: -1.000000 
[Distance] Global distance: 8.999900
#-----------------------------------------------------------------------------
#---------------------------------A.AUTO1-------------------------------------------
[Distance] P1: -1.000000 P2: -1.000000 P3: 1.000000 
[Distance] Global distance: 1.000000
#-----------------------------------------------------------------------------
#---------------------------------A.GPS.FS1-------------------------------------------
[Distance] P1: 1.000000 P2: -1.500000 P3: 1.000000 
[Distance] Global distance: 1.500000
#-----------------------------------------------------------------------------
#---------------------------------A.GPS.FS2-------------------------------------------
[Distance] P1: -1.000000 P2: 1.000000 P3: -1.000000 
[Distance] Global distance: 1.000000
#-----------------------------------------------------------------------------
#---------------------------------A.RC.FS1-------------------------------------------
[Distance] P1: -1.000000 P2: 0.000000 
[Distance] Global distance: 1.000000
#-----------------------------------------------------------------------------
#---------------------------------A.RC.FS2-------------------------------------------
[Distance] P1: 0.000000 P2: 1.000000 
[Distance] Global distance: 0.000000
#-----------------------------------------------------------------------------
#---------------------------------A.SPORT1-------------------------------------------
[Distance] P1: -1.000000 P2: -1.000000 
[Distance] Global distance: 1.000000
#-----------------------------------------------------------------------------
#---------------------------------A.GUIDED1-------------------------------------------
[Distance] P1: 1.000000 P2: 1.000000 P3: -1.000000 P4: -1.000000 P5: -1.000000 
[Distance] Global distance: 1.000000
#-----------------------------------------------------------------------------
#---------------------------------A.LOITER1-------------------------------------------
[Distance] P1: -1.000000 P2: -1.000000 P3: -1.000000 P4: -1.000000 
[Distance] Global distance: 1.000000
#-----------------------------------------------------------------------------
#---------------------------------A.DRIFT1-------------------------------------------
[Distance] P1: -1.000000 P2: -1.000000 P3: -1.000000 
[Distance] Global distance: 1.000000
#-----------------------------------------------------------------------------
#---------------------------------A.BRAKE1-------------------------------------------
[Distance] P1: -1.000000 P2: -1.000000 
[Distance] Global distance: 1.000000
#-----------------------------------------------------------------------------
### Next round (6) for fuzzing commands. ###
#---------------------------------A.CHUTE-------------------------------------------
[Distance] P1: -1.000000 P2: -1.000000 P3: -1.000000 P4: 0.000000 P5: 0.000000 
[Distance] Global distance: 1.000000
#-----------------------------------------------------------------------------
#---------------------------------A.RTL1-------------------------------------------
[Distance] P1: 1.000000 P2: 0.000000 P3: -1.000000 P4: 0.000000 
[Distance] Global distance: 1.000000
#-----------------------------------------------------------------------------
#---------------------------------A.RTL2-------------------------------------------
[Distance] P1: -1.000000 P2: 0.000000 P3: 1.000000 P4: 1.000000 P5: -1.000000 
[Distance] Global distance: 1.000000
#-----------------------------------------------------------------------------
#---------------------------------A.RTL3-------------------------------------------
[Distance] P1: -1.000000 P2: 0.000000 P3: -1.000000 P4: 0.000000 
[Distance] Global distance: 1.000000
#-----------------------------------------------------------------------------
#---------------------------------A.RTL4-------------------------------------------
[Distance] P1: -1.000000 P2: 0.000000 P3: 1.000000 
[Distance] Global distance: 1.000000
#-----------------------------------------------------------------------------
#---------------------------------A.FLIP1-------------------------------------------
[Distance] P1: -1.000000 P2: 1.000000 P3: -1.000000 P4: -1.000000 P5: -1.000000 
[Distance] Global distance: 1.000000
#-----------------------------------------------------------------------------
#---------------------------------A.FLIP2-------------------------------------------
[Distance] P1: -1.000000 P2: 1.000000 P3: -1.000000 P4: 1.000000 
[Distance] Global distance: 1.000000
#-----------------------------------------------------------------------------
#---------------------------------A.FLIP3-------------------------------------------
[Distance] P1: -1.000000 P2: 1.000000 P3: 1.000000 P4: 1.000000 
[Distance] Global distance: 1.000000
#-----------------------------------------------------------------------------
#---------------------------------A.FLIP4-------------------------------------------
[Distance] P1: -1.000000 P2: 1.000000 
[Distance] Global distance: 1.000000
#-----------------------------------------------------------------------------
#---------------------------------A.ALT_HOLD1-------------------------------------------
[Distance] P1: 1.000000 P2: -1.000000 P3: -1.000000 
[Distance] Global distance: 1.000000
#-----------------------------------------------------------------------------
#---------------------------------A.ALT_HOLD2-------------------------------------------
[Distance] P1: -1.000000 P2: -1.000000 P3: -1.000000 
[Distance] Global distance: 1.000000
#-----------------------------------------------------------------------------
#---------------------------------A.CIRCLE1-------------------------------------------
[Distance] P1: -1.000000 P2: 0.000000 P3: -1.000000 P4: 0.000000 
[Distance] Global distance: 1.000000
#-----------------------------------------------------------------------------
#---------------------------------A.CIRCLE2-------------------------------------------
[Distance] P1: -1.000000 P2: 0.000000 P3: 0.000000 
[Distance] Global distance: 1.000000
#-----------------------------------------------------------------------------
#---------------------------------A.CIRCLE3-------------------------------------------
[Distance] P1: -1.000000 P2: 0.000000 P3: -1.000000 P4: -1.000000 
[Distance] Global distance: 1.000000
#-----------------------------------------------------------------------------
#---------------------------------A.CIRCLE4-6-------------------------------------------
[Distance] P1: -1.000000 P2: 0.000000 P3: -1.000000 P4: -1.000000 
[Distance] Global distance: 1.000000
#-----------------------------------------------------------------------------
#---------------------------------A.CIRCLE7-------------------------------------------
[Distance] P1: -1.000000 P2: -1.000000 P3: -1.000000 P4: -1.000000 
[Distance] Global distance: 1.000000
#-----------------------------------------------------------------------------
#---------------------------------A.LAND1-------------------------------------------
[Distance] P1: -1.000000 P2: 0.899999 P3: -1.000000 
[Distance] Global distance: 1.000000
#-----------------------------------------------------------------------------
#---------------------------------A.LAND2-------------------------------------------
[Distance] P1: -1.000000 P2: -8.999900 P3: -1.000000 
[Distance] Global distance: 8.999900
#-----------------------------------------------------------------------------
#---------------------------------A.AUTO1-------------------------------------------
[Distance] P1: -1.000000 P2: -1.000000 P3: 1.000000 
[Distance] Global distance: 1.000000
#-----------------------------------------------------------------------------
#---------------------------------A.GPS.FS1-------------------------------------------
[Distance] P1: 1.000000 P2: -1.500000 P3: 1.000000 
[Distance] Global distance: 1.500000
#-----------------------------------------------------------------------------
#---------------------------------A.GPS.FS2-------------------------------------------
[Distance] P1: -1.000000 P2: 1.000000 P3: -1.000000 
[Distance] Global distance: 1.000000
#-----------------------------------------------------------------------------
#---------------------------------A.RC.FS1-------------------------------------------
[Distance] P1: -1.000000 P2: 0.000000 
[Distance] Global distance: 1.000000
#-----------------------------------------------------------------------------
#---------------------------------A.RC.FS2-------------------------------------------
[Distance] P1: 0.000000 P2: 1.000000 
[Distance] Global distance: 0.000000
#-----------------------------------------------------------------------------
#---------------------------------A.SPORT1-------------------------------------------
[Distance] P1: -1.000000 P2: -1.000000 
[Distance] Global distance: 1.000000
#-----------------------------------------------------------------------------
#---------------------------------A.GUIDED1-------------------------------------------
[Distance] P1: 1.000000 P2: 1.000000 P3: -1.000000 P4: -1.000000 P5: -1.000000 
[Distance] Global distance: 1.000000
#-----------------------------------------------------------------------------
#---------------------------------A.LOITER1-------------------------------------------
[Distance] P1: -1.000000 P2: -1.000000 P3: -1.000000 P4: -1.000000 
[Distance] Global distance: 1.000000
#-----------------------------------------------------------------------------
#---------------------------------A.DRIFT1-------------------------------------------
[Distance] P1: -1.000000 P2: -1.000000 P3: -1.000000 
[Distance] Global distance: 1.000000
#-----------------------------------------------------------------------------
#---------------------------------A.BRAKE1-------------------------------------------
[Distance] P1: -1.000000 P2: -1.000000 
[Distance] Global distance: 1.000000
#-----------------------------------------------------------------------------
# [Change_parameter()] selected params: ATC_RAT_RLL_IMAX
# [Change_parameter()] selected params: ATC_RAT_RLL_IMAX, min: 0.000000, max: 1.000000, random digit param value:0
#---------------------------------A.CHUTE-------------------------------------------
[Distance] P1: -1.000000 P2: -1.000000 P3: -1.000000 P4: 0.000000 P5: 0.000000 
[Distance] Global distance: 1.000000
#-----------------------------------------------------------------------------
#---------------------------------A.RTL1-------------------------------------------
[Distance] P1: 1.000000 P2: 0.000000 P3: -1.000000 P4: 0.000000 
[Distance] Global distance: 1.000000
#-----------------------------------------------------------------------------
#---------------------------------A.RTL2-------------------------------------------
[Distance] P1: -1.000000 P2: 0.000000 P3: 1.000000 P4: 1.000000 P5: -1.000000 
[Distance] Global distance: 1.000000
#-----------------------------------------------------------------------------
#---------------------------------A.RTL3-------------------------------------------
[Distance] P1: -1.000000 P2: 0.000000 P3: -1.000000 P4: 0.000000 
[Distance] Global distance: 1.000000
#-----------------------------------------------------------------------------
#---------------------------------A.RTL4-------------------------------------------
[Distance] P1: -1.000000 P2: 0.000000 P3: 1.000000 
[Distance] Global distance: 1.000000
#-----------------------------------------------------------------------------
#---------------------------------A.FLIP1-------------------------------------------
[Distance] P1: -1.000000 P2: 1.000000 P3: -1.000000 P4: -1.000000 P5: -1.000000 
[Distance] Global distance: 1.000000
#-----------------------------------------------------------------------------
#---------------------------------A.FLIP2-------------------------------------------
[Distance] P1: -1.000000 P2: 1.000000 P3: -1.000000 P4: 1.000000 
[Distance] Global distance: 1.000000
#-----------------------------------------------------------------------------
#---------------------------------A.FLIP3-------------------------------------------
[Distance] P1: -1.000000 P2: 1.000000 P3: 1.000000 P4: 1.000000 
[Distance] Global distance: 1.000000
#-----------------------------------------------------------------------------
#---------------------------------A.FLIP4-------------------------------------------
[Distance] P1: -1.000000 P2: 1.000000 
[Distance] Global distance: 1.000000
#-----------------------------------------------------------------------------
#---------------------------------A.ALT_HOLD1-------------------------------------------
[Distance] P1: 1.000000 P2: -1.000000 P3: -1.000000 
[Distance] Global distance: 1.000000
#-----------------------------------------------------------------------------
#---------------------------------A.ALT_HOLD2-------------------------------------------
[Distance] P1: -1.000000 P2: -1.000000 P3: -1.000000 
[Distance] Global distance: 1.000000
#-----------------------------------------------------------------------------
#---------------------------------A.CIRCLE1-------------------------------------------
[Distance] P1: -1.000000 P2: 0.000000 P3: -1.000000 P4: 0.000000 
[Distance] Global distance: 1.000000
#-----------------------------------------------------------------------------
#---------------------------------A.CIRCLE2-------------------------------------------
[Distance] P1: -1.000000 P2: 0.000000 P3: 0.000000 
[Distance] Global distance: 1.000000
#-----------------------------------------------------------------------------
#---------------------------------A.CIRCLE3-------------------------------------------
[Distance] P1: -1.000000 P2: 0.000000 P3: -1.000000 P4: -1.000000 
[Distance] Global distance: 1.000000
#-----------------------------------------------------------------------------
#---------------------------------A.CIRCLE4-6-------------------------------------------
[Distance] P1: -1.000000 P2: 0.000000 P3: -1.000000 P4: -1.000000 
[Distance] Global distance: 1.000000
#-----------------------------------------------------------------------------
#---------------------------------A.CIRCLE7-------------------------------------------
[Distance] P1: -1.000000 P2: -1.000000 P3: -1.000000 P4: -1.000000 
[Distance] Global distance: 1.000000
#-----------------------------------------------------------------------------
#---------------------------------A.LAND1-------------------------------------------
[Distance] P1: -1.000000 P2: 0.900000 P3: -1.000000 
[Distance] Global distance: 1.000000
#-----------------------------------------------------------------------------
#---------------------------------A.LAND2-------------------------------------------
[Distance] P1: -1.000000 P2: -9.000000 P3: -1.000000 
[Distance] Global distance: 9.000000
#-----------------------------------------------------------------------------
#---------------------------------A.AUTO1-------------------------------------------
[Distance] P1: -1.000000 P2: -1.000000 P3: 1.000000 
[Distance] Global distance: 1.000000
#-----------------------------------------------------------------------------
#---------------------------------A.GPS.FS1-------------------------------------------
[Distance] P1: 1.000000 P2: -1.500000 P3: 1.000000 
[Distance] Global distance: 1.500000
#-----------------------------------------------------------------------------
#---------------------------------A.GPS.FS2-------------------------------------------
[Distance] P1: -1.000000 P2: 1.000000 P3: -1.000000 
[Distance] Global distance: 1.000000
#-----------------------------------------------------------------------------
#---------------------------------A.RC.FS1-------------------------------------------
[Distance] P1: -1.000000 P2: 0.000000 
[Distance] Global distance: 1.000000
#-----------------------------------------------------------------------------
#---------------------------------A.RC.FS2-------------------------------------------
[Distance] P1: 0.000000 P2: 1.000000 
[Distance] Global distance: 0.000000
#-----------------------------------------------------------------------------
#---------------------------------A.SPORT1-------------------------------------------
[Distance] P1: -1.000000 P2: -1.000000 
[Distance] Global distance: 1.000000
#-----------------------------------------------------------------------------
#---------------------------------A.GUIDED1-------------------------------------------
[Distance] P1: 1.000000 P2: 1.000000 P3: -1.000000 P4: -1.000000 P5: -1.000000 
[Distance] Global distance: 1.000000
#-----------------------------------------------------------------------------
#---------------------------------A.LOITER1-------------------------------------------
[Distance] P1: -1.000000 P2: -1.000000 P3: -1.000000 P4: -1.000000 
[Distance] Global distance: 1.000000
#-----------------------------------------------------------------------------
#---------------------------------A.DRIFT1-------------------------------------------
[Distance] P1: -1.000000 P2: -1.000000 P3: -1.000000 
[Distance] Global distance: 1.000000
#-----------------------------------------------------------------------------
#---------------------------------A.BRAKE1-------------------------------------------
[Distance] P1: -1.000000 P2: -1.000000 
[Distance] Global distance: 1.000000
#-----------------------------------------------------------------------------
### Next round (7) for fuzzing commands. ###
#---------------------------------A.CHUTE-------------------------------------------
[Distance] P1: -1.000000 P2: -1.000000 P3: -1.000000 P4: 0.000000 P5: 0.000000 
[Distance] Global distance: 1.000000
#-----------------------------------------------------------------------------
#---------------------------------A.RTL1-------------------------------------------
[Distance] P1: 1.000000 P2: 0.000000 P3: -1.000000 P4: 0.000000 
[Distance] Global distance: 1.000000
#-----------------------------------------------------------------------------
#---------------------------------A.RTL2-------------------------------------------
[Distance] P1: -1.000000 P2: 0.000000 P3: 1.000000 P4: 1.000000 P5: -1.000000 
[Distance] Global distance: 1.000000
#-----------------------------------------------------------------------------
#---------------------------------A.RTL3-------------------------------------------
[Distance] P1: -1.000000 P2: 0.000000 P3: -1.000000 P4: 0.000000 
[Distance] Global distance: 1.000000
#-----------------------------------------------------------------------------
#---------------------------------A.RTL4-------------------------------------------
[Distance] P1: -1.000000 P2: 0.000000 P3: 1.000000 
[Distance] Global distance: 1.000000
#-----------------------------------------------------------------------------
#---------------------------------A.FLIP1-------------------------------------------
[Distance] P1: -1.000000 P2: 1.000000 P3: -1.000000 P4: -1.000000 P5: -1.000000 
[Distance] Global distance: 1.000000
#-----------------------------------------------------------------------------
#---------------------------------A.FLIP2-------------------------------------------
[Distance] P1: -1.000000 P2: 1.000000 P3: -1.000000 P4: 1.000000 
[Distance] Global distance: 1.000000
#-----------------------------------------------------------------------------
#---------------------------------A.FLIP3-------------------------------------------
[Distance] P1: -1.000000 P2: 1.000000 P3: 1.000000 P4: 1.000000 
[Distance] Global distance: 1.000000
#-----------------------------------------------------------------------------
#---------------------------------A.FLIP4-------------------------------------------
[Distance] P1: -1.000000 P2: 1.000000 
[Distance] Global distance: 1.000000
#-----------------------------------------------------------------------------
#---------------------------------A.ALT_HOLD1-------------------------------------------
[Distance] P1: 1.000000 P2: -1.000000 P3: -1.000000 
[Distance] Global distance: 1.000000
#-----------------------------------------------------------------------------
#---------------------------------A.ALT_HOLD2-------------------------------------------
[Distance] P1: -1.000000 P2: -1.000000 P3: -1.000000 
[Distance] Global distance: 1.000000
#-----------------------------------------------------------------------------
#---------------------------------A.CIRCLE1-------------------------------------------
[Distance] P1: -1.000000 P2: 0.000000 P3: -1.000000 P4: 0.000000 
[Distance] Global distance: 1.000000
#-----------------------------------------------------------------------------
#---------------------------------A.CIRCLE2-------------------------------------------
[Distance] P1: -1.000000 P2: 0.000000 P3: 0.000000 
[Distance] Global distance: 1.000000
#-----------------------------------------------------------------------------
#---------------------------------A.CIRCLE3-------------------------------------------
[Distance] P1: -1.000000 P2: 0.000000 P3: -1.000000 P4: -1.000000 
[Distance] Global distance: 1.000000
#-----------------------------------------------------------------------------
#---------------------------------A.CIRCLE4-6-------------------------------------------
[Distance] P1: -1.000000 P2: 0.000000 P3: -1.000000 P4: -1.000000 
[Distance] Global distance: 1.000000
#-----------------------------------------------------------------------------
#---------------------------------A.CIRCLE7-------------------------------------------
[Distance] P1: -1.000000 P2: -1.000000 P3: -1.000000 P4: -1.000000 
[Distance] Global distance: 1.000000
#-----------------------------------------------------------------------------
#---------------------------------A.LAND1-------------------------------------------
[Distance] P1: -1.000000 P2: 0.900001 P3: -1.000000 
[Distance] Global distance: 1.000000
#-----------------------------------------------------------------------------
#---------------------------------A.LAND2-------------------------------------------
[Distance] P1: -1.000000 P2: -9.000100 P3: -1.000000 
[Distance] Global distance: 9.000100
#-----------------------------------------------------------------------------
#---------------------------------A.AUTO1-------------------------------------------
[Distance] P1: -1.000000 P2: -1.000000 P3: 1.000000 
[Distance] Global distance: 1.000000
#-----------------------------------------------------------------------------
#---------------------------------A.GPS.FS1-------------------------------------------
[Distance] P1: 1.000000 P2: -1.500000 P3: 1.000000 
[Distance] Global distance: 1.500000
#-----------------------------------------------------------------------------
#---------------------------------A.GPS.FS2-------------------------------------------
[Distance] P1: -1.000000 P2: 1.000000 P3: -1.000000 
[Distance] Global distance: 1.000000
#-----------------------------------------------------------------------------
#---------------------------------A.RC.FS1-------------------------------------------
[Distance] P1: -1.000000 P2: 0.000000 
[Distance] Global distance: 1.000000
#-----------------------------------------------------------------------------
#---------------------------------A.RC.FS2-------------------------------------------
[Distance] P1: 0.000000 P2: 1.000000 
[Distance] Global distance: 0.000000
#-----------------------------------------------------------------------------
#---------------------------------A.SPORT1-------------------------------------------
[Distance] P1: -1.000000 P2: -1.000000 
[Distance] Global distance: 1.000000
#-----------------------------------------------------------------------------
#---------------------------------A.GUIDED1-------------------------------------------
[Distance] P1: 1.000000 P2: 1.000000 P3: -1.000000 P4: -1.000000 P5: -1.000000 
[Distance] Global distance: 1.000000
#-----------------------------------------------------------------------------
#---------------------------------A.LOITER1-------------------------------------------
[Distance] P1: -1.000000 P2: -1.000000 P3: -1.000000 P4: -1.000000 
[Distance] Global distance: 1.000000
#-----------------------------------------------------------------------------
#---------------------------------A.DRIFT1-------------------------------------------
[Distance] P1: -1.000000 P2: -1.000000 P3: -1.000000 
[Distance] Global distance: 1.000000
#-----------------------------------------------------------------------------
#---------------------------------A.BRAKE1-------------------------------------------
[Distance] P1: -1.000000 P2: -1.000000 
[Distance] Global distance: 1.000000
#-----------------------------------------------------------------------------
# [Change_parameter()] selected params: GND_ALT_OFFSET
[param] selected params: GND_ALT_OFFSET, there is no min of valid range, random param value:1872
#---------------------------------A.CHUTE-------------------------------------------
[Distance] P1: -1.000000 P2: -1.000000 P3: -1.000000 P4: 0.000000 P5: 0.000000 
[Distance] Global distance: 1.000000
#-----------------------------------------------------------------------------
#---------------------------------A.RTL1-------------------------------------------
[Distance] P1: 1.000000 P2: 0.000000 P3: -1.000000 P4: 0.000000 
[Distance] Global distance: 1.000000
#-----------------------------------------------------------------------------
#---------------------------------A.RTL2-------------------------------------------
[Distance] P1: -1.000000 P2: 0.000000 P3: 1.000000 P4: 1.000000 P5: -1.000000 
[Distance] Global distance: 1.000000
#-----------------------------------------------------------------------------
#---------------------------------A.RTL3-------------------------------------------
[Distance] P1: -1.000000 P2: 0.000000 P3: -1.000000 P4: 0.000000 
[Distance] Global distance: 1.000000
#-----------------------------------------------------------------------------
#---------------------------------A.RTL4-------------------------------------------
[Distance] P1: -1.000000 P2: 0.000000 P3: 1.000000 
[Distance] Global distance: 1.000000
#-----------------------------------------------------------------------------
#---------------------------------A.FLIP1-------------------------------------------
[Distance] P1: -1.000000 P2: 1.000000 P3: -1.000000 P4: -1.000000 P5: -1.000000 
[Distance] Global distance: 1.000000
#-----------------------------------------------------------------------------
#---------------------------------A.FLIP2-------------------------------------------
[Distance] P1: -1.000000 P2: 1.000000 P3: -1.000000 P4: 1.000000 
[Distance] Global distance: 1.000000
#-----------------------------------------------------------------------------
#---------------------------------A.FLIP3-------------------------------------------
[Distance] P1: -1.000000 P2: 1.000000 P3: 1.000000 P4: 1.000000 
[Distance] Global distance: 1.000000
#-----------------------------------------------------------------------------
#---------------------------------A.FLIP4-------------------------------------------
[Distance] P1: -1.000000 P2: 1.000000 
[Distance] Global distance: 1.000000
#-----------------------------------------------------------------------------
#---------------------------------A.ALT_HOLD1-------------------------------------------
[Distance] P1: 1.000000 P2: -1.000000 P3: -1.000000 
[Distance] Global distance: 1.000000
#-----------------------------------------------------------------------------
#---------------------------------A.ALT_HOLD2-------------------------------------------
[Distance] P1: -1.000000 P2: -1.000000 P3: -1.000000 
[Distance] Global distance: 1.000000
#-----------------------------------------------------------------------------
#---------------------------------A.CIRCLE1-------------------------------------------
[Distance] P1: -1.000000 P2: 0.000000 P3: -1.000000 P4: 0.000000 
[Distance] Global distance: 1.000000
#-----------------------------------------------------------------------------
#---------------------------------A.CIRCLE2-------------------------------------------
[Distance] P1: -1.000000 P2: 0.000000 P3: 0.000000 
[Distance] Global distance: 1.000000
#-----------------------------------------------------------------------------
#---------------------------------A.CIRCLE3-------------------------------------------
[Distance] P1: -1.000000 P2: 0.000000 P3: -1.000000 P4: -1.000000 
[Distance] Global distance: 1.000000
#-----------------------------------------------------------------------------
#---------------------------------A.CIRCLE4-6-------------------------------------------
[Distance] P1: -1.000000 P2: 0.000000 P3: -1.000000 P4: -1.000000 
[Distance] Global distance: 1.000000
#-----------------------------------------------------------------------------
#---------------------------------A.CIRCLE7-------------------------------------------
[Distance] P1: -1.000000 P2: -1.000000 P3: -1.000000 P4: -1.000000 
[Distance] Global distance: 1.000000
#-----------------------------------------------------------------------------
#---------------------------------A.LAND1-------------------------------------------
[Distance] P1: -1.000000 P2: 0.899999 P3: -1.000000 
[Distance] Global distance: 1.000000
#-----------------------------------------------------------------------------
#---------------------------------A.LAND2-------------------------------------------
[Distance] P1: -1.000000 P2: -8.999900 P3: -1.000000 
[Distance] Global distance: 8.999900
#-----------------------------------------------------------------------------
#---------------------------------A.AUTO1-------------------------------------------
[Distance] P1: -1.000000 P2: -1.000000 P3: 1.000000 
[Distance] Global distance: 1.000000
#-----------------------------------------------------------------------------
#---------------------------------A.GPS.FS1-------------------------------------------
[Distance] P1: 1.000000 P2: -1.500000 P3: 1.000000 
[Distance] Global distance: 1.500000
#-----------------------------------------------------------------------------
#---------------------------------A.GPS.FS2-------------------------------------------
[Distance] P1: -1.000000 P2: 1.000000 P3: -1.000000 
[Distance] Global distance: 1.000000
#-----------------------------------------------------------------------------
#---------------------------------A.RC.FS1-------------------------------------------
[Distance] P1: -1.000000 P2: 0.000000 
[Distance] Global distance: 1.000000
#-----------------------------------------------------------------------------
#---------------------------------A.RC.FS2-------------------------------------------
[Distance] P1: 0.000000 P2: 1.000000 
[Distance] Global distance: 0.000000
#-----------------------------------------------------------------------------
#---------------------------------A.SPORT1-------------------------------------------
[Distance] P1: -1.000000 P2: -1.000000 
[Distance] Global distance: 1.000000
#-----------------------------------------------------------------------------
#---------------------------------A.GUIDED1-------------------------------------------
[Distance] P1: 1.000000 P2: 1.000000 P3: -1.000000 P4: -1.000000 P5: -1.000000 
[Distance] Global distance: 1.000000
#-----------------------------------------------------------------------------
#---------------------------------A.LOITER1-------------------------------------------
[Distance] P1: -1.000000 P2: -1.000000 P3: -1.000000 P4: -1.000000 
[Distance] Global distance: 1.000000
#-----------------------------------------------------------------------------
#---------------------------------A.DRIFT1-------------------------------------------
[Distance] P1: -1.000000 P2: -1.000000 P3: -1.000000 
[Distance] Global distance: 1.000000
#-----------------------------------------------------------------------------
#---------------------------------A.BRAKE1-------------------------------------------
[Distance] P1: -1.000000 P2: -1.000000 
[Distance] Global distance: 1.000000
#-----------------------------------------------------------------------------
### Next round (8) for fuzzing commands. ###
#---------------------------------A.CHUTE-------------------------------------------
[Distance] P1: -1.000000 P2: -1.000000 P3: -1.000000 P4: 0.000000 P5: 0.000000 
[Distance] Global distance: 1.000000
#-----------------------------------------------------------------------------
#---------------------------------A.RTL1-------------------------------------------
[Distance] P1: 1.000000 P2: 0.000000 P3: -1.000000 P4: 0.000000 
[Distance] Global distance: 1.000000
#-----------------------------------------------------------------------------
#---------------------------------A.RTL2-------------------------------------------
[Distance] P1: -1.000000 P2: 0.000000 P3: 1.000000 P4: 1.000000 P5: -1.000000 
[Distance] Global distance: 1.000000
#-----------------------------------------------------------------------------
#---------------------------------A.RTL3-------------------------------------------
[Distance] P1: -1.000000 P2: 0.000000 P3: -1.000000 P4: 0.000000 
[Distance] Global distance: 1.000000
#-----------------------------------------------------------------------------
#---------------------------------A.RTL4-------------------------------------------
[Distance] P1: -1.000000 P2: 0.000000 P3: 1.000000 
[Distance] Global distance: 1.000000
#-----------------------------------------------------------------------------
#---------------------------------A.FLIP1-------------------------------------------
[Distance] P1: -1.000000 P2: 1.000000 P3: -1.000000 P4: -1.000000 P5: -1.000000 
[Distance] Global distance: 1.000000
#-----------------------------------------------------------------------------
#---------------------------------A.FLIP2-------------------------------------------
[Distance] P1: -1.000000 P2: 1.000000 P3: -1.000000 P4: 1.000000 
[Distance] Global distance: 1.000000
#-----------------------------------------------------------------------------
#---------------------------------A.FLIP3-------------------------------------------
[Distance] P1: -1.000000 P2: 1.000000 P3: 1.000000 P4: 1.000000 
[Distance] Global distance: 1.000000
#-----------------------------------------------------------------------------
#---------------------------------A.FLIP4-------------------------------------------
[Distance] P1: -1.000000 P2: 1.000000 
[Distance] Global distance: 1.000000
#-----------------------------------------------------------------------------
#---------------------------------A.ALT_HOLD1-------------------------------------------
[Distance] P1: 1.000000 P2: -1.000000 P3: -1.000000 
[Distance] Global distance: 1.000000
#-----------------------------------------------------------------------------
#---------------------------------A.ALT_HOLD2-------------------------------------------
[Distance] P1: -1.000000 P2: -1.000000 P3: -1.000000 
[Distance] Global distance: 1.000000
#-----------------------------------------------------------------------------
#---------------------------------A.CIRCLE1-------------------------------------------
[Distance] P1: -1.000000 P2: 0.000000 P3: -1.000000 P4: 0.000000 
[Distance] Global distance: 1.000000
#-----------------------------------------------------------------------------
#---------------------------------A.CIRCLE2-------------------------------------------
[Distance] P1: -1.000000 P2: 0.000000 P3: 0.000000 
[Distance] Global distance: 1.000000
#-----------------------------------------------------------------------------
#---------------------------------A.CIRCLE3-------------------------------------------
[Distance] P1: -1.000000 P2: 0.000000 P3: -1.000000 P4: -1.000000 
[Distance] Global distance: 1.000000
#-----------------------------------------------------------------------------
#---------------------------------A.CIRCLE4-6-------------------------------------------
[Distance] P1: -1.000000 P2: 0.000000 P3: -1.000000 P4: -1.000000 
[Distance] Global distance: 1.000000
#-----------------------------------------------------------------------------
#---------------------------------A.CIRCLE7-------------------------------------------
[Distance] P1: -1.000000 P2: -1.000000 P3: -1.000000 P4: -1.000000 
[Distance] Global distance: 1.000000
#-----------------------------------------------------------------------------
#---------------------------------A.LAND1-------------------------------------------
[Distance] P1: -1.000000 P2: 0.899999 P3: -1.000000 
[Distance] Global distance: 1.000000
#-----------------------------------------------------------------------------
#---------------------------------A.LAND2-------------------------------------------
[Distance] P1: -1.000000 P2: -9.000000 P3: -1.000000 
[Distance] Global distance: 9.000000
#-----------------------------------------------------------------------------
#---------------------------------A.AUTO1-------------------------------------------
[Distance] P1: -1.000000 P2: -1.000000 P3: 1.000000 
[Distance] Global distance: 1.000000
#-----------------------------------------------------------------------------
#---------------------------------A.GPS.FS1-------------------------------------------
[Distance] P1: 1.000000 P2: -1.500000 P3: 1.000000 
[Distance] Global distance: 1.500000
#-----------------------------------------------------------------------------
#---------------------------------A.GPS.FS2-------------------------------------------
[Distance] P1: -1.000000 P2: 1.000000 P3: -1.000000 
[Distance] Global distance: 1.000000
#-----------------------------------------------------------------------------
#---------------------------------A.RC.FS1-------------------------------------------
[Distance] P1: -1.000000 P2: 0.000000 
[Distance] Global distance: 1.000000
#-----------------------------------------------------------------------------
#---------------------------------A.RC.FS2-------------------------------------------
[Distance] P1: 0.000000 P2: 1.000000 
[Distance] Global distance: 0.000000
#-----------------------------------------------------------------------------
#---------------------------------A.SPORT1-------------------------------------------
[Distance] P1: -1.000000 P2: -1.000000 
[Distance] Global distance: 1.000000
#-----------------------------------------------------------------------------
#---------------------------------A.GUIDED1-------------------------------------------
[Distance] P1: 1.000000 P2: 1.000000 P3: -1.000000 P4: -1.000000 P5: -1.000000 
[Distance] Global distance: 1.000000
#-----------------------------------------------------------------------------
#---------------------------------A.LOITER1-------------------------------------------
[Distance] P1: -1.000000 P2: -1.000000 P3: -1.000000 P4: -1.000000 
[Distance] Global distance: 1.000000
#-----------------------------------------------------------------------------
#---------------------------------A.DRIFT1-------------------------------------------
[Distance] P1: -1.000000 P2: -1.000000 P3: -1.000000 
[Distance] Global distance: 1.000000
#-----------------------------------------------------------------------------
#---------------------------------A.BRAKE1-------------------------------------------
[Distance] P1: -1.000000 P2: -1.000000 
[Distance] Global distance: 1.000000
#-----------------------------------------------------------------------------
# [Change_parameter()] selected params: ATC_ANG_LIM_TC
# [Change_parameter()] selected params: ATC_ANG_LIM_TC, min: 0.500000, max: 10.000000, random real param value:6.059511
#---------------------------------A.CHUTE-------------------------------------------
[Distance] P1: -1.000000 P2: -1.000000 P3: -1.000000 P4: 0.000000 P5: 0.000000 
[Distance] Global distance: 1.000000
#-----------------------------------------------------------------------------
#---------------------------------A.RTL1-------------------------------------------
[Distance] P1: 1.000000 P2: 0.000000 P3: -1.000000 P4: 0.000000 
[Distance] Global distance: 1.000000
#-----------------------------------------------------------------------------
#---------------------------------A.RTL2-------------------------------------------
[Distance] P1: -1.000000 P2: 0.000000 P3: 1.000000 P4: 1.000000 P5: -1.000000 
[Distance] Global distance: 1.000000
#-----------------------------------------------------------------------------
#---------------------------------A.RTL3-------------------------------------------
[Distance] P1: -1.000000 P2: 0.000000 P3: -1.000000 P4: 0.000000 
[Distance] Global distance: 1.000000
#-----------------------------------------------------------------------------
#---------------------------------A.RTL4-------------------------------------------
[Distance] P1: -1.000000 P2: 0.000000 P3: 1.000000 
[Distance] Global distance: 1.000000
#-----------------------------------------------------------------------------
#---------------------------------A.FLIP1-------------------------------------------
[Distance] P1: -1.000000 P2: 1.000000 P3: -1.000000 P4: -1.000000 P5: -1.000000 
[Distance] Global distance: 1.000000
#-----------------------------------------------------------------------------
#---------------------------------A.FLIP2-------------------------------------------
[Distance] P1: -1.000000 P2: 1.000000 P3: -1.000000 P4: 1.000000 
[Distance] Global distance: 1.000000
#-----------------------------------------------------------------------------
#---------------------------------A.FLIP3-------------------------------------------
[Distance] P1: -1.000000 P2: 1.000000 P3: 1.000000 P4: 1.000000 
[Distance] Global distance: 1.000000
#-----------------------------------------------------------------------------
#---------------------------------A.FLIP4-------------------------------------------
[Distance] P1: -1.000000 P2: 1.000000 
[Distance] Global distance: 1.000000
#-----------------------------------------------------------------------------
#---------------------------------A.ALT_HOLD1-------------------------------------------
[Distance] P1: 1.000000 P2: -1.000000 P3: -1.000000 
[Distance] Global distance: 1.000000
#-----------------------------------------------------------------------------
#---------------------------------A.ALT_HOLD2-------------------------------------------
[Distance] P1: -1.000000 P2: -1.000000 P3: -1.000000 
[Distance] Global distance: 1.000000
#-----------------------------------------------------------------------------
#---------------------------------A.CIRCLE1-------------------------------------------
[Distance] P1: -1.000000 P2: 0.000000 P3: -1.000000 P4: 0.000000 
[Distance] Global distance: 1.000000
#-----------------------------------------------------------------------------
#---------------------------------A.CIRCLE2-------------------------------------------
[Distance] P1: -1.000000 P2: 0.000000 P3: 0.000000 
[Distance] Global distance: 1.000000
#-----------------------------------------------------------------------------
#---------------------------------A.CIRCLE3-------------------------------------------
[Distance] P1: -1.000000 P2: 0.000000 P3: -1.000000 P4: -1.000000 
[Distance] Global distance: 1.000000
#-----------------------------------------------------------------------------
#---------------------------------A.CIRCLE4-6-------------------------------------------
[Distance] P1: -1.000000 P2: 0.000000 P3: -1.000000 P4: -1.000000 
[Distance] Global distance: 1.000000
#-----------------------------------------------------------------------------
#---------------------------------A.CIRCLE7-------------------------------------------
[Distance] P1: -1.000000 P2: -1.000000 P3: -1.000000 P4: -1.000000 
[Distance] Global distance: 1.000000
#-----------------------------------------------------------------------------
#---------------------------------A.LAND1-------------------------------------------
[Distance] P1: -1.000000 P2: 0.899999 P3: -1.000000 
[Distance] Global distance: 1.000000
#-----------------------------------------------------------------------------
#---------------------------------A.LAND2-------------------------------------------
[Distance] P1: -1.000000 P2: -8.999900 P3: -1.000000 
[Distance] Global distance: 8.999900
#-----------------------------------------------------------------------------
#---------------------------------A.AUTO1-------------------------------------------
[Distance] P1: -1.000000 P2: -1.000000 P3: 1.000000 
[Distance] Global distance: 1.000000
#-----------------------------------------------------------------------------
#---------------------------------A.GPS.FS1-------------------------------------------
[Distance] P1: 1.000000 P2: -1.500000 P3: 1.000000 
[Distance] Global distance: 1.500000
#-----------------------------------------------------------------------------
#---------------------------------A.GPS.FS2-------------------------------------------
[Distance] P1: -1.000000 P2: 1.000000 P3: -1.000000 
[Distance] Global distance: 1.000000
#-----------------------------------------------------------------------------
#---------------------------------A.RC.FS1-------------------------------------------
[Distance] P1: -1.000000 P2: 0.000000 
[Distance] Global distance: 1.000000
#-----------------------------------------------------------------------------
#---------------------------------A.RC.FS2-------------------------------------------
[Distance] P1: 0.000000 P2: 1.000000 
[Distance] Global distance: 0.000000
#-----------------------------------------------------------------------------
#---------------------------------A.SPORT1-------------------------------------------
[Distance] P1: -1.000000 P2: -1.000000 
[Distance] Global distance: 1.000000
#-----------------------------------------------------------------------------
#---------------------------------A.GUIDED1-------------------------------------------
[Distance] P1: 1.000000 P2: 1.000000 P3: -1.000000 P4: -1.000000 P5: -1.000000 
[Distance] Global distance: 1.000000
#-----------------------------------------------------------------------------
#---------------------------------A.LOITER1-------------------------------------------
[Distance] P1: -1.000000 P2: -1.000000 P3: -1.000000 P4: -1.000000 
[Distance] Global distance: 1.000000
#-----------------------------------------------------------------------------
#---------------------------------A.DRIFT1-------------------------------------------
[Distance] P1: -1.000000 P2: -1.000000 P3: -1.000000 
[Distance] Global distance: 1.000000
#-----------------------------------------------------------------------------
#---------------------------------A.BRAKE1-------------------------------------------
[Distance] P1: -1.000000 P2: -1.000000 
[Distance] Global distance: 1.000000
#-----------------------------------------------------------------------------
### Next round (9) for fuzzing commands. ###
#---------------------------------A.CHUTE-------------------------------------------
[Distance] P1: -1.000000 P2: -1.000000 P3: -1.000000 P4: 0.000000 P5: 0.000000 
[Distance] Global distance: 1.000000
#-----------------------------------------------------------------------------
#---------------------------------A.RTL1-------------------------------------------
[Distance] P1: 1.000000 P2: 0.000000 P3: -1.000000 P4: 0.000000 
[Distance] Global distance: 1.000000
#-----------------------------------------------------------------------------
#---------------------------------A.RTL2-------------------------------------------
[Distance] P1: -1.000000 P2: 0.000000 P3: 1.000000 P4: 1.000000 P5: -1.000000 
[Distance] Global distance: 1.000000
#-----------------------------------------------------------------------------
#---------------------------------A.RTL3-------------------------------------------
[Distance] P1: -1.000000 P2: 0.000000 P3: -1.000000 P4: 0.000000 
[Distance] Global distance: 1.000000
#-----------------------------------------------------------------------------
#---------------------------------A.RTL4-------------------------------------------
[Distance] P1: -1.000000 P2: 0.000000 P3: 1.000000 
[Distance] Global distance: 1.000000
#-----------------------------------------------------------------------------
#---------------------------------A.FLIP1-------------------------------------------
[Distance] P1: -1.000000 P2: 1.000000 P3: -1.000000 P4: -1.000000 P5: -1.000000 
[Distance] Global distance: 1.000000
#-----------------------------------------------------------------------------
#---------------------------------A.FLIP2-------------------------------------------
[Distance] P1: -1.000000 P2: 1.000000 P3: -1.000000 P4: 1.000000 
[Distance] Global distance: 1.000000
#-----------------------------------------------------------------------------
#---------------------------------A.FLIP3-------------------------------------------
[Distance] P1: -1.000000 P2: 1.000000 P3: 1.000000 P4: 1.000000 
[Distance] Global distance: 1.000000
#-----------------------------------------------------------------------------
#---------------------------------A.FLIP4-------------------------------------------
[Distance] P1: -1.000000 P2: 1.000000 
[Distance] Global distance: 1.000000
#-----------------------------------------------------------------------------
#---------------------------------A.ALT_HOLD1-------------------------------------------
[Distance] P1: 1.000000 P2: -1.000000 P3: -1.000000 
[Distance] Global distance: 1.000000
#-----------------------------------------------------------------------------
#---------------------------------A.ALT_HOLD2-------------------------------------------
[Distance] P1: -1.000000 P2: -1.000000 P3: -1.000000 
[Distance] Global distance: 1.000000
#-----------------------------------------------------------------------------
#---------------------------------A.CIRCLE1-------------------------------------------
[Distance] P1: -1.000000 P2: 0.000000 P3: -1.000000 P4: 0.000000 
[Distance] Global distance: 1.000000
#-----------------------------------------------------------------------------
#---------------------------------A.CIRCLE2-------------------------------------------
[Distance] P1: -1.000000 P2: 0.000000 P3: 0.000000 
[Distance] Global distance: 1.000000
#-----------------------------------------------------------------------------
#---------------------------------A.CIRCLE3-------------------------------------------
[Distance] P1: -1.000000 P2: 0.000000 P3: -1.000000 P4: -1.000000 
[Distance] Global distance: 1.000000
#-----------------------------------------------------------------------------
#---------------------------------A.CIRCLE4-6-------------------------------------------
[Distance] P1: -1.000000 P2: 0.000000 P3: -1.000000 P4: -1.000000 
[Distance] Global distance: 1.000000
#-----------------------------------------------------------------------------
#---------------------------------A.CIRCLE7-------------------------------------------
[Distance] P1: -1.000000 P2: -1.000000 P3: -1.000000 P4: -1.000000 
[Distance] Global distance: 1.000000
#-----------------------------------------------------------------------------
#---------------------------------A.LAND1-------------------------------------------
[Distance] P1: -1.000000 P2: 0.900001 P3: -1.000000 
[Distance] Global distance: 1.000000
#-----------------------------------------------------------------------------
#---------------------------------A.LAND2-------------------------------------------
[Distance] P1: -1.000000 P2: -9.000100 P3: -1.000000 
[Distance] Global distance: 9.000100
#-----------------------------------------------------------------------------
#---------------------------------A.AUTO1-------------------------------------------
[Distance] P1: -1.000000 P2: -1.000000 P3: 1.000000 
[Distance] Global distance: 1.000000
#-----------------------------------------------------------------------------
#---------------------------------A.GPS.FS1-------------------------------------------
[Distance] P1: 1.000000 P2: -1.500000 P3: 1.000000 
[Distance] Global distance: 1.500000
#-----------------------------------------------------------------------------
#---------------------------------A.GPS.FS2-------------------------------------------
[Distance] P1: -1.000000 P2: 1.000000 P3: -1.000000 
[Distance] Global distance: 1.000000
#-----------------------------------------------------------------------------
#---------------------------------A.RC.FS1-------------------------------------------
[Distance] P1: -1.000000 P2: 0.000000 
[Distance] Global distance: 1.000000
#-----------------------------------------------------------------------------
#---------------------------------A.RC.FS2-------------------------------------------
[Distance] P1: 0.000000 P2: 1.000000 
[Distance] Global distance: 0.000000
#-----------------------------------------------------------------------------
#---------------------------------A.SPORT1-------------------------------------------
[Distance] P1: -1.000000 P2: -1.000000 
[Distance] Global distance: 1.000000
#-----------------------------------------------------------------------------
#---------------------------------A.GUIDED1-------------------------------------------
[Distance] P1: 1.000000 P2: 1.000000 P3: -1.000000 P4: -1.000000 P5: -1.000000 
[Distance] Global distance: 1.000000
#-----------------------------------------------------------------------------
#---------------------------------A.LOITER1-------------------------------------------
[Distance] P1: -1.000000 P2: -1.000000 P3: -1.000000 P4: -1.000000 
[Distance] Global distance: 1.000000
#-----------------------------------------------------------------------------
#---------------------------------A.DRIFT1-------------------------------------------
[Distance] P1: -1.000000 P2: -1.000000 P3: -1.000000 
[Distance] Global distance: 1.000000
#-----------------------------------------------------------------------------
#---------------------------------A.BRAKE1-------------------------------------------
[Distance] P1: -1.000000 P2: -1.000000 
[Distance] Global distance: 1.000000
#-----------------------------------------------------------------------------
# [Change_parameter()] selected params: SIM_FLOW_POS_Z
[param] selected params: SIM_FLOW_POS_Z, there is no min of valid range, random param value:7470
#---------------------------------A.CHUTE-------------------------------------------
[Distance] P1: -1.000000 P2: -1.000000 P3: -1.000000 P4: 0.000000 P5: 0.000000 
[Distance] Global distance: 1.000000
#-----------------------------------------------------------------------------
#---------------------------------A.RTL1-------------------------------------------
[Distance] P1: 1.000000 P2: 0.000000 P3: -1.000000 P4: 0.000000 
[Distance] Global distance: 1.000000
#-----------------------------------------------------------------------------
#---------------------------------A.RTL2-------------------------------------------
[Distance] P1: -1.000000 P2: 0.000000 P3: 1.000000 P4: 1.000000 P5: -1.000000 
[Distance] Global distance: 1.000000
#-----------------------------------------------------------------------------
#---------------------------------A.RTL3-------------------------------------------
[Distance] P1: -1.000000 P2: 0.000000 P3: -1.000000 P4: 0.000000 
[Distance] Global distance: 1.000000
#-----------------------------------------------------------------------------
#---------------------------------A.RTL4-------------------------------------------
[Distance] P1: -1.000000 P2: 0.000000 P3: 1.000000 
[Distance] Global distance: 1.000000
#-----------------------------------------------------------------------------
#---------------------------------A.FLIP1-------------------------------------------
[Distance] P1: -1.000000 P2: 1.000000 P3: -1.000000 P4: -1.000000 P5: -1.000000 
[Distance] Global distance: 1.000000
#-----------------------------------------------------------------------------
#---------------------------------A.FLIP2-------------------------------------------
[Distance] P1: -1.000000 P2: 1.000000 P3: -1.000000 P4: 1.000000 
[Distance] Global distance: 1.000000
#-----------------------------------------------------------------------------
#---------------------------------A.FLIP3-------------------------------------------
[Distance] P1: -1.000000 P2: 1.000000 P3: 1.000000 P4: 1.000000 
[Distance] Global distance: 1.000000
#-----------------------------------------------------------------------------
#---------------------------------A.FLIP4-------------------------------------------
[Distance] P1: -1.000000 P2: 1.000000 
[Distance] Global distance: 1.000000
#-----------------------------------------------------------------------------
#---------------------------------A.ALT_HOLD1-------------------------------------------
[Distance] P1: 1.000000 P2: -1.000000 P3: -1.000000 
[Distance] Global distance: 1.000000
#-----------------------------------------------------------------------------
#---------------------------------A.ALT_HOLD2-------------------------------------------
[Distance] P1: -1.000000 P2: -1.000000 P3: -1.000000 
[Distance] Global distance: 1.000000
#-----------------------------------------------------------------------------
#---------------------------------A.CIRCLE1-------------------------------------------
[Distance] P1: -1.000000 P2: 0.000000 P3: -1.000000 P4: 0.000000 
[Distance] Global distance: 1.000000
#-----------------------------------------------------------------------------
#---------------------------------A.CIRCLE2-------------------------------------------
[Distance] P1: -1.000000 P2: 0.000000 P3: 0.000000 
[Distance] Global distance: 1.000000
#-----------------------------------------------------------------------------
#---------------------------------A.CIRCLE3-------------------------------------------
[Distance] P1: -1.000000 P2: 0.000000 P3: -1.000000 P4: -1.000000 
[Distance] Global distance: 1.000000
#-----------------------------------------------------------------------------
#---------------------------------A.CIRCLE4-6-------------------------------------------
[Distance] P1: -1.000000 P2: 0.000000 P3: -1.000000 P4: -1.000000 
[Distance] Global distance: 1.000000
#-----------------------------------------------------------------------------
#---------------------------------A.CIRCLE7-------------------------------------------
[Distance] P1: -1.000000 P2: -1.000000 P3: -1.000000 P4: -1.000000 
[Distance] Global distance: 1.000000
#-----------------------------------------------------------------------------
#---------------------------------A.LAND1-------------------------------------------
[Distance] P1: -1.000000 P2: 0.899999 P3: -1.000000 
[Distance] Global distance: 1.000000
#-----------------------------------------------------------------------------
#---------------------------------A.LAND2-------------------------------------------
[Distance] P1: -1.000000 P2: -8.999900 P3: -1.000000 
[Distance] Global distance: 8.999900
#-----------------------------------------------------------------------------
#---------------------------------A.AUTO1-------------------------------------------
[Distance] P1: -1.000000 P2: -1.000000 P3: 1.000000 
[Distance] Global distance: 1.000000
#-----------------------------------------------------------------------------
#---------------------------------A.GPS.FS1-------------------------------------------
[Distance] P1: 1.000000 P2: -1.500000 P3: 1.000000 
[Distance] Global distance: 1.500000
#-----------------------------------------------------------------------------
#---------------------------------A.GPS.FS2-------------------------------------------
[Distance] P1: -1.000000 P2: 1.000000 P3: -1.000000 
[Distance] Global distance: 1.000000
#-----------------------------------------------------------------------------
#---------------------------------A.RC.FS1-------------------------------------------
[Distance] P1: -1.000000 P2: 0.000000 
[Distance] Global distance: 1.000000
#-----------------------------------------------------------------------------
#---------------------------------A.RC.FS2-------------------------------------------
[Distance] P1: 0.000000 P2: 1.000000 
[Distance] Global distance: 0.000000
#-----------------------------------------------------------------------------
#---------------------------------A.SPORT1-------------------------------------------
[Distance] P1: -1.000000 P2: -1.000000 
[Distance] Global distance: 1.000000
#-----------------------------------------------------------------------------
#---------------------------------A.GUIDED1-------------------------------------------
[Distance] P1: 1.000000 P2: 1.000000 P3: -1.000000 P4: -1.000000 P5: -1.000000 
[Distance] Global distance: 1.000000
#-----------------------------------------------------------------------------
#---------------------------------A.LOITER1-------------------------------------------
[Distance] P1: -1.000000 P2: -1.000000 P3: -1.000000 P4: -1.000000 
[Distance] Global distance: 1.000000
#-----------------------------------------------------------------------------
#---------------------------------A.DRIFT1-------------------------------------------
[Distance] P1: -1.000000 P2: -1.000000 P3: -1.000000 
[Distance] Global distance: 1.000000
#-----------------------------------------------------------------------------
#---------------------------------A.BRAKE1-------------------------------------------
[Distance] P1: -1.000000 P2: -1.000000 
[Distance] Global distance: 1.000000
#-----------------------------------------------------------------------------
### Next round (10) for fuzzing commands. ###
#---------------------------------A.CHUTE-------------------------------------------
[Distance] P1: -1.000000 P2: -1.000000 P3: -1.000000 P4: 0.000000 P5: 0.000000 
[Distance] Global distance: 1.000000
#-----------------------------------------------------------------------------
#---------------------------------A.RTL1-------------------------------------------
[Distance] P1: 1.000000 P2: 0.000000 P3: -1.000000 P4: 0.000000 
[Distance] Global distance: 1.000000
#-----------------------------------------------------------------------------
#---------------------------------A.RTL2-------------------------------------------
[Distance] P1: -1.000000 P2: 0.000000 P3: 1.000000 P4: 1.000000 P5: -1.000000 
[Distance] Global distance: 1.000000
#-----------------------------------------------------------------------------
#---------------------------------A.RTL3-------------------------------------------
[Distance] P1: -1.000000 P2: 0.000000 P3: -1.000000 P4: 0.000000 
[Distance] Global distance: 1.000000
#-----------------------------------------------------------------------------
#---------------------------------A.RTL4-------------------------------------------
[Distance] P1: -1.000000 P2: 0.000000 P3: 1.000000 
[Distance] Global distance: 1.000000
#-----------------------------------------------------------------------------
#---------------------------------A.FLIP1-------------------------------------------
[Distance] P1: -1.000000 P2: 1.000000 P3: -1.000000 P4: -1.000000 P5: -1.000000 
[Distance] Global distance: 1.000000
#-----------------------------------------------------------------------------
#---------------------------------A.FLIP2-------------------------------------------
[Distance] P1: -1.000000 P2: 1.000000 P3: -1.000000 P4: 1.000000 
[Distance] Global distance: 1.000000
#-----------------------------------------------------------------------------
#---------------------------------A.FLIP3-------------------------------------------
[Distance] P1: -1.000000 P2: 1.000000 P3: 1.000000 P4: 1.000000 
[Distance] Global distance: 1.000000
#-----------------------------------------------------------------------------
#---------------------------------A.FLIP4-------------------------------------------
[Distance] P1: -1.000000 P2: 1.000000 
[Distance] Global distance: 1.000000
#-----------------------------------------------------------------------------
#---------------------------------A.ALT_HOLD1-------------------------------------------
[Distance] P1: 1.000000 P2: -1.000000 P3: -1.000000 
[Distance] Global distance: 1.000000
#-----------------------------------------------------------------------------
#---------------------------------A.ALT_HOLD2-------------------------------------------
[Distance] P1: -1.000000 P2: -1.000000 P3: -1.000000 
[Distance] Global distance: 1.000000
#-----------------------------------------------------------------------------
#---------------------------------A.CIRCLE1-------------------------------------------
[Distance] P1: -1.000000 P2: 0.000000 P3: -1.000000 P4: 0.000000 
[Distance] Global distance: 1.000000
#-----------------------------------------------------------------------------
#---------------------------------A.CIRCLE2-------------------------------------------
[Distance] P1: -1.000000 P2: 0.000000 P3: 0.000000 
[Distance] Global distance: 1.000000
#-----------------------------------------------------------------------------
#---------------------------------A.CIRCLE3-------------------------------------------
[Distance] P1: -1.000000 P2: 0.000000 P3: -1.000000 P4: -1.000000 
[Distance] Global distance: 1.000000
#-----------------------------------------------------------------------------
#---------------------------------A.CIRCLE4-6-------------------------------------------
[Distance] P1: -1.000000 P2: 0.000000 P3: -1.000000 P4: -1.000000 
[Distance] Global distance: 1.000000
#-----------------------------------------------------------------------------
#---------------------------------A.CIRCLE7-------------------------------------------
[Distance] P1: -1.000000 P2: -1.000000 P3: -1.000000 P4: -1.000000 
[Distance] Global distance: 1.000000
#-----------------------------------------------------------------------------
#---------------------------------A.LAND1-------------------------------------------
[Distance] P1: -1.000000 P2: 0.899999 P3: -1.000000 
[Distance] Global distance: 1.000000
#-----------------------------------------------------------------------------
#---------------------------------A.LAND2-------------------------------------------
[Distance] P1: -1.000000 P2: -8.999900 P3: -1.000000 
[Distance] Global distance: 8.999900
#-----------------------------------------------------------------------------
#---------------------------------A.AUTO1-------------------------------------------
[Distance] P1: -1.000000 P2: -1.000000 P3: 1.000000 
[Distance] Global distance: 1.000000
#-----------------------------------------------------------------------------
#---------------------------------A.GPS.FS1-------------------------------------------
[Distance] P1: 1.000000 P2: -1.500000 P3: 1.000000 
[Distance] Global distance: 1.500000
#-----------------------------------------------------------------------------
#---------------------------------A.GPS.FS2-------------------------------------------
[Distance] P1: -1.000000 P2: 1.000000 P3: -1.000000 
[Distance] Global distance: 1.000000
#-----------------------------------------------------------------------------
#---------------------------------A.RC.FS1-------------------------------------------
[Distance] P1: -1.000000 P2: 0.000000 
[Distance] Global distance: 1.000000
#-----------------------------------------------------------------------------
#---------------------------------A.RC.FS2-------------------------------------------
[Distance] P1: 0.000000 P2: 1.000000 
[Distance] Global distance: 0.000000
#-----------------------------------------------------------------------------
#---------------------------------A.SPORT1-------------------------------------------
[Distance] P1: -1.000000 P2: -1.000000 
[Distance] Global distance: 1.000000
#-----------------------------------------------------------------------------
#---------------------------------A.GUIDED1-------------------------------------------
[Distance] P1: 1.000000 P2: 1.000000 P3: -1.000000 P4: -1.000000 P5: -1.000000 
[Distance] Global distance: 1.000000
#-----------------------------------------------------------------------------
#---------------------------------A.LOITER1-------------------------------------------
[Distance] P1: -1.000000 P2: -1.000000 P3: -1.000000 P4: -1.000000 
[Distance] Global distance: 1.000000
#-----------------------------------------------------------------------------
#---------------------------------A.DRIFT1-------------------------------------------
[Distance] P1: -1.000000 P2: -1.000000 P3: -1.000000 
[Distance] Global distance: 1.000000
#-----------------------------------------------------------------------------
#---------------------------------A.BRAKE1-------------------------------------------
[Distance] P1: -1.000000 P2: -1.000000 
[Distance] Global distance: 1.000000
#-----------------------------------------------------------------------------
[Execute_env] (SIM_BZ_PIN, 31.8369718559386)
#---------------------------------A.CHUTE-------------------------------------------
[Distance] P1: -1.000000 P2: -1.000000 P3: -1.000000 P4: 0.000000 P5: 0.000000 
[Distance] Global distance: 1.000000
#-----------------------------------------------------------------------------
#---------------------------------A.RTL1-------------------------------------------
[Distance] P1: 1.000000 P2: 0.000000 P3: -1.000000 P4: 0.000000 
[Distance] Global distance: 1.000000
#-----------------------------------------------------------------------------
#---------------------------------A.RTL2-------------------------------------------
[Distance] P1: -1.000000 P2: 0.000000 P3: 1.000000 P4: 1.000000 P5: -1.000000 
[Distance] Global distance: 1.000000
#-----------------------------------------------------------------------------
#---------------------------------A.RTL3-------------------------------------------
[Distance] P1: -1.000000 P2: 0.000000 P3: -1.000000 P4: 0.000000 
[Distance] Global distance: 1.000000
#-----------------------------------------------------------------------------
#---------------------------------A.RTL4-------------------------------------------
[Distance] P1: -1.000000 P2: 0.000000 P3: 1.000000 
[Distance] Global distance: 1.000000
#-----------------------------------------------------------------------------
#---------------------------------A.FLIP1-------------------------------------------
[Distance] P1: -1.000000 P2: 1.000000 P3: -1.000000 P4: -1.000000 P5: -1.000000 
[Distance] Global distance: 1.000000
#-----------------------------------------------------------------------------
#---------------------------------A.FLIP2-------------------------------------------
[Distance] P1: -1.000000 P2: 1.000000 P3: -1.000000 P4: 1.000000 
[Distance] Global distance: 1.000000
#-----------------------------------------------------------------------------
#---------------------------------A.FLIP3-------------------------------------------
[Distance] P1: -1.000000 P2: 1.000000 P3: 1.000000 P4: 1.000000 
[Distance] Global distance: 1.000000
#-----------------------------------------------------------------------------
#---------------------------------A.FLIP4-------------------------------------------
[Distance] P1: -1.000000 P2: 1.000000 
[Distance] Global distance: 1.000000
#-----------------------------------------------------------------------------
#---------------------------------A.ALT_HOLD1-------------------------------------------
[Distance] P1: 1.000000 P2: -1.000000 P3: -1.000000 
[Distance] Global distance: 1.000000
#-----------------------------------------------------------------------------
#---------------------------------A.ALT_HOLD2-------------------------------------------
[Distance] P1: -1.000000 P2: -1.000000 P3: -1.000000 
[Distance] Global distance: 1.000000
#-----------------------------------------------------------------------------
#---------------------------------A.CIRCLE1-------------------------------------------
[Distance] P1: -1.000000 P2: 0.000000 P3: -1.000000 P4: 0.000000 
[Distance] Global distance: 1.000000
#-----------------------------------------------------------------------------
#---------------------------------A.CIRCLE2-------------------------------------------
[Distance] P1: -1.000000 P2: 0.000000 P3: 0.000000 
[Distance] Global distance: 1.000000
#-----------------------------------------------------------------------------
#---------------------------------A.CIRCLE3-------------------------------------------
[Distance] P1: -1.000000 P2: 0.000000 P3: -1.000000 P4: -1.000000 
[Distance] Global distance: 1.000000
#-----------------------------------------------------------------------------
#---------------------------------A.CIRCLE4-6-------------------------------------------
[Distance] P1: -1.000000 P2: 0.000000 P3: -1.000000 P4: -1.000000 
[Distance] Global distance: 1.000000
#-----------------------------------------------------------------------------
#---------------------------------A.CIRCLE7-------------------------------------------
[Distance] P1: -1.000000 P2: -1.000000 P3: -1.000000 P4: -1.000000 
[Distance] Global distance: 1.000000
#-----------------------------------------------------------------------------
#---------------------------------A.LAND1-------------------------------------------
[Distance] P1: -1.000000 P2: 0.900001 P3: -1.000000 
[Distance] Global distance: 1.000000
#-----------------------------------------------------------------------------
#---------------------------------A.LAND2-------------------------------------------
[Distance] P1: -1.000000 P2: -9.000100 P3: -1.000000 
[Distance] Global distance: 9.000100
#-----------------------------------------------------------------------------
#---------------------------------A.AUTO1-------------------------------------------
[Distance] P1: -1.000000 P2: -1.000000 P3: 1.000000 
[Distance] Global distance: 1.000000
#-----------------------------------------------------------------------------
#---------------------------------A.GPS.FS1-------------------------------------------
[Distance] P1: 1.000000 P2: -1.500000 P3: 1.000000 
[Distance] Global distance: 1.500000
#-----------------------------------------------------------------------------
#---------------------------------A.GPS.FS2-------------------------------------------
[Distance] P1: -1.000000 P2: 1.000000 P3: -1.000000 
[Distance] Global distance: 1.000000
#-----------------------------------------------------------------------------
#---------------------------------A.RC.FS1-------------------------------------------
[Distance] P1: -1.000000 P2: 0.000000 
[Distance] Global distance: 1.000000
#-----------------------------------------------------------------------------
#---------------------------------A.RC.FS2-------------------------------------------
[Distance] P1: 0.000000 P2: 1.000000 
[Distance] Global distance: 0.000000
#-----------------------------------------------------------------------------
#---------------------------------A.SPORT1-------------------------------------------
[Distance] P1: -1.000000 P2: -1.000000 
[Distance] Global distance: 1.000000
#-----------------------------------------------------------------------------
#---------------------------------A.GUIDED1-------------------------------------------
[Distance] P1: 1.000000 P2: 1.000000 P3: -1.000000 P4: -1.000000 P5: -1.000000 
[Distance] Global distance: 1.000000
#-----------------------------------------------------------------------------
#---------------------------------A.LOITER1-------------------------------------------
[Distance] P1: -1.000000 P2: -1.000000 P3: -1.000000 P4: -1.000000 
[Distance] Global distance: 1.000000
#-----------------------------------------------------------------------------
#---------------------------------A.DRIFT1-------------------------------------------
[Distance] P1: -1.000000 P2: -1.000000 P3: -1.000000 
[Distance] Global distance: 1.000000
#-----------------------------------------------------------------------------
#---------------------------------A.BRAKE1-------------------------------------------
[Distance] P1: -1.000000 P2: -1.000000 
[Distance] Global distance: 1.000000
#-----------------------------------------------------------------------------
### Next round (11) for fuzzing commands. ###
#---------------------------------A.CHUTE-------------------------------------------
[Distance] P1: -1.000000 P2: -1.000000 P3: -1.000000 P4: 0.000000 P5: 0.000000 
[Distance] Global distance: 1.000000
#-----------------------------------------------------------------------------
#---------------------------------A.RTL1-------------------------------------------
[Distance] P1: 1.000000 P2: 0.000000 P3: -1.000000 P4: 0.000000 
[Distance] Global distance: 1.000000
#-----------------------------------------------------------------------------
#---------------------------------A.RTL2-------------------------------------------
[Distance] P1: -1.000000 P2: 0.000000 P3: 1.000000 P4: 1.000000 P5: -1.000000 
[Distance] Global distance: 1.000000
#-----------------------------------------------------------------------------
#---------------------------------A.RTL3-------------------------------------------
[Distance] P1: -1.000000 P2: 0.000000 P3: -1.000000 P4: 0.000000 
[Distance] Global distance: 1.000000
#-----------------------------------------------------------------------------
#---------------------------------A.RTL4-------------------------------------------
[Distance] P1: -1.000000 P2: 0.000000 P3: 1.000000 
[Distance] Global distance: 1.000000
#-----------------------------------------------------------------------------
#---------------------------------A.FLIP1-------------------------------------------
[Distance] P1: -1.000000 P2: 1.000000 P3: -1.000000 P4: -1.000000 P5: -1.000000 
[Distance] Global distance: 1.000000
#-----------------------------------------------------------------------------
#---------------------------------A.FLIP2-------------------------------------------
[Distance] P1: -1.000000 P2: 1.000000 P3: -1.000000 P4: 1.000000 
[Distance] Global distance: 1.000000
#-----------------------------------------------------------------------------
#---------------------------------A.FLIP3-------------------------------------------
[Distance] P1: -1.000000 P2: 1.000000 P3: 1.000000 P4: 1.000000 
[Distance] Global distance: 1.000000
#-----------------------------------------------------------------------------
#---------------------------------A.FLIP4-------------------------------------------
[Distance] P1: -1.000000 P2: 1.000000 
[Distance] Global distance: 1.000000
#-----------------------------------------------------------------------------
#---------------------------------A.ALT_HOLD1-------------------------------------------
[Distance] P1: 1.000000 P2: -1.000000 P3: -1.000000 
[Distance] Global distance: 1.000000
#-----------------------------------------------------------------------------
#---------------------------------A.ALT_HOLD2-------------------------------------------
[Distance] P1: -1.000000 P2: -1.000000 P3: -1.000000 
[Distance] Global distance: 1.000000
#-----------------------------------------------------------------------------
#---------------------------------A.CIRCLE1-------------------------------------------
[Distance] P1: -1.000000 P2: 0.000000 P3: -1.000000 P4: 0.000000 
[Distance] Global distance: 1.000000
#-----------------------------------------------------------------------------
#---------------------------------A.CIRCLE2-------------------------------------------
[Distance] P1: -1.000000 P2: 0.000000 P3: 0.000000 
[Distance] Global distance: 1.000000
#-----------------------------------------------------------------------------
#---------------------------------A.CIRCLE3-------------------------------------------
[Distance] P1: -1.000000 P2: 0.000000 P3: -1.000000 P4: -1.000000 
[Distance] Global distance: 1.000000
#-----------------------------------------------------------------------------
#---------------------------------A.CIRCLE4-6-------------------------------------------
[Distance] P1: -1.000000 P2: 0.000000 P3: -1.000000 P4: -1.000000 
[Distance] Global distance: 1.000000
#-----------------------------------------------------------------------------
#---------------------------------A.CIRCLE7-------------------------------------------
[Distance] P1: -1.000000 P2: -1.000000 P3: -1.000000 P4: -1.000000 
[Distance] Global distance: 1.000000
#-----------------------------------------------------------------------------
#---------------------------------A.LAND1-------------------------------------------
[Distance] P1: -1.000000 P2: 0.900000 P3: -1.000000 
[Distance] Global distance: 1.000000
#-----------------------------------------------------------------------------
#---------------------------------A.LAND2-------------------------------------------
[Distance] P1: -1.000000 P2: -9.000100 P3: -1.000000 
[Distance] Global distance: 9.000100
#-----------------------------------------------------------------------------
#---------------------------------A.AUTO1-------------------------------------------
[Distance] P1: -1.000000 P2: -1.000000 P3: 1.000000 
[Distance] Global distance: 1.000000
#-----------------------------------------------------------------------------
#---------------------------------A.GPS.FS1-------------------------------------------
[Distance] P1: 1.000000 P2: -1.500000 P3: 1.000000 
[Distance] Global distance: 1.500000
#-----------------------------------------------------------------------------
#---------------------------------A.GPS.FS2-------------------------------------------
[Distance] P1: -1.000000 P2: 1.000000 P3: -1.000000 
[Distance] Global distance: 1.000000
#-----------------------------------------------------------------------------
#---------------------------------A.RC.FS1-------------------------------------------
[Distance] P1: -1.000000 P2: 0.000000 
[Distance] Global distance: 1.000000
#-----------------------------------------------------------------------------
#---------------------------------A.RC.FS2-------------------------------------------
[Distance] P1: 0.000000 P2: 1.000000 
[Distance] Global distance: 0.000000
#-----------------------------------------------------------------------------
#---------------------------------A.SPORT1-------------------------------------------
[Distance] P1: -1.000000 P2: -1.000000 
[Distance] Global distance: 1.000000
#-----------------------------------------------------------------------------
#---------------------------------A.GUIDED1-------------------------------------------
[Distance] P1: 1.000000 P2: 1.000000 P3: -1.000000 P4: -1.000000 P5: -1.000000 
[Distance] Global distance: 1.000000
#-----------------------------------------------------------------------------
#---------------------------------A.LOITER1-------------------------------------------
[Distance] P1: -1.000000 P2: -1.000000 P3: -1.000000 P4: -1.000000 
[Distance] Global distance: 1.000000
#-----------------------------------------------------------------------------
#---------------------------------A.DRIFT1-------------------------------------------
[Distance] P1: -1.000000 P2: -1.000000 P3: -1.000000 
[Distance] Global distance: 1.000000
#-----------------------------------------------------------------------------
#---------------------------------A.BRAKE1-------------------------------------------
[Distance] P1: -1.000000 P2: -1.000000 
[Distance] Global distance: 1.000000
#-----------------------------------------------------------------------------
[Execute_cmd] (MAV_CMD_DO_SET_HOME, 83,74,90,95,42,49,76)
#---------------------------------A.CHUTE-------------------------------------------
[Distance] P1: -1.000000 P2: -1.000000 P3: -1.000000 P4: 0.000000 P5: 0.000000 
[Distance] Global distance: 1.000000
#-----------------------------------------------------------------------------
#---------------------------------A.RTL1-------------------------------------------
[Distance] P1: 1.000000 P2: 0.000000 P3: -1.000000 P4: 0.000000 
[Distance] Global distance: 1.000000
#-----------------------------------------------------------------------------
#---------------------------------A.RTL2-------------------------------------------
[Distance] P1: -1.000000 P2: 0.000000 P3: 1.000000 P4: 1.000000 P5: -1.000000 
[Distance] Global distance: 1.000000
#-----------------------------------------------------------------------------
#---------------------------------A.RTL3-------------------------------------------
[Distance] P1: -1.000000 P2: 0.000000 P3: -1.000000 P4: 0.000000 
[Distance] Global distance: 1.000000
#-----------------------------------------------------------------------------
#---------------------------------A.RTL4-------------------------------------------
[Distance] P1: -1.000000 P2: 0.000000 P3: 1.000000 
[Distance] Global distance: 1.000000
#-----------------------------------------------------------------------------
#---------------------------------A.FLIP1-------------------------------------------
[Distance] P1: -1.000000 P2: 1.000000 P3: -1.000000 P4: -1.000000 P5: -1.000000 
[Distance] Global distance: 1.000000
#-----------------------------------------------------------------------------
#---------------------------------A.FLIP2-------------------------------------------
[Distance] P1: -1.000000 P2: 1.000000 P3: -1.000000 P4: 1.000000 
[Distance] Global distance: 1.000000
#-----------------------------------------------------------------------------
#---------------------------------A.FLIP3-------------------------------------------
[Distance] P1: -1.000000 P2: 1.000000 P3: 1.000000 P4: 1.000000 
[Distance] Global distance: 1.000000
#-----------------------------------------------------------------------------
#---------------------------------A.FLIP4-------------------------------------------
[Distance] P1: -1.000000 P2: 1.000000 
[Distance] Global distance: 1.000000
#-----------------------------------------------------------------------------
#---------------------------------A.ALT_HOLD1-------------------------------------------
[Distance] P1: 1.000000 P2: -1.000000 P3: -1.000000 
[Distance] Global distance: 1.000000
#-----------------------------------------------------------------------------
#---------------------------------A.ALT_HOLD2-------------------------------------------
[Distance] P1: -1.000000 P2: -1.000000 P3: -1.000000 
[Distance] Global distance: 1.000000
#-----------------------------------------------------------------------------
#---------------------------------A.CIRCLE1-------------------------------------------
[Distance] P1: -1.000000 P2: 0.000000 P3: -1.000000 P4: 0.000000 
[Distance] Global distance: 1.000000
#-----------------------------------------------------------------------------
#---------------------------------A.CIRCLE2-------------------------------------------
[Distance] P1: -1.000000 P2: 0.000000 P3: 0.000000 
[Distance] Global distance: 1.000000
#-----------------------------------------------------------------------------
#---------------------------------A.CIRCLE3-------------------------------------------
[Distance] P1: -1.000000 P2: 0.000000 P3: -1.000000 P4: -1.000000 
[Distance] Global distance: 1.000000
#-----------------------------------------------------------------------------
#---------------------------------A.CIRCLE4-6-------------------------------------------
[Distance] P1: -1.000000 P2: 0.000000 P3: -1.000000 P4: -1.000000 
[Distance] Global distance: 1.000000
#-----------------------------------------------------------------------------
#---------------------------------A.CIRCLE7-------------------------------------------
[Distance] P1: -1.000000 P2: -1.000000 P3: -1.000000 P4: -1.000000 
[Distance] Global distance: 1.000000
#-----------------------------------------------------------------------------
#---------------------------------A.LAND1-------------------------------------------
[Distance] P1: -1.000000 P2: 0.900000 P3: -1.000000 
[Distance] Global distance: 1.000000
#-----------------------------------------------------------------------------
#---------------------------------A.LAND2-------------------------------------------
[Distance] P1: -1.000000 P2: -8.999900 P3: -1.000000 
[Distance] Global distance: 8.999900
#-----------------------------------------------------------------------------
#---------------------------------A.AUTO1-------------------------------------------
[Distance] P1: -1.000000 P2: -1.000000 P3: 1.000000 
[Distance] Global distance: 1.000000
#-----------------------------------------------------------------------------
#---------------------------------A.GPS.FS1-------------------------------------------
[Distance] P1: 1.000000 P2: -1.500000 P3: 1.000000 
[Distance] Global distance: 1.500000
#-----------------------------------------------------------------------------
#---------------------------------A.GPS.FS2-------------------------------------------
[Distance] P1: -1.000000 P2: 1.000000 P3: -1.000000 
[Distance] Global distance: 1.000000
#-----------------------------------------------------------------------------
#---------------------------------A.RC.FS1-------------------------------------------
[Distance] P1: -1.000000 P2: 0.000000 
[Distance] Global distance: 1.000000
#-----------------------------------------------------------------------------
#---------------------------------A.RC.FS2-------------------------------------------
[Distance] P1: 0.000000 P2: 1.000000 
[Distance] Global distance: 0.000000
#-----------------------------------------------------------------------------
#---------------------------------A.SPORT1-------------------------------------------
[Distance] P1: -1.000000 P2: -1.000000 
[Distance] Global distance: 1.000000
#-----------------------------------------------------------------------------
#---------------------------------A.GUIDED1-------------------------------------------
[Distance] P1: 1.000000 P2: 1.000000 P3: -1.000000 P4: -1.000000 P5: -1.000000 
[Distance] Global distance: 1.000000
#-----------------------------------------------------------------------------
#---------------------------------A.LOITER1-------------------------------------------
[Distance] P1: -1.000000 P2: -1.000000 P3: -1.000000 P4: -1.000000 
[Distance] Global distance: 1.000000
#-----------------------------------------------------------------------------
#---------------------------------A.DRIFT1-------------------------------------------
[Distance] P1: -1.000000 P2: -1.000000 P3: -1.000000 
[Distance] Global distance: 1.000000
#-----------------------------------------------------------------------------
#---------------------------------A.BRAKE1-------------------------------------------
[Distance] P1: -1.000000 P2: -1.000000 
[Distance] Global distance: 1.000000
#-----------------------------------------------------------------------------
### Next round (12) for fuzzing commands. ###
#---------------------------------A.CHUTE-------------------------------------------
[Distance] P1: -1.000000 P2: -1.000000 P3: -1.000000 P4: 0.000000 P5: 0.000000 
[Distance] Global distance: 1.000000
#-----------------------------------------------------------------------------
#---------------------------------A.RTL1-------------------------------------------
[Distance] P1: 1.000000 P2: 0.000000 P3: -1.000000 P4: 0.000000 
[Distance] Global distance: 1.000000
#-----------------------------------------------------------------------------
#---------------------------------A.RTL2-------------------------------------------
[Distance] P1: -1.000000 P2: 0.000000 P3: 1.000000 P4: 1.000000 P5: -1.000000 
[Distance] Global distance: 1.000000
#-----------------------------------------------------------------------------
#---------------------------------A.RTL3-------------------------------------------
[Distance] P1: -1.000000 P2: 0.000000 P3: -1.000000 P4: 0.000000 
[Distance] Global distance: 1.000000
#-----------------------------------------------------------------------------
#---------------------------------A.RTL4-------------------------------------------
[Distance] P1: -1.000000 P2: 0.000000 P3: 1.000000 
[Distance] Global distance: 1.000000
#-----------------------------------------------------------------------------
#---------------------------------A.FLIP1-------------------------------------------
[Distance] P1: -1.000000 P2: 1.000000 P3: -1.000000 P4: -1.000000 P5: -1.000000 
[Distance] Global distance: 1.000000
#-----------------------------------------------------------------------------
#---------------------------------A.FLIP2-------------------------------------------
[Distance] P1: -1.000000 P2: 1.000000 P3: -1.000000 P4: 1.000000 
[Distance] Global distance: 1.000000
#-----------------------------------------------------------------------------
#---------------------------------A.FLIP3-------------------------------------------
[Distance] P1: -1.000000 P2: 1.000000 P3: 1.000000 P4: 1.000000 
[Distance] Global distance: 1.000000
#-----------------------------------------------------------------------------
#---------------------------------A.FLIP4-------------------------------------------
[Distance] P1: -1.000000 P2: 1.000000 
[Distance] Global distance: 1.000000
#-----------------------------------------------------------------------------
#---------------------------------A.ALT_HOLD1-------------------------------------------
[Distance] P1: 1.000000 P2: -1.000000 P3: -1.000000 
[Distance] Global distance: 1.000000
#-----------------------------------------------------------------------------
#---------------------------------A.ALT_HOLD2-------------------------------------------
[Distance] P1: -1.000000 P2: -1.000000 P3: -1.000000 
[Distance] Global distance: 1.000000
#-----------------------------------------------------------------------------
#---------------------------------A.CIRCLE1-------------------------------------------
[Distance] P1: -1.000000 P2: 0.000000 P3: -1.000000 P4: 0.000000 
[Distance] Global distance: 1.000000
#-----------------------------------------------------------------------------
#---------------------------------A.CIRCLE2-------------------------------------------
[Distance] P1: -1.000000 P2: 0.000000 P3: 0.000000 
[Distance] Global distance: 1.000000
#-----------------------------------------------------------------------------
#---------------------------------A.CIRCLE3-------------------------------------------
[Distance] P1: -1.000000 P2: 0.000000 P3: -1.000000 P4: -1.000000 
[Distance] Global distance: 1.000000
#-----------------------------------------------------------------------------
#---------------------------------A.CIRCLE4-6-------------------------------------------
[Distance] P1: -1.000000 P2: 0.000000 P3: -1.000000 P4: -1.000000 
[Distance] Global distance: 1.000000
#-----------------------------------------------------------------------------
#---------------------------------A.CIRCLE7-------------------------------------------
[Distance] P1: -1.000000 P2: -1.000000 P3: -1.000000 P4: -1.000000 
[Distance] Global distance: 1.000000
#-----------------------------------------------------------------------------
#---------------------------------A.LAND1-------------------------------------------
[Distance] P1: -1.000000 P2: 0.899999 P3: -1.000000 
[Distance] Global distance: 1.000000
#-----------------------------------------------------------------------------
#---------------------------------A.LAND2-------------------------------------------
[Distance] P1: -1.000000 P2: -8.999900 P3: -1.000000 
[Distance] Global distance: 8.999900
#-----------------------------------------------------------------------------
#---------------------------------A.AUTO1-------------------------------------------
[Distance] P1: -1.000000 P2: -1.000000 P3: 1.000000 
[Distance] Global distance: 1.000000
#-----------------------------------------------------------------------------
#---------------------------------A.GPS.FS1-------------------------------------------
[Distance] P1: 1.000000 P2: -1.500000 P3: 1.000000 
[Distance] Global distance: 1.500000
#-----------------------------------------------------------------------------
#---------------------------------A.GPS.FS2-------------------------------------------
[Distance] P1: -1.000000 P2: 1.000000 P3: -1.000000 
[Distance] Global distance: 1.000000
#-----------------------------------------------------------------------------
#---------------------------------A.RC.FS1-------------------------------------------
[Distance] P1: -1.000000 P2: 0.000000 
[Distance] Global distance: 1.000000
#-----------------------------------------------------------------------------
#---------------------------------A.RC.FS2-------------------------------------------
[Distance] P1: 0.000000 P2: 1.000000 
[Distance] Global distance: 0.000000
#-----------------------------------------------------------------------------
#---------------------------------A.SPORT1-------------------------------------------
[Distance] P1: -1.000000 P2: -1.000000 
[Distance] Global distance: 1.000000
#-----------------------------------------------------------------------------
#---------------------------------A.GUIDED1-------------------------------------------
[Distance] P1: 1.000000 P2: 1.000000 P3: -1.000000 P4: -1.000000 P5: -1.000000 
[Distance] Global distance: 1.000000
#-----------------------------------------------------------------------------
#---------------------------------A.LOITER1-------------------------------------------
[Distance] P1: -1.000000 P2: -1.000000 P3: -1.000000 P4: -1.000000 
[Distance] Global distance: 1.000000
#-----------------------------------------------------------------------------
#---------------------------------A.DRIFT1-------------------------------------------
[Distance] P1: -1.000000 P2: -1.000000 P3: -1.000000 
[Distance] Global distance: 1.000000
#-----------------------------------------------------------------------------
#---------------------------------A.BRAKE1-------------------------------------------
[Distance] P1: -1.000000 P2: -1.000000 
[Distance] Global distance: 1.000000
#-----------------------------------------------------------------------------
# [Change_parameter()] selected params: PILOT_ACCEL_Z
# [Change_parameter()] selected params: PILOT_ACCEL_Z, min: 50.000000, max: 500.000000, random digit param value:468
#---------------------------------A.CHUTE-------------------------------------------
[Distance] P1: -1.000000 P2: -1.000000 P3: -1.000000 P4: 0.000000 P5: 0.000000 
[Distance] Global distance: 1.000000
#-----------------------------------------------------------------------------
#---------------------------------A.RTL1-------------------------------------------
[Distance] P1: 1.000000 P2: 0.000000 P3: -1.000000 P4: 0.000000 
[Distance] Global distance: 1.000000
#-----------------------------------------------------------------------------
#---------------------------------A.RTL2-------------------------------------------
[Distance] P1: -1.000000 P2: 0.000000 P3: 1.000000 P4: 1.000000 P5: -1.000000 
[Distance] Global distance: 1.000000
#-----------------------------------------------------------------------------
#---------------------------------A.RTL3-------------------------------------------
[Distance] P1: -1.000000 P2: 0.000000 P3: -1.000000 P4: 0.000000 
[Distance] Global distance: 1.000000
#-----------------------------------------------------------------------------
#---------------------------------A.RTL4-------------------------------------------
[Distance] P1: -1.000000 P2: 0.000000 P3: 1.000000 
[Distance] Global distance: 1.000000
#-----------------------------------------------------------------------------
#---------------------------------A.FLIP1-------------------------------------------
[Distance] P1: -1.000000 P2: 1.000000 P3: -1.000000 P4: -1.000000 P5: -1.000000 
[Distance] Global distance: 1.000000
#-----------------------------------------------------------------------------
#---------------------------------A.FLIP2-------------------------------------------
[Distance] P1: -1.000000 P2: 1.000000 P3: -1.000000 P4: 1.000000 
[Distance] Global distance: 1.000000
#-----------------------------------------------------------------------------
#---------------------------------A.FLIP3-------------------------------------------
[Distance] P1: -1.000000 P2: 1.000000 P3: 1.000000 P4: 1.000000 
[Distance] Global distance: 1.000000
#-----------------------------------------------------------------------------
#---------------------------------A.FLIP4-------------------------------------------
[Distance] P1: -1.000000 P2: 1.000000 
[Distance] Global distance: 1.000000
#-----------------------------------------------------------------------------
#---------------------------------A.ALT_HOLD1-------------------------------------------
[Distance] P1: 1.000000 P2: -1.000000 P3: -1.000000 
[Distance] Global distance: 1.000000
#-----------------------------------------------------------------------------
#---------------------------------A.ALT_HOLD2-------------------------------------------
[Distance] P1: -1.000000 P2: -1.000000 P3: -1.000000 
[Distance] Global distance: 1.000000
#-----------------------------------------------------------------------------
#---------------------------------A.CIRCLE1-------------------------------------------
[Distance] P1: -1.000000 P2: 0.000000 P3: -1.000000 P4: 0.000000 
[Distance] Global distance: 1.000000
#-----------------------------------------------------------------------------
#---------------------------------A.CIRCLE2-------------------------------------------
[Distance] P1: -1.000000 P2: 0.000000 P3: 0.000000 
[Distance] Global distance: 1.000000
#-----------------------------------------------------------------------------
#---------------------------------A.CIRCLE3-------------------------------------------
[Distance] P1: -1.000000 P2: 0.000000 P3: -1.000000 P4: -1.000000 
[Distance] Global distance: 1.000000
#-----------------------------------------------------------------------------
#---------------------------------A.CIRCLE4-6-------------------------------------------
[Distance] P1: -1.000000 P2: 0.000000 P3: -1.000000 P4: -1.000000 
[Distance] Global distance: 1.000000
#-----------------------------------------------------------------------------
#---------------------------------A.CIRCLE7-------------------------------------------
[Distance] P1: -1.000000 P2: -1.000000 P3: -1.000000 P4: -1.000000 
[Distance] Global distance: 1.000000
#-----------------------------------------------------------------------------
#---------------------------------A.LAND1-------------------------------------------
[Distance] P1: -1.000000 P2: 0.900000 P3: -1.000000 
[Distance] Global distance: 1.000000
#-----------------------------------------------------------------------------
#---------------------------------A.LAND2-------------------------------------------
[Distance] P1: -1.000000 P2: -9.000000 P3: -1.000000 
[Distance] Global distance: 9.000000
#-----------------------------------------------------------------------------
#---------------------------------A.AUTO1-------------------------------------------
[Distance] P1: -1.000000 P2: -1.000000 P3: 1.000000 
[Distance] Global distance: 1.000000
#-----------------------------------------------------------------------------
#---------------------------------A.GPS.FS1-------------------------------------------
[Distance] P1: 1.000000 P2: -1.500000 P3: 1.000000 
[Distance] Global distance: 1.500000
#-----------------------------------------------------------------------------
#---------------------------------A.GPS.FS2-------------------------------------------
[Distance] P1: -1.000000 P2: 1.000000 P3: -1.000000 
[Distance] Global distance: 1.000000
#-----------------------------------------------------------------------------
#---------------------------------A.RC.FS1-------------------------------------------
[Distance] P1: -1.000000 P2: 0.000000 
[Distance] Global distance: 1.000000
#-----------------------------------------------------------------------------
#---------------------------------A.RC.FS2-------------------------------------------
[Distance] P1: 0.000000 P2: 1.000000 
[Distance] Global distance: 0.000000
#-----------------------------------------------------------------------------
#---------------------------------A.SPORT1-------------------------------------------
[Distance] P1: -1.000000 P2: -1.000000 
[Distance] Global distance: 1.000000
#-----------------------------------------------------------------------------
#---------------------------------A.GUIDED1-------------------------------------------
[Distance] P1: 1.000000 P2: 1.000000 P3: -1.000000 P4: -1.000000 P5: -1.000000 
[Distance] Global distance: 1.000000
#-----------------------------------------------------------------------------
#---------------------------------A.LOITER1-------------------------------------------
[Distance] P1: -1.000000 P2: -1.000000 P3: -1.000000 P4: -1.000000 
[Distance] Global distance: 1.000000
#-----------------------------------------------------------------------------
#---------------------------------A.DRIFT1-------------------------------------------
[Distance] P1: -1.000000 P2: -1.000000 P3: -1.000000 
[Distance] Global distance: 1.000000
#-----------------------------------------------------------------------------
#---------------------------------A.BRAKE1-------------------------------------------
[Distance] P1: -1.000000 P2: -1.000000 
[Distance] Global distance: 1.000000
#-----------------------------------------------------------------------------
### Next round (13) for fuzzing commands. ###
#---------------------------------A.CHUTE-------------------------------------------
[Distance] P1: -1.000000 P2: -1.000000 P3: -1.000000 P4: 0.000000 P5: 0.000000 
[Distance] Global distance: 1.000000
#-----------------------------------------------------------------------------
#---------------------------------A.RTL1-------------------------------------------
[Distance] P1: 1.000000 P2: 0.000000 P3: -1.000000 P4: 0.000000 
[Distance] Global distance: 1.000000
#-----------------------------------------------------------------------------
#---------------------------------A.RTL2-------------------------------------------
[Distance] P1: -1.000000 P2: 0.000000 P3: 1.000000 P4: 1.000000 P5: -1.000000 
[Distance] Global distance: 1.000000
#-----------------------------------------------------------------------------
#---------------------------------A.RTL3-------------------------------------------
[Distance] P1: -1.000000 P2: 0.000000 P3: -1.000000 P4: 0.000000 
[Distance] Global distance: 1.000000
#-----------------------------------------------------------------------------
#---------------------------------A.RTL4-------------------------------------------
[Distance] P1: -1.000000 P2: 0.000000 P3: 1.000000 
[Distance] Global distance: 1.000000
#-----------------------------------------------------------------------------
#---------------------------------A.FLIP1-------------------------------------------
[Distance] P1: -1.000000 P2: 1.000000 P3: -1.000000 P4: -1.000000 P5: -1.000000 
[Distance] Global distance: 1.000000
#-----------------------------------------------------------------------------
#---------------------------------A.FLIP2-------------------------------------------
[Distance] P1: -1.000000 P2: 1.000000 P3: -1.000000 P4: 1.000000 
[Distance] Global distance: 1.000000
#-----------------------------------------------------------------------------
#---------------------------------A.FLIP3-------------------------------------------
[Distance] P1: -1.000000 P2: 1.000000 P3: 1.000000 P4: 1.000000 
[Distance] Global distance: 1.000000
#-----------------------------------------------------------------------------
#---------------------------------A.FLIP4-------------------------------------------
[Distance] P1: -1.000000 P2: 1.000000 
[Distance] Global distance: 1.000000
#-----------------------------------------------------------------------------
#---------------------------------A.ALT_HOLD1-------------------------------------------
[Distance] P1: 1.000000 P2: -1.000000 P3: -1.000000 
[Distance] Global distance: 1.000000
#-----------------------------------------------------------------------------
#---------------------------------A.ALT_HOLD2-------------------------------------------
[Distance] P1: -1.000000 P2: -1.000000 P3: -1.000000 
[Distance] Global distance: 1.000000
#-----------------------------------------------------------------------------
#---------------------------------A.CIRCLE1-------------------------------------------
[Distance] P1: -1.000000 P2: 0.000000 P3: -1.000000 P4: 0.000000 
[Distance] Global distance: 1.000000
#-----------------------------------------------------------------------------
#---------------------------------A.CIRCLE2-------------------------------------------
[Distance] P1: -1.000000 P2: 0.000000 P3: 0.000000 
[Distance] Global distance: 1.000000
#-----------------------------------------------------------------------------
#---------------------------------A.CIRCLE3-------------------------------------------
[Distance] P1: -1.000000 P2: 0.000000 P3: -1.000000 P4: -1.000000 
[Distance] Global distance: 1.000000
#-----------------------------------------------------------------------------
#---------------------------------A.CIRCLE4-6-------------------------------------------
[Distance] P1: -1.000000 P2: 0.000000 P3: -1.000000 P4: -1.000000 
[Distance] Global distance: 1.000000
#-----------------------------------------------------------------------------
#---------------------------------A.CIRCLE7-------------------------------------------
[Distance] P1: -1.000000 P2: -1.000000 P3: -1.000000 P4: -1.000000 
[Distance] Global distance: 1.000000
#-----------------------------------------------------------------------------
#---------------------------------A.LAND1-------------------------------------------
[Distance] P1: -1.000000 P2: 0.899999 P3: -1.000000 
[Distance] Global distance: 1.000000
#-----------------------------------------------------------------------------
#---------------------------------A.LAND2-------------------------------------------
[Distance] P1: -1.000000 P2: -9.000000 P3: -1.000000 
[Distance] Global distance: 9.000000
#-----------------------------------------------------------------------------
#---------------------------------A.AUTO1-------------------------------------------
[Distance] P1: -1.000000 P2: -1.000000 P3: 1.000000 
[Distance] Global distance: 1.000000
#-----------------------------------------------------------------------------
#---------------------------------A.GPS.FS1-------------------------------------------
[Distance] P1: 1.000000 P2: -1.500000 P3: 1.000000 
[Distance] Global distance: 1.500000
#-----------------------------------------------------------------------------
#---------------------------------A.GPS.FS2-------------------------------------------
[Distance] P1: -1.000000 P2: 1.000000 P3: -1.000000 
[Distance] Global distance: 1.000000
#-----------------------------------------------------------------------------
#---------------------------------A.RC.FS1-------------------------------------------
[Distance] P1: -1.000000 P2: 0.000000 
[Distance] Global distance: 1.000000
#-----------------------------------------------------------------------------
#---------------------------------A.RC.FS2-------------------------------------------
[Distance] P1: 0.000000 P2: 1.000000 
[Distance] Global distance: 0.000000
#-----------------------------------------------------------------------------
#---------------------------------A.SPORT1-------------------------------------------
[Distance] P1: -1.000000 P2: -1.000000 
[Distance] Global distance: 1.000000
#-----------------------------------------------------------------------------
#---------------------------------A.GUIDED1-------------------------------------------
[Distance] P1: 1.000000 P2: 1.000000 P3: -1.000000 P4: -1.000000 P5: -1.000000 
[Distance] Global distance: 1.000000
#-----------------------------------------------------------------------------
#---------------------------------A.LOITER1-------------------------------------------
[Distance] P1: -1.000000 P2: -1.000000 P3: -1.000000 P4: -1.000000 
[Distance] Global distance: 1.000000
#-----------------------------------------------------------------------------
#---------------------------------A.DRIFT1-------------------------------------------
[Distance] P1: -1.000000 P2: -1.000000 P3: -1.000000 
[Distance] Global distance: 1.000000
#-----------------------------------------------------------------------------
#---------------------------------A.BRAKE1-------------------------------------------
[Distance] P1: -1.000000 P2: -1.000000 
[Distance] Global distance: 1.000000
#-----------------------------------------------------------------------------
# [Change_parameter()] selected params: ATC_THR_MIX_MAX
# [Change_parameter()] selected params: ATC_THR_MIX_MAX, min: 0.500000, max: 0.900000, random real param value:0.645780
#---------------------------------A.CHUTE-------------------------------------------
[Distance] P1: -1.000000 P2: -1.000000 P3: -1.000000 P4: 0.000000 P5: 0.000000 
[Distance] Global distance: 1.000000
#-----------------------------------------------------------------------------
#---------------------------------A.RTL1-------------------------------------------
[Distance] P1: 1.000000 P2: 0.000000 P3: -1.000000 P4: 0.000000 
[Distance] Global distance: 1.000000
#-----------------------------------------------------------------------------
#---------------------------------A.RTL2-------------------------------------------
[Distance] P1: -1.000000 P2: 0.000000 P3: 1.000000 P4: 1.000000 P5: -1.000000 
[Distance] Global distance: 1.000000
#-----------------------------------------------------------------------------
#---------------------------------A.RTL3-------------------------------------------
[Distance] P1: -1.000000 P2: 0.000000 P3: -1.000000 P4: 0.000000 
[Distance] Global distance: 1.000000
#-----------------------------------------------------------------------------
#---------------------------------A.RTL4-------------------------------------------
[Distance] P1: -1.000000 P2: 0.000000 P3: 1.000000 
[Distance] Global distance: 1.000000
#-----------------------------------------------------------------------------
#---------------------------------A.FLIP1-------------------------------------------
[Distance] P1: -1.000000 P2: 1.000000 P3: -1.000000 P4: -1.000000 P5: -1.000000 
[Distance] Global distance: 1.000000
#-----------------------------------------------------------------------------
#---------------------------------A.FLIP2-------------------------------------------
[Distance] P1: -1.000000 P2: 1.000000 P3: -1.000000 P4: 1.000000 
[Distance] Global distance: 1.000000
#-----------------------------------------------------------------------------
#---------------------------------A.FLIP3-------------------------------------------
[Distance] P1: -1.000000 P2: 1.000000 P3: 1.000000 P4: 1.000000 
[Distance] Global distance: 1.000000
#-----------------------------------------------------------------------------
#---------------------------------A.FLIP4-------------------------------------------
[Distance] P1: -1.000000 P2: 1.000000 
[Distance] Global distance: 1.000000
#-----------------------------------------------------------------------------
#---------------------------------A.ALT_HOLD1-------------------------------------------
[Distance] P1: 1.000000 P2: -1.000000 P3: -1.000000 
[Distance] Global distance: 1.000000
#-----------------------------------------------------------------------------
#---------------------------------A.ALT_HOLD2-------------------------------------------
[Distance] P1: -1.000000 P2: -1.000000 P3: -1.000000 
[Distance] Global distance: 1.000000
#-----------------------------------------------------------------------------
#---------------------------------A.CIRCLE1-------------------------------------------
[Distance] P1: -1.000000 P2: 0.000000 P3: -1.000000 P4: 0.000000 
[Distance] Global distance: 1.000000
#-----------------------------------------------------------------------------
#---------------------------------A.CIRCLE2-------------------------------------------
[Distance] P1: -1.000000 P2: 0.000000 P3: 0.000000 
[Distance] Global distance: 1.000000
#-----------------------------------------------------------------------------
#---------------------------------A.CIRCLE3-------------------------------------------
[Distance] P1: -1.000000 P2: 0.000000 P3: -1.000000 P4: -1.000000 
[Distance] Global distance: 1.000000
#-----------------------------------------------------------------------------
#---------------------------------A.CIRCLE4-6-------------------------------------------
[Distance] P1: -1.000000 P2: 0.000000 P3: -1.000000 P4: -1.000000 
[Distance] Global distance: 1.000000
#-----------------------------------------------------------------------------
#---------------------------------A.CIRCLE7-------------------------------------------
[Distance] P1: -1.000000 P2: -1.000000 P3: -1.000000 P4: -1.000000 
[Distance] Global distance: 1.000000
#-----------------------------------------------------------------------------
#---------------------------------A.LAND1-------------------------------------------
[Distance] P1: -1.000000 P2: 0.900001 P3: -1.000000 
[Distance] Global distance: 1.000000
#-----------------------------------------------------------------------------
#---------------------------------A.LAND2-------------------------------------------
[Distance] P1: -1.000000 P2: -9.000100 P3: -1.000000 
[Distance] Global distance: 9.000100
#-----------------------------------------------------------------------------
#---------------------------------A.AUTO1-------------------------------------------
[Distance] P1: -1.000000 P2: -1.000000 P3: 1.000000 
[Distance] Global distance: 1.000000
#-----------------------------------------------------------------------------
#---------------------------------A.GPS.FS1-------------------------------------------
[Distance] P1: 1.000000 P2: -1.500000 P3: 1.000000 
[Distance] Global distance: 1.500000
#-----------------------------------------------------------------------------
#---------------------------------A.GPS.FS2-------------------------------------------
[Distance] P1: -1.000000 P2: 1.000000 P3: -1.000000 
[Distance] Global distance: 1.000000
#-----------------------------------------------------------------------------
#---------------------------------A.RC.FS1-------------------------------------------
[Distance] P1: -1.000000 P2: 0.000000 
[Distance] Global distance: 1.000000
#-----------------------------------------------------------------------------
#---------------------------------A.RC.FS2-------------------------------------------
[Distance] P1: 0.000000 P2: 1.000000 
[Distance] Global distance: 0.000000
#-----------------------------------------------------------------------------
#---------------------------------A.SPORT1-------------------------------------------
[Distance] P1: -1.000000 P2: -1.000000 
[Distance] Global distance: 1.000000
#-----------------------------------------------------------------------------
#---------------------------------A.GUIDED1-------------------------------------------
[Distance] P1: 1.000000 P2: 1.000000 P3: -1.000000 P4: -1.000000 P5: -1.000000 
[Distance] Global distance: 1.000000
#-----------------------------------------------------------------------------
#---------------------------------A.LOITER1-------------------------------------------
[Distance] P1: -1.000000 P2: -1.000000 P3: -1.000000 P4: -1.000000 
[Distance] Global distance: 1.000000
#-----------------------------------------------------------------------------
#---------------------------------A.DRIFT1-------------------------------------------
[Distance] P1: -1.000000 P2: -1.000000 P3: -1.000000 
[Distance] Global distance: 1.000000
#-----------------------------------------------------------------------------
#---------------------------------A.BRAKE1-------------------------------------------
[Distance] P1: -1.000000 P2: -1.000000 
[Distance] Global distance: 1.000000
#-----------------------------------------------------------------------------
### Next round (14) for fuzzing commands. ###
#---------------------------------A.CHUTE-------------------------------------------
[Distance] P1: -1.000000 P2: -1.000000 P3: -1.000000 P4: 0.000000 P5: 0.000000 
[Distance] Global distance: 1.000000
#-----------------------------------------------------------------------------
#---------------------------------A.RTL1-------------------------------------------
[Distance] P1: 1.000000 P2: 0.000000 P3: -1.000000 P4: 0.000000 
[Distance] Global distance: 1.000000
#-----------------------------------------------------------------------------
#---------------------------------A.RTL2-------------------------------------------
[Distance] P1: -1.000000 P2: 0.000000 P3: 1.000000 P4: 1.000000 P5: -1.000000 
[Distance] Global distance: 1.000000
#-----------------------------------------------------------------------------
#---------------------------------A.RTL3-------------------------------------------
[Distance] P1: -1.000000 P2: 0.000000 P3: -1.000000 P4: 0.000000 
[Distance] Global distance: 1.000000
#-----------------------------------------------------------------------------
#---------------------------------A.RTL4-------------------------------------------
[Distance] P1: -1.000000 P2: 0.000000 P3: 1.000000 
[Distance] Global distance: 1.000000
#-----------------------------------------------------------------------------
#---------------------------------A.FLIP1-------------------------------------------
[Distance] P1: -1.000000 P2: 1.000000 P3: -1.000000 P4: -1.000000 P5: -1.000000 
[Distance] Global distance: 1.000000
#-----------------------------------------------------------------------------
#---------------------------------A.FLIP2-------------------------------------------
[Distance] P1: -1.000000 P2: 1.000000 P3: -1.000000 P4: 1.000000 
[Distance] Global distance: 1.000000
#-----------------------------------------------------------------------------
#---------------------------------A.FLIP3-------------------------------------------
[Distance] P1: -1.000000 P2: 1.000000 P3: 1.000000 P4: 1.000000 
[Distance] Global distance: 1.000000
#-----------------------------------------------------------------------------
#---------------------------------A.FLIP4-------------------------------------------
[Distance] P1: -1.000000 P2: 1.000000 
[Distance] Global distance: 1.000000
#-----------------------------------------------------------------------------
#---------------------------------A.ALT_HOLD1-------------------------------------------
[Distance] P1: 1.000000 P2: -1.000000 P3: -1.000000 
[Distance] Global distance: 1.000000
#-----------------------------------------------------------------------------
#---------------------------------A.ALT_HOLD2-------------------------------------------
[Distance] P1: -1.000000 P2: -1.000000 P3: -1.000000 
[Distance] Global distance: 1.000000
#-----------------------------------------------------------------------------
#---------------------------------A.CIRCLE1-------------------------------------------
[Distance] P1: -1.000000 P2: 0.000000 P3: -1.000000 P4: 0.000000 
[Distance] Global distance: 1.000000
#-----------------------------------------------------------------------------
#---------------------------------A.CIRCLE2-------------------------------------------
[Distance] P1: -1.000000 P2: 0.000000 P3: 0.000000 
[Distance] Global distance: 1.000000
#-----------------------------------------------------------------------------
#---------------------------------A.CIRCLE3-------------------------------------------
[Distance] P1: -1.000000 P2: 0.000000 P3: -1.000000 P4: -1.000000 
[Distance] Global distance: 1.000000
#-----------------------------------------------------------------------------
#---------------------------------A.CIRCLE4-6-------------------------------------------
[Distance] P1: -1.000000 P2: 0.000000 P3: -1.000000 P4: -1.000000 
[Distance] Global distance: 1.000000
#-----------------------------------------------------------------------------
#---------------------------------A.CIRCLE7-------------------------------------------
[Distance] P1: -1.000000 P2: -1.000000 P3: -1.000000 P4: -1.000000 
[Distance] Global distance: 1.000000
#-----------------------------------------------------------------------------
#---------------------------------A.LAND1-------------------------------------------
[Distance] P1: -1.000000 P2: 0.899999 P3: -1.000000 
[Distance] Global distance: 1.000000
#-----------------------------------------------------------------------------
#---------------------------------A.LAND2-------------------------------------------
[Distance] P1: -1.000000 P2: -8.999900 P3: -1.000000 
[Distance] Global distance: 8.999900
#-----------------------------------------------------------------------------
#---------------------------------A.AUTO1-------------------------------------------
[Distance] P1: -1.000000 P2: -1.000000 P3: 1.000000 
[Distance] Global distance: 1.000000
#-----------------------------------------------------------------------------
#---------------------------------A.GPS.FS1-------------------------------------------
[Distance] P1: 1.000000 P2: -1.500000 P3: 1.000000 
[Distance] Global distance: 1.500000
#-----------------------------------------------------------------------------
#---------------------------------A.GPS.FS2-------------------------------------------
[Distance] P1: -1.000000 P2: 1.000000 P3: -1.000000 
[Distance] Global distance: 1.000000
#-----------------------------------------------------------------------------
#---------------------------------A.RC.FS1-------------------------------------------
[Distance] P1: -1.000000 P2: 0.000000 
[Distance] Global distance: 1.000000
#-----------------------------------------------------------------------------
#---------------------------------A.RC.FS2-------------------------------------------
[Distance] P1: 0.000000 P2: 1.000000 
[Distance] Global distance: 0.000000
#-----------------------------------------------------------------------------
#---------------------------------A.SPORT1-------------------------------------------
[Distance] P1: -1.000000 P2: -1.000000 
[Distance] Global distance: 1.000000
#-----------------------------------------------------------------------------
#---------------------------------A.GUIDED1-------------------------------------------
[Distance] P1: 1.000000 P2: 1.000000 P3: -1.000000 P4: -1.000000 P5: -1.000000 
[Distance] Global distance: 1.000000
#-----------------------------------------------------------------------------
#---------------------------------A.LOITER1-------------------------------------------
[Distance] P1: -1.000000 P2: -1.000000 P3: -1.000000 P4: -1.000000 
[Distance] Global distance: 1.000000
#-----------------------------------------------------------------------------
#---------------------------------A.DRIFT1-------------------------------------------
[Distance] P1: -1.000000 P2: -1.000000 P3: -1.000000 
[Distance] Global distance: 1.000000
#-----------------------------------------------------------------------------
#---------------------------------A.BRAKE1-------------------------------------------
[Distance] P1: -1.000000 P2: -1.000000 
[Distance] Global distance: 1.000000
#-----------------------------------------------------------------------------
# [Change_parameter()] selected params: ACRO_THR_MID
# [Change_parameter()] selected params: ACRO_THR_MID, min: 0.000000, max: 1.000000, random digit param value:0
#---------------------------------A.CHUTE-------------------------------------------
[Distance] P1: -1.000000 P2: -1.000000 P3: -1.000000 P4: 0.000000 P5: 0.000000 
[Distance] Global distance: 1.000000
#-----------------------------------------------------------------------------
#---------------------------------A.RTL1-------------------------------------------
[Distance] P1: 1.000000 P2: 0.000000 P3: -1.000000 P4: 0.000000 
[Distance] Global distance: 1.000000
#-----------------------------------------------------------------------------
#---------------------------------A.RTL2-------------------------------------------
[Distance] P1: -1.000000 P2: 0.000000 P3: 1.000000 P4: 1.000000 P5: -1.000000 
[Distance] Global distance: 1.000000
#-----------------------------------------------------------------------------
#---------------------------------A.RTL3-------------------------------------------
[Distance] P1: -1.000000 P2: 0.000000 P3: -1.000000 P4: 0.000000 
[Distance] Global distance: 1.000000
#-----------------------------------------------------------------------------
#---------------------------------A.RTL4-------------------------------------------
[Distance] P1: -1.000000 P2: 0.000000 P3: 1.000000 
[Distance] Global distance: 1.000000
#-----------------------------------------------------------------------------
#---------------------------------A.FLIP1-------------------------------------------
[Distance] P1: -1.000000 P2: 1.000000 P3: -1.000000 P4: -1.000000 P5: -1.000000 
[Distance] Global distance: 1.000000
#-----------------------------------------------------------------------------
#---------------------------------A.FLIP2-------------------------------------------
[Distance] P1: -1.000000 P2: 1.000000 P3: -1.000000 P4: 1.000000 
[Distance] Global distance: 1.000000
#-----------------------------------------------------------------------------
#---------------------------------A.FLIP3-------------------------------------------
[Distance] P1: -1.000000 P2: 1.000000 P3: 1.000000 P4: 1.000000 
[Distance] Global distance: 1.000000
#-----------------------------------------------------------------------------
#---------------------------------A.FLIP4-------------------------------------------
[Distance] P1: -1.000000 P2: 1.000000 
[Distance] Global distance: 1.000000
#-----------------------------------------------------------------------------
#---------------------------------A.ALT_HOLD1-------------------------------------------
[Distance] P1: 1.000000 P2: -1.000000 P3: -1.000000 
[Distance] Global distance: 1.000000
#-----------------------------------------------------------------------------
#---------------------------------A.ALT_HOLD2-------------------------------------------
[Distance] P1: -1.000000 P2: -1.000000 P3: -1.000000 
[Distance] Global distance: 1.000000
#-----------------------------------------------------------------------------
#---------------------------------A.CIRCLE1-------------------------------------------
[Distance] P1: -1.000000 P2: 0.000000 P3: -1.000000 P4: 0.000000 
[Distance] Global distance: 1.000000
#-----------------------------------------------------------------------------
#---------------------------------A.CIRCLE2-------------------------------------------
[Distance] P1: -1.000000 P2: 0.000000 P3: 0.000000 
[Distance] Global distance: 1.000000
#-----------------------------------------------------------------------------
#---------------------------------A.CIRCLE3-------------------------------------------
[Distance] P1: -1.000000 P2: 0.000000 P3: -1.000000 P4: -1.000000 
[Distance] Global distance: 1.000000
#-----------------------------------------------------------------------------
#---------------------------------A.CIRCLE4-6-------------------------------------------
[Distance] P1: -1.000000 P2: 0.000000 P3: -1.000000 P4: -1.000000 
[Distance] Global distance: 1.000000
#-----------------------------------------------------------------------------
#---------------------------------A.CIRCLE7-------------------------------------------
[Distance] P1: -1.000000 P2: -1.000000 P3: -1.000000 P4: -1.000000 
[Distance] Global distance: 1.000000
#-----------------------------------------------------------------------------
#---------------------------------A.LAND1-------------------------------------------
[Distance] P1: -1.000000 P2: 0.900000 P3: -1.000000 
[Distance] Global distance: 1.000000
#-----------------------------------------------------------------------------
#---------------------------------A.LAND2-------------------------------------------
[Distance] P1: -1.000000 P2: -9.000100 P3: -1.000000 
[Distance] Global distance: 9.000100
#-----------------------------------------------------------------------------
#---------------------------------A.AUTO1-------------------------------------------
[Distance] P1: -1.000000 P2: -1.000000 P3: 1.000000 
[Distance] Global distance: 1.000000
#-----------------------------------------------------------------------------
#---------------------------------A.GPS.FS1-------------------------------------------
[Distance] P1: 1.000000 P2: -1.500000 P3: 1.000000 
[Distance] Global distance: 1.500000
#-----------------------------------------------------------------------------
#---------------------------------A.GPS.FS2-------------------------------------------
[Distance] P1: -1.000000 P2: 1.000000 P3: -1.000000 
[Distance] Global distance: 1.000000
#-----------------------------------------------------------------------------
#---------------------------------A.RC.FS1-------------------------------------------
[Distance] P1: -1.000000 P2: 0.000000 
[Distance] Global distance: 1.000000
#-----------------------------------------------------------------------------
#---------------------------------A.RC.FS2-------------------------------------------
[Distance] P1: 0.000000 P2: 1.000000 
[Distance] Global distance: 0.000000
#-----------------------------------------------------------------------------
#---------------------------------A.SPORT1-------------------------------------------
[Distance] P1: -1.000000 P2: -1.000000 
[Distance] Global distance: 1.000000
#-----------------------------------------------------------------------------
#---------------------------------A.GUIDED1-------------------------------------------
[Distance] P1: 1.000000 P2: 1.000000 P3: -1.000000 P4: -1.000000 P5: -1.000000 
[Distance] Global distance: 1.000000
#-----------------------------------------------------------------------------
#---------------------------------A.LOITER1-------------------------------------------
[Distance] P1: -1.000000 P2: -1.000000 P3: -1.000000 P4: -1.000000 
[Distance] Global distance: 1.000000
#-----------------------------------------------------------------------------
#---------------------------------A.DRIFT1-------------------------------------------
[Distance] P1: -1.000000 P2: -1.000000 P3: -1.000000 
[Distance] Global distance: 1.000000
#-----------------------------------------------------------------------------
#---------------------------------A.BRAKE1-------------------------------------------
[Distance] P1: -1.000000 P2: -1.000000 
[Distance] Global distance: 1.000000
#-----------------------------------------------------------------------------
### Next round (15) for fuzzing commands. ###
#---------------------------------A.CHUTE-------------------------------------------
[Distance] P1: -1.000000 P2: -1.000000 P3: -1.000000 P4: 0.000000 P5: 0.000000 
[Distance] Global distance: 1.000000
#-----------------------------------------------------------------------------
#---------------------------------A.RTL1-------------------------------------------
[Distance] P1: 1.000000 P2: 0.000000 P3: -1.000000 P4: 0.000000 
[Distance] Global distance: 1.000000
#-----------------------------------------------------------------------------
#---------------------------------A.RTL2-------------------------------------------
[Distance] P1: -1.000000 P2: 0.000000 P3: 1.000000 P4: 1.000000 P5: -1.000000 
[Distance] Global distance: 1.000000
#-----------------------------------------------------------------------------
#---------------------------------A.RTL3-------------------------------------------
[Distance] P1: -1.000000 P2: 0.000000 P3: -1.000000 P4: 0.000000 
[Distance] Global distance: 1.000000
#-----------------------------------------------------------------------------
#---------------------------------A.RTL4-------------------------------------------
[Distance] P1: -1.000000 P2: 0.000000 P3: 1.000000 
[Distance] Global distance: 1.000000
#-----------------------------------------------------------------------------
#---------------------------------A.FLIP1-------------------------------------------
[Distance] P1: -1.000000 P2: 1.000000 P3: -1.000000 P4: -1.000000 P5: -1.000000 
[Distance] Global distance: 1.000000
#-----------------------------------------------------------------------------
#---------------------------------A.FLIP2-------------------------------------------
[Distance] P1: -1.000000 P2: 1.000000 P3: -1.000000 P4: 1.000000 
[Distance] Global distance: 1.000000
#-----------------------------------------------------------------------------
#---------------------------------A.FLIP3-------------------------------------------
[Distance] P1: -1.000000 P2: 1.000000 P3: 1.000000 P4: 1.000000 
[Distance] Global distance: 1.000000
#-----------------------------------------------------------------------------
#---------------------------------A.FLIP4-------------------------------------------
[Distance] P1: -1.000000 P2: 1.000000 
[Distance] Global distance: 1.000000
#-----------------------------------------------------------------------------
#---------------------------------A.ALT_HOLD1-------------------------------------------
[Distance] P1: 1.000000 P2: -1.000000 P3: -1.000000 
[Distance] Global distance: 1.000000
#-----------------------------------------------------------------------------
#---------------------------------A.ALT_HOLD2-------------------------------------------
[Distance] P1: -1.000000 P2: -1.000000 P3: -1.000000 
[Distance] Global distance: 1.000000
#-----------------------------------------------------------------------------
#---------------------------------A.CIRCLE1-------------------------------------------
[Distance] P1: -1.000000 P2: 0.000000 P3: -1.000000 P4: 0.000000 
[Distance] Global distance: 1.000000
#-----------------------------------------------------------------------------
#---------------------------------A.CIRCLE2-------------------------------------------
[Distance] P1: -1.000000 P2: 0.000000 P3: 0.000000 
[Distance] Global distance: 1.000000
#-----------------------------------------------------------------------------
#---------------------------------A.CIRCLE3-------------------------------------------
[Distance] P1: -1.000000 P2: 0.000000 P3: -1.000000 P4: -1.000000 
[Distance] Global distance: 1.000000
#-----------------------------------------------------------------------------
#---------------------------------A.CIRCLE4-6-------------------------------------------
[Distance] P1: -1.000000 P2: 0.000000 P3: -1.000000 P4: -1.000000 
[Distance] Global distance: 1.000000
#-----------------------------------------------------------------------------
#---------------------------------A.CIRCLE7-------------------------------------------
[Distance] P1: -1.000000 P2: -1.000000 P3: -1.000000 P4: -1.000000 
[Distance] Global distance: 1.000000
#-----------------------------------------------------------------------------
#---------------------------------A.LAND1-------------------------------------------
[Distance] P1: -1.000000 P2: 0.900001 P3: -1.000000 
[Distance] Global distance: 1.000000
#-----------------------------------------------------------------------------
#---------------------------------A.LAND2-------------------------------------------
[Distance] P1: -1.000000 P2: -9.000000 P3: -1.000000 
[Distance] Global distance: 9.000000
#-----------------------------------------------------------------------------
#---------------------------------A.AUTO1-------------------------------------------
[Distance] P1: -1.000000 P2: -1.000000 P3: 1.000000 
[Distance] Global distance: 1.000000
#-----------------------------------------------------------------------------
#---------------------------------A.GPS.FS1-------------------------------------------
[Distance] P1: 1.000000 P2: -1.500000 P3: 1.000000 
[Distance] Global distance: 1.500000
#-----------------------------------------------------------------------------
#---------------------------------A.GPS.FS2-------------------------------------------
[Distance] P1: -1.000000 P2: 1.000000 P3: -1.000000 
[Distance] Global distance: 1.000000
#-----------------------------------------------------------------------------
#---------------------------------A.RC.FS1-------------------------------------------
[Distance] P1: -1.000000 P2: 0.000000 
[Distance] Global distance: 1.000000
#-----------------------------------------------------------------------------
#---------------------------------A.RC.FS2-------------------------------------------
[Distance] P1: 0.000000 P2: 1.000000 
[Distance] Global distance: 0.000000
#-----------------------------------------------------------------------------
#---------------------------------A.SPORT1-------------------------------------------
[Distance] P1: -1.000000 P2: -1.000000 
[Distance] Global distance: 1.000000
#-----------------------------------------------------------------------------
#---------------------------------A.GUIDED1-------------------------------------------
[Distance] P1: 1.000000 P2: 1.000000 P3: -1.000000 P4: -1.000000 P5: -1.000000 
[Distance] Global distance: 1.000000
#-----------------------------------------------------------------------------
#---------------------------------A.LOITER1-------------------------------------------
[Distance] P1: -1.000000 P2: -1.000000 P3: -1.000000 P4: -1.000000 
[Distance] Global distance: 1.000000
#-----------------------------------------------------------------------------
#---------------------------------A.DRIFT1-------------------------------------------
[Distance] P1: -1.000000 P2: -1.000000 P3: -1.000000 
[Distance] Global distance: 1.000000
#-----------------------------------------------------------------------------
#---------------------------------A.BRAKE1-------------------------------------------
[Distance] P1: -1.000000 P2: -1.000000 
[Distance] Global distance: 1.000000
#-----------------------------------------------------------------------------
[Execute_cmd] (MAV_CMD_SOLO_BTN_FLY_HOLD, 70,96,19,10,32,70,36)
#---------------------------------A.CHUTE-------------------------------------------
[Distance] P1: -1.000000 P2: -1.000000 P3: -1.000000 P4: -0.011705 P5: 0.000000 
[Distance] Global distance: 1.000000
#-----------------------------------------------------------------------------
#---------------------------------A.RTL1-------------------------------------------
[Distance] P1: 1.000000 P2: 0.000000 P3: -1.000000 P4: 0.011570 
[Distance] Global distance: 1.000000
#-----------------------------------------------------------------------------
#---------------------------------A.RTL2-------------------------------------------
[Distance] P1: -1.000000 P2: 0.000000 P3: 1.000000 P4: 1.000000 P5: 1.000000 
[Distance] Global distance: 1.000000
#-----------------------------------------------------------------------------
#---------------------------------A.RTL3-------------------------------------------
[Distance] P1: -1.000000 P2: 0.000000 P3: -1.000000 P4: -0.000589 
[Distance] Global distance: 1.000000
#-----------------------------------------------------------------------------
#---------------------------------A.RTL4-------------------------------------------
[Distance] P1: -1.000000 P2: 0.000000 P3: 1.000000 
[Distance] Global distance: 1.000000
#-----------------------------------------------------------------------------
#---------------------------------A.FLIP1-------------------------------------------
[Distance] P1: -1.000000 P2: 1.000000 P3: -1.000000 P4: -1.000000 P5: -1.000000 
[Distance] Global distance: 1.000000
#-----------------------------------------------------------------------------
#---------------------------------A.FLIP2-------------------------------------------
[Distance] P1: -1.000000 P2: 1.000000 P3: -1.000000 P4: 1.000000 
[Distance] Global distance: 1.000000
#-----------------------------------------------------------------------------
#---------------------------------A.FLIP3-------------------------------------------
[Distance] P1: -1.000000 P2: 1.000000 P3: 1.000000 P4: 1.000000 
[Distance] Global distance: 1.000000
#-----------------------------------------------------------------------------
#---------------------------------A.FLIP4-------------------------------------------
[Distance] P1: -1.000000 P2: 1.000000 
[Distance] Global distance: 1.000000
#-----------------------------------------------------------------------------
#---------------------------------A.ALT_HOLD1-------------------------------------------
[Distance] P1: 1.000000 P2: -1.000000 P3: -1.000000 
[Distance] Global distance: 1.000000
#-----------------------------------------------------------------------------
#---------------------------------A.ALT_HOLD2-------------------------------------------
[Distance] P1: -1.000000 P2: 1.000000 P3: -1.000000 
[Distance] Global distance: 1.000000
#-----------------------------------------------------------------------------
#---------------------------------A.CIRCLE1-------------------------------------------
[Distance] P1: -1.000000 P2: 0.000000 P3: -1.000000 P4: 0.000000 
[Distance] Global distance: 1.000000
#-----------------------------------------------------------------------------
#---------------------------------A.CIRCLE2-------------------------------------------
[Distance] P1: -1.000000 P2: 0.000000 P3: 0.000000 
[Distance] Global distance: 1.000000
#-----------------------------------------------------------------------------
#---------------------------------A.CIRCLE3-------------------------------------------
[Distance] P1: -1.000000 P2: 0.000000 P3: -1.000000 P4: -1.000000 
[Distance] Global distance: 1.000000
#-----------------------------------------------------------------------------
#---------------------------------A.CIRCLE4-6-------------------------------------------
[Distance] P1: -1.000000 P2: 0.000000 P3: -1.000000 P4: -1.000000 
[Distance] Global distance: 1.000000
#-----------------------------------------------------------------------------
#---------------------------------A.CIRCLE7-------------------------------------------
[Distance] P1: -1.000000 P2: -1.000000 P3: -1.000000 P4: -1.000000 
[Distance] Global distance: 1.000000
#-----------------------------------------------------------------------------
#---------------------------------A.LAND1-------------------------------------------
[Distance] P1: 1.000000 P2: 0.827613 P3: 1.000000 
[Distance] Global distance: -0.827613
#-----------------------------------------------------------------------------
***************Policy violation!***************
***************Policy violation!***************
***************Policy violation!***************
#---------------------------------A.LAND2-------------------------------------------
[Distance] P1: 1.000000 P2: -3.300800 P3: 1.000000 
[Distance] Global distance: 3.300800
#-----------------------------------------------------------------------------
#---------------------------------A.AUTO1-------------------------------------------
[Distance] P1: -1.000000 P2: -1.000000 P3: 1.000000 
[Distance] Global distance: 1.000000
#-----------------------------------------------------------------------------
#---------------------------------A.GPS.FS1-------------------------------------------
[Distance] P1: -1.000000 P2: -1.500000 P3: 1.000000 
[Distance] Global distance: 1.500000
#-----------------------------------------------------------------------------
#---------------------------------A.GPS.FS2-------------------------------------------
[Distance] P1: -1.000000 P2: 1.000000 P3: -1.000000 
[Distance] Global distance: 1.000000
#-----------------------------------------------------------------------------
#---------------------------------A.RC.FS1-------------------------------------------
[Distance] P1: -1.000000 P2: 0.000000 
[Distance] Global distance: 1.000000
#-----------------------------------------------------------------------------
#---------------------------------A.RC.FS2-------------------------------------------
[Distance] P1: 0.000000 P2: 1.000000 
[Distance] Global distance: 0.000000
#-----------------------------------------------------------------------------
#---------------------------------A.SPORT1-------------------------------------------
[Distance] P1: -1.000000 P2: 1.000000 
[Distance] Global distance: 1.000000
#-----------------------------------------------------------------------------
#---------------------------------A.GUIDED1-------------------------------------------
[Distance] P1: -1.000000 P2: 1.000000 P3: -1.000000 P4: -1.000000 P5: -1.000000 
[Distance] Global distance: 1.000000
#-----------------------------------------------------------------------------
#---------------------------------A.LOITER1-------------------------------------------
[Distance] P1: -1.000000 P2: -1.000000 P3: -1.000000 P4: -1.000000 
[Distance] Global distance: 1.000000
#-----------------------------------------------------------------------------
#---------------------------------A.DRIFT1-------------------------------------------
[Distance] P1: -1.000000 P2: -1.000000 P3: -1.000000 
[Distance] Global distance: 1.000000
#-----------------------------------------------------------------------------
#---------------------------------A.BRAKE1-------------------------------------------
[Distance] P1: -1.000000 P2: -1.000000 
[Distance] Global distance: 1.000000
#-----------------------------------------------------------------------------
### Next round (16) for fuzzing commands. ###
#---------------------------------A.CHUTE-------------------------------------------
[Distance] P1: -1.000000 P2: -1.000000 P3: -1.000000 P4: -1.555489 P5: 0.000000 
[Distance] Global distance: 1.000000
#-----------------------------------------------------------------------------
#---------------------------------A.RTL1-------------------------------------------
[Distance] P1: 1.000000 P2: 0.000000 P3: -1.000000 P4: 0.608686 
[Distance] Global distance: 1.000000
#-----------------------------------------------------------------------------
[status_text] SIM Hit ground at 0.499460 m/s
[status_text] Disarming motors
#---------------------------------A.RTL2-------------------------------------------
[Distance] P1: -1.000000 P2: 0.000000 P3: 1.000000 P4: 1.000000 P5: 1.000000 
[Distance] Global distance: 1.000000
#-----------------------------------------------------------------------------
#---------------------------------A.RTL3-------------------------------------------
[Distance] P1: -1.000000 P2: 0.000000 P3: -1.000000 P4: -0.000169 
[Distance] Global distance: 1.000000
#-----------------------------------------------------------------------------
#---------------------------------A.RTL4-------------------------------------------
[Distance] P1: -1.000000 P2: 0.000000 P3: 1.000000 
[Distance] Global distance: 1.000000
#-----------------------------------------------------------------------------
#---------------------------------A.FLIP1-------------------------------------------
[Distance] P1: -1.000000 P2: 1.000000 P3: -1.000000 P4: -1.000000 P5: -1.000000 
[Distance] Global distance: 1.000000
#-----------------------------------------------------------------------------
#---------------------------------A.FLIP2-------------------------------------------
[Distance] P1: -1.000000 P2: 1.000000 P3: -1.000000 P4: 1.000000 
[Distance] Global distance: 1.000000
#-----------------------------------------------------------------------------
#---------------------------------A.FLIP3-------------------------------------------
[Distance] P1: -1.000000 P2: 1.000000 P3: 1.000000 P4: 1.000000 
[Distance] Global distance: 1.000000
#-----------------------------------------------------------------------------
#---------------------------------A.FLIP4-------------------------------------------
[Distance] P1: -1.000000 P2: 1.000000 
[Distance] Global distance: 1.000000
#-----------------------------------------------------------------------------
#---------------------------------A.ALT_HOLD1-------------------------------------------
[Distance] P1: 1.000000 P2: -1.000000 P3: -1.000000 
[Distance] Global distance: 1.000000
#-----------------------------------------------------------------------------
#---------------------------------A.ALT_HOLD2-------------------------------------------
[Distance] P1: -1.000000 P2: -1.000000 P3: -1.000000 
[Distance] Global distance: 1.000000
#-----------------------------------------------------------------------------
#---------------------------------A.CIRCLE1-------------------------------------------
[Distance] P1: -1.000000 P2: 0.000000 P3: -1.000000 P4: 0.000000 
[Distance] Global distance: 1.000000
#-----------------------------------------------------------------------------
#---------------------------------A.CIRCLE2-------------------------------------------
[Distance] P1: -1.000000 P2: 0.000000 P3: 0.000000 
[Distance] Global distance: 1.000000
#-----------------------------------------------------------------------------
#---------------------------------A.CIRCLE3-------------------------------------------
[Distance] P1: -1.000000 P2: 0.000000 P3: -1.000000 P4: -1.000000 
[Distance] Global distance: 1.000000
#-----------------------------------------------------------------------------
#---------------------------------A.CIRCLE4-6-------------------------------------------
[Distance] P1: -1.000000 P2: 0.000000 P3: -1.000000 P4: -1.000000 
[Distance] Global distance: 1.000000
#-----------------------------------------------------------------------------
#---------------------------------A.CIRCLE7-------------------------------------------
[Distance] P1: -1.000000 P2: -1.000000 P3: -1.000000 P4: -1.000000 
[Distance] Global distance: 1.000000
#-----------------------------------------------------------------------------
#---------------------------------A.LAND1-------------------------------------------
[Distance] P1: 1.000000 P2: -3332.333333 P3: -1.000000 
[Distance] Global distance: 3332.333333
#-----------------------------------------------------------------------------
#---------------------------------A.LAND2-------------------------------------------
[Distance] P1: 1.000000 P2: 0.999700 P3: -1.000000 
[Distance] Global distance: 1.000000
#-----------------------------------------------------------------------------
#---------------------------------A.AUTO1-------------------------------------------
[Distance] P1: -1.000000 P2: -1.000000 P3: 1.000000 
[Distance] Global distance: 1.000000
#-----------------------------------------------------------------------------
#---------------------------------A.GPS.FS1-------------------------------------------
[Distance] P1: -1.000000 P2: -1.500000 P3: 1.000000 
[Distance] Global distance: 1.500000
#-----------------------------------------------------------------------------
#---------------------------------A.GPS.FS2-------------------------------------------
[Distance] P1: -1.000000 P2: 1.000000 P3: -1.000000 
[Distance] Global distance: 1.000000
#-----------------------------------------------------------------------------
#---------------------------------A.RC.FS1-------------------------------------------
[Distance] P1: -1.000000 P2: 0.000000 
[Distance] Global distance: 1.000000
#-----------------------------------------------------------------------------
#---------------------------------A.RC.FS2-------------------------------------------
[Distance] P1: 0.000000 P2: 1.000000 
[Distance] Global distance: 0.000000
#-----------------------------------------------------------------------------
#---------------------------------A.SPORT1-------------------------------------------
[Distance] P1: -1.000000 P2: -1.000000 
[Distance] Global distance: 1.000000
#-----------------------------------------------------------------------------
#---------------------------------A.GUIDED1-------------------------------------------
[Distance] P1: -1.000000 P2: 1.000000 P3: -1.000000 P4: -1.000000 P5: -1.000000 
[Distance] Global distance: 1.000000
#-----------------------------------------------------------------------------
#---------------------------------A.LOITER1-------------------------------------------
[Distance] P1: -1.000000 P2: -1.000000 P3: -1.000000 P4: -1.000000 
[Distance] Global distance: 1.000000
#-----------------------------------------------------------------------------
#---------------------------------A.DRIFT1-------------------------------------------
[Distance] P1: -1.000000 P2: -1.000000 P3: -1.000000 
[Distance] Global distance: 1.000000
#-----------------------------------------------------------------------------
#---------------------------------A.BRAKE1-------------------------------------------
[Distance] P1: -1.000000 P2: -1.000000 
[Distance] Global distance: 1.000000
#-----------------------------------------------------------------------------
# [Change_parameter()] selected params: RNGFND_GAIN
# [Change_parameter()] selected params: RNGFND_GAIN, min: 0.010000, max: 2.000000, random real param value:0.871693
#---------------------------------A.CHUTE-------------------------------------------
[Distance] P1: -1.000000 P2: -1.000000 P3: -1.000000 P4: 0.000000 P5: 0.000000 
[Distance] Global distance: 1.000000
#-----------------------------------------------------------------------------
#---------------------------------A.RTL1-------------------------------------------
[Distance] P1: 1.000000 P2: 0.000000 P3: -1.000000 P4: 1.405923 
[Distance] Global distance: 1.000000
#-----------------------------------------------------------------------------
#---------------------------------A.RTL2-------------------------------------------
[Distance] P1: -1.000000 P2: 0.000000 P3: 1.000000 P4: 1.000000 P5: 1.000000 
[Distance] Global distance: 1.000000
#-----------------------------------------------------------------------------
#---------------------------------A.RTL3-------------------------------------------
[Distance] P1: -1.000000 P2: 0.000000 P3: -1.000000 P4: 0.000000 
[Distance] Global distance: 1.000000
#-----------------------------------------------------------------------------
#---------------------------------A.RTL4-------------------------------------------
[Distance] P1: -1.000000 P2: 0.000000 P3: 1.000000 
[Distance] Global distance: 1.000000
#-----------------------------------------------------------------------------
#---------------------------------A.FLIP1-------------------------------------------
[Distance] P1: -1.000000 P2: 1.000000 P3: -1.000000 P4: -1.000000 P5: 1.000000 
[Distance] Global distance: 1.000000
#-----------------------------------------------------------------------------
[*Distance*] propositional distance 5 is increased (input: RNGFND_GAIN, 0.8716929263211619)
[write_guidance_log] appending: RNGFND_GAIN 0.8716929263211619 5 2

#---------------------------------A.FLIP2-------------------------------------------
[Distance] P1: -1.000000 P2: 1.000000 P3: -1.000000 P4: 1.000000 
[Distance] Global distance: 1.000000
#-----------------------------------------------------------------------------
#---------------------------------A.FLIP3-------------------------------------------
[Distance] P1: -1.000000 P2: 1.000000 P3: 1.000000 P4: 1.000000 
[Distance] Global distance: 1.000000
#-----------------------------------------------------------------------------
#---------------------------------A.FLIP4-------------------------------------------
[Distance] P1: -1.000000 P2: 1.000000 
[Distance] Global distance: 1.000000
#-----------------------------------------------------------------------------
#---------------------------------A.ALT_HOLD1-------------------------------------------
[Distance] P1: 1.000000 P2: -1.000000 P3: -1.000000 
[Distance] Global distance: 1.000000
#-----------------------------------------------------------------------------
#---------------------------------A.ALT_HOLD2-------------------------------------------
[Distance] P1: -1.000000 P2: -1.000000 P3: -1.000000 
[Distance] Global distance: 1.000000
#-----------------------------------------------------------------------------
#---------------------------------A.CIRCLE1-------------------------------------------
[Distance] P1: -1.000000 P2: 0.000000 P3: -1.000000 P4: 0.000000 
[Distance] Global distance: 1.000000
#-----------------------------------------------------------------------------
#---------------------------------A.CIRCLE2-------------------------------------------
[Distance] P1: -1.000000 P2: 0.000000 P3: 0.000000 
[Distance] Global distance: 1.000000
#-----------------------------------------------------------------------------
#---------------------------------A.CIRCLE3-------------------------------------------
[Distance] P1: -1.000000 P2: 0.000000 P3: -1.000000 P4: -1.000000 
[Distance] Global distance: 1.000000
#-----------------------------------------------------------------------------
#---------------------------------A.CIRCLE4-6-------------------------------------------
[Distance] P1: -1.000000 P2: 0.000000 P3: -1.000000 P4: -1.000000 
[Distance] Global distance: 1.000000
#-----------------------------------------------------------------------------
#---------------------------------A.CIRCLE7-------------------------------------------
[Distance] P1: -1.000000 P2: -1.000000 P3: -1.000000 P4: -1.000000 
[Distance] Global distance: 1.000000
#-----------------------------------------------------------------------------
#---------------------------------A.LAND1-------------------------------------------
[Distance] P1: 1.000000 P2: -3332.333333 P3: -1.000000 
[Distance] Global distance: 3332.333333
#-----------------------------------------------------------------------------
#---------------------------------A.LAND2-------------------------------------------
[Distance] P1: 1.000000 P2: 0.999700 P3: -1.000000 
[Distance] Global distance: 1.000000
#-----------------------------------------------------------------------------
#---------------------------------A.AUTO1-------------------------------------------
[Distance] P1: -1.000000 P2: -1.000000 P3: 1.000000 
[Distance] Global distance: 1.000000
#-----------------------------------------------------------------------------
#---------------------------------A.GPS.FS1-------------------------------------------
[Distance] P1: -1.000000 P2: -1.500000 P3: 1.000000 
[Distance] Global distance: 1.500000
#-----------------------------------------------------------------------------
#---------------------------------A.GPS.FS2-------------------------------------------
[Distance] P1: -1.000000 P2: 1.000000 P3: -1.000000 
[Distance] Global distance: 1.000000
#-----------------------------------------------------------------------------
#---------------------------------A.RC.FS1-------------------------------------------
[Distance] P1: -1.000000 P2: 0.000000 
[Distance] Global distance: 1.000000
#-----------------------------------------------------------------------------
#---------------------------------A.RC.FS2-------------------------------------------
[Distance] P1: 0.000000 P2: 1.000000 
[Distance] Global distance: 0.000000
#-----------------------------------------------------------------------------
#---------------------------------A.SPORT1-------------------------------------------
[Distance] P1: -1.000000 P2: -1.000000 
[Distance] Global distance: 1.000000
#-----------------------------------------------------------------------------
#---------------------------------A.GUIDED1-------------------------------------------
[Distance] P1: -1.000000 P2: 1.000000 P3: -1.000000 P4: -1.000000 P5: -1.000000 
[Distance] Global distance: 1.000000
#-----------------------------------------------------------------------------
#---------------------------------A.LOITER1-------------------------------------------
[Distance] P1: -1.000000 P2: -1.000000 P3: -1.000000 P4: -1.000000 
[Distance] Global distance: 1.000000
#-----------------------------------------------------------------------------
#---------------------------------A.DRIFT1-------------------------------------------
[Distance] P1: -1.000000 P2: -1.000000 P3: -1.000000 
[Distance] Global distance: 1.000000
#-----------------------------------------------------------------------------
#---------------------------------A.BRAKE1-------------------------------------------
[Distance] P1: -1.000000 P2: -1.000000 
[Distance] Global distance: 1.000000
#-----------------------------------------------------------------------------
[Debug] drone_status:3
[Debug] *the drone hits ground*
### Vehicle is grounded, Home alt:598.570007, Current alt:584.080017
#-----------------------------------------------------------------------------
#-----------------------------------------------------------------------------
#------------------------- RE-LAUNCH the vehicle -----------------------------
#-----------------------------------------------------------------------------
#-----------------------------------------------------------------------------
[re-launch] min_thr:975, target throttle:995
[status_text] Barometer 1 calibration complete
[status_text] Barometer 2 calibration complete
[status_text] ArduCopter V4.7.0-dev (5d1ba8b7)
[status_text] dd03222bd09f449b9f0cba82463dbf03
[status_text] Frame: QUAD/PLUS
[status_text] ArduPilot Ready
[status_text] AHRS: DCM active
[status_text] RC7: SaveWaypoint LOW
[status_text] EKF3 IMU0 initialised
[status_text] EKF3 IMU1 initialised
[status_text] AHRS: EKF3 active
[status_text] EKF3 IMU0 tilt alignment complete
[status_text] EKF3 IMU1 tilt alignment complete
[status_text] EKF3 IMU0 MAG0 initial yaw alignment complete
[status_text] EKF3 IMU1 MAG0 initial yaw alignment complete
[status_text] GPS 1: probing for u-blox at 230400 baud
[status_text] GPS 1: detected u-blox
[status_text] EKF3 IMU0 origin set
[status_text] Field Elevation Set: 584m
[status_text] EKF3 IMU1 origin set
[status_text] EKF3 IMU0 is using GPS
[status_text] EKF3 IMU1 is using GPS
[status_text] Arming motors
[status_text] EKF3 IMU0 MAG0 in-flight yaw alignment complete
[status_text] EKF3 IMU1 MAG0 in-flight yaw alignment complete
### Next round (0) for fuzzing commands. ###
#---------------------------------A.CHUTE-------------------------------------------
[Distance] P1: -1.000000 P2: -1.000000 P3: -1.000000 P4: 3.758141 P5: 0.000000 
[Distance] Global distance: 1.000000
#-----------------------------------------------------------------------------
#---------------------------------A.RTL1-------------------------------------------
[Distance] P1: 1.000000 P2: 0.000000 P3: -1.000000 P4: 1.362563 
[Distance] Global distance: 1.000000
#-----------------------------------------------------------------------------
#---------------------------------A.RTL2-------------------------------------------
[Distance] P1: -1.000000 P2: 0.000000 P3: 1.000000 P4: 1.000000 P5: 1.000000 
[Distance] Global distance: 1.000000
#-----------------------------------------------------------------------------
#---------------------------------A.RTL3-------------------------------------------
[Distance] P1: -1.000000 P2: 0.000000 P3: -1.000000 P4: 0.000937 
[Distance] Global distance: 1.000000
#-----------------------------------------------------------------------------
#---------------------------------A.RTL4-------------------------------------------
[Distance] P1: -1.000000 P2: 0.000000 P3: 1.000000 
[Distance] Global distance: 1.000000
#-----------------------------------------------------------------------------
#---------------------------------A.FLIP1-------------------------------------------
[Distance] P1: -1.000000 P2: 1.000000 P3: -1.000000 P4: -1.000000 P5: 1.000000 
[Distance] Global distance: 1.000000
#-----------------------------------------------------------------------------
#---------------------------------A.FLIP2-------------------------------------------
[Distance] P1: -1.000000 P2: 1.000000 P3: -1.000000 P4: 1.000000 
[Distance] Global distance: 1.000000
#-----------------------------------------------------------------------------
#---------------------------------A.FLIP3-------------------------------------------
[Distance] P1: -1.000000 P2: 1.000000 P3: 1.000000 P4: 1.000000 
[Distance] Global distance: 1.000000
#-----------------------------------------------------------------------------
#---------------------------------A.FLIP4-------------------------------------------
[Distance] P1: -1.000000 P2: 1.000000 
[Distance] Global distance: 1.000000
#-----------------------------------------------------------------------------
#---------------------------------A.ALT_HOLD1-------------------------------------------
[Distance] P1: 1.000000 P2: -1.000000 P3: -1.000000 
[Distance] Global distance: 1.000000
#-----------------------------------------------------------------------------
#---------------------------------A.ALT_HOLD2-------------------------------------------
[Distance] P1: -1.000000 P2: -1.000000 P3: -1.000000 
[Distance] Global distance: 1.000000
#-----------------------------------------------------------------------------
#---------------------------------A.CIRCLE1-------------------------------------------
[Distance] P1: -1.000000 P2: 0.000000 P3: -1.000000 P4: 0.000000 
[Distance] Global distance: 1.000000
#-----------------------------------------------------------------------------
#---------------------------------A.CIRCLE2-------------------------------------------
[Distance] P1: -1.000000 P2: 0.000000 P3: 0.000000 
[Distance] Global distance: 1.000000
#-----------------------------------------------------------------------------
#---------------------------------A.CIRCLE3-------------------------------------------
[Distance] P1: -1.000000 P2: 0.000000 P3: -1.000000 P4: -1.000000 
[Distance] Global distance: 1.000000
#-----------------------------------------------------------------------------
#---------------------------------A.CIRCLE4-6-------------------------------------------
[Distance] P1: -1.000000 P2: 0.000000 P3: -1.000000 P4: -1.000000 
[Distance] Global distance: 1.000000
#-----------------------------------------------------------------------------
#---------------------------------A.CIRCLE7-------------------------------------------
[Distance] P1: -1.000000 P2: -1.000000 P3: -1.000000 P4: -1.000000 
[Distance] Global distance: 1.000000
#-----------------------------------------------------------------------------
#---------------------------------A.LAND1-------------------------------------------
[Distance] P1: -1.000000 P2: 0.899999 P3: -1.000000 
[Distance] Global distance: 1.000000
#-----------------------------------------------------------------------------
#---------------------------------A.LAND2-------------------------------------------
[Distance] P1: -1.000000 P2: -9.000100 P3: -1.000000 
[Distance] Global distance: 9.000100
#-----------------------------------------------------------------------------
#---------------------------------A.AUTO1-------------------------------------------
[Distance] P1: -1.000000 P2: -1.000000 P3: 1.000000 
[Distance] Global distance: 1.000000
#-----------------------------------------------------------------------------
#---------------------------------A.GPS.FS1-------------------------------------------
[Distance] P1: 1.000000 P2: -1.500000 P3: 1.000000 
[Distance] Global distance: 1.500000
#-----------------------------------------------------------------------------
#---------------------------------A.GPS.FS2-------------------------------------------
[Distance] P1: -1.000000 P2: 1.000000 P3: -1.000000 
[Distance] Global distance: 1.000000
#-----------------------------------------------------------------------------
#---------------------------------A.RC.FS1-------------------------------------------
[Distance] P1: -1.000000 P2: 0.000000 
[Distance] Global distance: 1.000000
#-----------------------------------------------------------------------------
#---------------------------------A.RC.FS2-------------------------------------------
[Distance] P1: 0.000000 P2: 1.000000 
[Distance] Global distance: 0.000000
#-----------------------------------------------------------------------------
#---------------------------------A.SPORT1-------------------------------------------
[Distance] P1: -1.000000 P2: -1.000000 
[Distance] Global distance: 1.000000
#-----------------------------------------------------------------------------
#---------------------------------A.GUIDED1-------------------------------------------
[Distance] P1: 1.000000 P2: 1.000000 P3: -1.000000 P4: -1.000000 P5: -1.000000 
[Distance] Global distance: 1.000000
#-----------------------------------------------------------------------------
#---------------------------------A.LOITER1-------------------------------------------
[Distance] P1: -1.000000 P2: -1.000000 P3: -1.000000 P4: -1.000000 
[Distance] Global distance: 1.000000
#-----------------------------------------------------------------------------
#---------------------------------A.DRIFT1-------------------------------------------
[Distance] P1: -1.000000 P2: -1.000000 P3: -1.000000 
[Distance] Global distance: 1.000000
#-----------------------------------------------------------------------------
#---------------------------------A.BRAKE1-------------------------------------------
[Distance] P1: -1.000000 P2: -1.000000 
[Distance] Global distance: 1.000000
#-----------------------------------------------------------------------------
# [Change_parameter()] selected params: GND_ALT_OFFSET
[param] selected params: GND_ALT_OFFSET, there is no min of valid range, random param value:3443
#---------------------------------A.CHUTE-------------------------------------------
[Distance] P1: -1.000000 P2: -1.000000 P3: -1.000000 P4: 0.948167 P5: 0.000000 
[Distance] Global distance: 1.000000
#-----------------------------------------------------------------------------
#---------------------------------A.RTL1-------------------------------------------
[Distance] P1: 1.000000 P2: 0.000000 P3: -1.000000 P4: -18.292746 
[Distance] Global distance: 18.292746
#-----------------------------------------------------------------------------
#---------------------------------A.RTL2-------------------------------------------
[Distance] P1: -1.000000 P2: 0.000000 P3: 1.000000 P4: 1.000000 P5: 1.000000 
[Distance] Global distance: 1.000000
#-----------------------------------------------------------------------------
#---------------------------------A.RTL3-------------------------------------------
[Distance] P1: -1.000000 P2: 0.000000 P3: -1.000000 P4: 0.000000 
[Distance] Global distance: 1.000000
#-----------------------------------------------------------------------------
#---------------------------------A.RTL4-------------------------------------------
[Distance] P1: -1.000000 P2: 0.000000 P3: 1.000000 
[Distance] Global distance: 1.000000
#-----------------------------------------------------------------------------
#---------------------------------A.FLIP1-------------------------------------------
[Distance] P1: -1.000000 P2: 1.000000 P3: -1.000000 P4: -1.000000 P5: -1.000000 
[Distance] Global distance: 1.000000
#-----------------------------------------------------------------------------
#---------------------------------A.FLIP2-------------------------------------------
[Distance] P1: -1.000000 P2: 1.000000 P3: -1.000000 P4: 1.000000 
[Distance] Global distance: 1.000000
#-----------------------------------------------------------------------------
#---------------------------------A.FLIP3-------------------------------------------
[Distance] P1: -1.000000 P2: 1.000000 P3: 1.000000 P4: 1.000000 
[Distance] Global distance: 1.000000
#-----------------------------------------------------------------------------
#---------------------------------A.FLIP4-------------------------------------------
[Distance] P1: -1.000000 P2: 1.000000 
[Distance] Global distance: 1.000000
#-----------------------------------------------------------------------------
#---------------------------------A.ALT_HOLD1-------------------------------------------
[Distance] P1: 1.000000 P2: -1.000000 P3: -1.000000 
[Distance] Global distance: 1.000000
#-----------------------------------------------------------------------------
#---------------------------------A.ALT_HOLD2-------------------------------------------
[Distance] P1: -1.000000 P2: -1.000000 P3: -1.000000 
[Distance] Global distance: 1.000000
#-----------------------------------------------------------------------------
#---------------------------------A.CIRCLE1-------------------------------------------
[Distance] P1: -1.000000 P2: 0.000000 P3: -1.000000 P4: 0.000000 
[Distance] Global distance: 1.000000
#-----------------------------------------------------------------------------
#---------------------------------A.CIRCLE2-------------------------------------------
[Distance] P1: -1.000000 P2: 0.000000 P3: 0.000000 
[Distance] Global distance: 1.000000
#-----------------------------------------------------------------------------
#---------------------------------A.CIRCLE3-------------------------------------------
[Distance] P1: -1.000000 P2: 0.000000 P3: -1.000000 P4: -1.000000 
[Distance] Global distance: 1.000000
#-----------------------------------------------------------------------------
#---------------------------------A.CIRCLE4-6-------------------------------------------
[Distance] P1: -1.000000 P2: 0.000000 P3: -1.000000 P4: -1.000000 
[Distance] Global distance: 1.000000
#-----------------------------------------------------------------------------
#---------------------------------A.CIRCLE7-------------------------------------------
[Distance] P1: -1.000000 P2: -1.000000 P3: -1.000000 P4: -1.000000 
[Distance] Global distance: 1.000000
#-----------------------------------------------------------------------------
#---------------------------------A.LAND1-------------------------------------------
[Distance] P1: -1.000000 P2: 0.900000 P3: -1.000000 
[Distance] Global distance: 1.000000
#-----------------------------------------------------------------------------
#---------------------------------A.LAND2-------------------------------------------
[Distance] P1: -1.000000 P2: -9.000000 P3: -1.000000 
[Distance] Global distance: 9.000000
#-----------------------------------------------------------------------------
#---------------------------------A.AUTO1-------------------------------------------
[Distance] P1: -1.000000 P2: -1.000000 P3: 1.000000 
[Distance] Global distance: 1.000000
#-----------------------------------------------------------------------------
#---------------------------------A.GPS.FS1-------------------------------------------
[Distance] P1: 1.000000 P2: -1.500000 P3: 1.000000 
[Distance] Global distance: 1.500000
#-----------------------------------------------------------------------------
#---------------------------------A.GPS.FS2-------------------------------------------
[Distance] P1: -1.000000 P2: 1.000000 P3: -1.000000 
[Distance] Global distance: 1.000000
#-----------------------------------------------------------------------------
#---------------------------------A.RC.FS1-------------------------------------------
[Distance] P1: -1.000000 P2: 0.000000 
[Distance] Global distance: 1.000000
#-----------------------------------------------------------------------------
#---------------------------------A.RC.FS2-------------------------------------------
[Distance] P1: 0.000000 P2: 1.000000 
[Distance] Global distance: 0.000000
#-----------------------------------------------------------------------------
#---------------------------------A.SPORT1-------------------------------------------
[Distance] P1: -1.000000 P2: -1.000000 
[Distance] Global distance: 1.000000
#-----------------------------------------------------------------------------
#---------------------------------A.GUIDED1-------------------------------------------
[Distance] P1: 1.000000 P2: 1.000000 P3: -1.000000 P4: -1.000000 P5: -1.000000 
[Distance] Global distance: 1.000000
#-----------------------------------------------------------------------------
#---------------------------------A.LOITER1-------------------------------------------
[Distance] P1: -1.000000 P2: -1.000000 P3: -1.000000 P4: -1.000000 
[Distance] Global distance: 1.000000
#-----------------------------------------------------------------------------
#---------------------------------A.DRIFT1-------------------------------------------
[Distance] P1: -1.000000 P2: -1.000000 P3: -1.000000 
[Distance] Global distance: 1.000000
#-----------------------------------------------------------------------------
#---------------------------------A.BRAKE1-------------------------------------------
[Distance] P1: -1.000000 P2: -1.000000 
[Distance] Global distance: 1.000000
#-----------------------------------------------------------------------------
### Next round (1) for fuzzing commands. ###
#---------------------------------A.CHUTE-------------------------------------------
[Distance] P1: -1.000000 P2: -1.000000 P3: -1.000000 P4: 0.059453 P5: 0.000000 
[Distance] Global distance: 1.000000
#-----------------------------------------------------------------------------
#---------------------------------A.RTL1-------------------------------------------
[Distance] P1: 1.000000 P2: 0.000000 P3: -1.000000 P4: -0.063211 
[Distance] Global distance: 1.000000
#-----------------------------------------------------------------------------
#---------------------------------A.RTL2-------------------------------------------
[Distance] P1: -1.000000 P2: 0.000000 P3: 1.000000 P4: 1.000000 P5: 1.000000 
[Distance] Global distance: 1.000000
#-----------------------------------------------------------------------------
#---------------------------------A.RTL3-------------------------------------------
[Distance] P1: -1.000000 P2: 0.000000 P3: -1.000000 P4: 0.000000 
[Distance] Global distance: 1.000000
#-----------------------------------------------------------------------------
#---------------------------------A.RTL4-------------------------------------------
[Distance] P1: -1.000000 P2: 0.000000 P3: 1.000000 
[Distance] Global distance: 1.000000
#-----------------------------------------------------------------------------
#---------------------------------A.FLIP1-------------------------------------------
[Distance] P1: -1.000000 P2: 1.000000 P3: -1.000000 P4: -1.000000 P5: -1.000000 
[Distance] Global distance: 1.000000
#-----------------------------------------------------------------------------
#---------------------------------A.FLIP2-------------------------------------------
[Distance] P1: -1.000000 P2: 1.000000 P3: -1.000000 P4: 1.000000 
[Distance] Global distance: 1.000000
#-----------------------------------------------------------------------------
#---------------------------------A.FLIP3-------------------------------------------
[Distance] P1: -1.000000 P2: 1.000000 P3: 1.000000 P4: 1.000000 
[Distance] Global distance: 1.000000
#-----------------------------------------------------------------------------
#---------------------------------A.FLIP4-------------------------------------------
[Distance] P1: -1.000000 P2: 1.000000 
[Distance] Global distance: 1.000000
#-----------------------------------------------------------------------------
#---------------------------------A.ALT_HOLD1-------------------------------------------
[Distance] P1: 1.000000 P2: -1.000000 P3: -1.000000 
[Distance] Global distance: 1.000000
#-----------------------------------------------------------------------------
#---------------------------------A.ALT_HOLD2-------------------------------------------
[Distance] P1: -1.000000 P2: -1.000000 P3: -1.000000 
[Distance] Global distance: 1.000000
#-----------------------------------------------------------------------------
#---------------------------------A.CIRCLE1-------------------------------------------
[Distance] P1: -1.000000 P2: 0.000000 P3: -1.000000 P4: 0.000000 
[Distance] Global distance: 1.000000
#-----------------------------------------------------------------------------
#---------------------------------A.CIRCLE2-------------------------------------------
[Distance] P1: -1.000000 P2: 0.000000 P3: 0.000000 
[Distance] Global distance: 1.000000
#-----------------------------------------------------------------------------
#---------------------------------A.CIRCLE3-------------------------------------------
[Distance] P1: -1.000000 P2: 0.000000 P3: -1.000000 P4: -1.000000 
[Distance] Global distance: 1.000000
#-----------------------------------------------------------------------------
#---------------------------------A.CIRCLE4-6-------------------------------------------
[Distance] P1: -1.000000 P2: 0.000000 P3: -1.000000 P4: -1.000000 
[Distance] Global distance: 1.000000
#-----------------------------------------------------------------------------
#---------------------------------A.CIRCLE7-------------------------------------------
[Distance] P1: -1.000000 P2: -1.000000 P3: -1.000000 P4: -1.000000 
[Distance] Global distance: 1.000000
#-----------------------------------------------------------------------------
#---------------------------------A.LAND1-------------------------------------------
[Distance] P1: -1.000000 P2: 0.900001 P3: -1.000000 
[Distance] Global distance: 1.000000
#-----------------------------------------------------------------------------
#---------------------------------A.LAND2-------------------------------------------
[Distance] P1: -1.000000 P2: -9.000100 P3: -1.000000 
[Distance] Global distance: 9.000100
#-----------------------------------------------------------------------------
#---------------------------------A.AUTO1-------------------------------------------
[Distance] P1: -1.000000 P2: -1.000000 P3: 1.000000 
[Distance] Global distance: 1.000000
#-----------------------------------------------------------------------------
#---------------------------------A.GPS.FS1-------------------------------------------
[Distance] P1: 1.000000 P2: -1.500000 P3: 1.000000 
[Distance] Global distance: 1.500000
#-----------------------------------------------------------------------------
#---------------------------------A.GPS.FS2-------------------------------------------
[Distance] P1: -1.000000 P2: 1.000000 P3: -1.000000 
[Distance] Global distance: 1.000000
#-----------------------------------------------------------------------------
#---------------------------------A.RC.FS1-------------------------------------------
[Distance] P1: -1.000000 P2: 0.000000 
[Distance] Global distance: 1.000000
#-----------------------------------------------------------------------------
#---------------------------------A.RC.FS2-------------------------------------------
[Distance] P1: 0.000000 P2: 1.000000 
[Distance] Global distance: 0.000000
#-----------------------------------------------------------------------------
#---------------------------------A.SPORT1-------------------------------------------
[Distance] P1: -1.000000 P2: -1.000000 
[Distance] Global distance: 1.000000
#-----------------------------------------------------------------------------
#---------------------------------A.GUIDED1-------------------------------------------
[Distance] P1: 1.000000 P2: 1.000000 P3: -1.000000 P4: -1.000000 P5: -1.000000 
[Distance] Global distance: 1.000000
#-----------------------------------------------------------------------------
#---------------------------------A.LOITER1-------------------------------------------
[Distance] P1: -1.000000 P2: -1.000000 P3: -1.000000 P4: -1.000000 
[Distance] Global distance: 1.000000
#-----------------------------------------------------------------------------
#---------------------------------A.DRIFT1-------------------------------------------
[Distance] P1: -1.000000 P2: -1.000000 P3: -1.000000 
[Distance] Global distance: 1.000000
#-----------------------------------------------------------------------------
#---------------------------------A.BRAKE1-------------------------------------------
[Distance] P1: -1.000000 P2: -1.000000 
[Distance] Global distance: 1.000000
#-----------------------------------------------------------------------------
[Execute_cmd] (MAV_CMD_SOLO_BTN_PAUSE_CLICK, 88,70,34,41,35,1,3)
#---------------------------------A.CHUTE-------------------------------------------
[Distance] P1: -1.000000 P2: -1.000000 P3: -1.000000 P4: 0.000000 P5: 0.000000 
[Distance] Global distance: 1.000000
#-----------------------------------------------------------------------------
#---------------------------------A.RTL1-------------------------------------------
[Distance] P1: 1.000000 P2: 0.000000 P3: -1.000000 P4: 0.000000 
[Distance] Global distance: 1.000000
#-----------------------------------------------------------------------------
#---------------------------------A.RTL2-------------------------------------------
[Distance] P1: -1.000000 P2: 0.000000 P3: 1.000000 P4: 1.000000 P5: -1.000000 
[Distance] Global distance: 1.000000
#-----------------------------------------------------------------------------
#---------------------------------A.RTL3-------------------------------------------
[Distance] P1: -1.000000 P2: 0.000000 P3: -1.000000 P4: 0.000000 
[Distance] Global distance: 1.000000
#-----------------------------------------------------------------------------
#---------------------------------A.RTL4-------------------------------------------
[Distance] P1: -1.000000 P2: 0.000000 P3: 1.000000 
[Distance] Global distance: 1.000000
#-----------------------------------------------------------------------------
#---------------------------------A.FLIP1-------------------------------------------
[Distance] P1: -1.000000 P2: 1.000000 P3: -1.000000 P4: -1.000000 P5: -1.000000 
[Distance] Global distance: 1.000000
#-----------------------------------------------------------------------------
#---------------------------------A.FLIP2-------------------------------------------
[Distance] P1: -1.000000 P2: 1.000000 P3: -1.000000 P4: 1.000000 
[Distance] Global distance: 1.000000
#-----------------------------------------------------------------------------
#---------------------------------A.FLIP3-------------------------------------------
[Distance] P1: -1.000000 P2: 1.000000 P3: 1.000000 P4: 1.000000 
[Distance] Global distance: 1.000000
#-----------------------------------------------------------------------------
#---------------------------------A.FLIP4-------------------------------------------
[Distance] P1: -1.000000 P2: 1.000000 
[Distance] Global distance: 1.000000
#-----------------------------------------------------------------------------
#---------------------------------A.ALT_HOLD1-------------------------------------------
[Distance] P1: 1.000000 P2: -1.000000 P3: -1.000000 
[Distance] Global distance: 1.000000
#-----------------------------------------------------------------------------
#---------------------------------A.ALT_HOLD2-------------------------------------------
[Distance] P1: -1.000000 P2: -1.000000 P3: -1.000000 
[Distance] Global distance: 1.000000
#-----------------------------------------------------------------------------
#---------------------------------A.CIRCLE1-------------------------------------------
[Distance] P1: -1.000000 P2: 0.000000 P3: -1.000000 P4: 0.000000 
[Distance] Global distance: 1.000000
#-----------------------------------------------------------------------------
#---------------------------------A.CIRCLE2-------------------------------------------
[Distance] P1: -1.000000 P2: 0.000000 P3: 0.000000 
[Distance] Global distance: 1.000000
#-----------------------------------------------------------------------------
#---------------------------------A.CIRCLE3-------------------------------------------
[Distance] P1: -1.000000 P2: 0.000000 P3: -1.000000 P4: -1.000000 
[Distance] Global distance: 1.000000
#-----------------------------------------------------------------------------
#---------------------------------A.CIRCLE4-6-------------------------------------------
[Distance] P1: -1.000000 P2: 0.000000 P3: -1.000000 P4: -1.000000 
[Distance] Global distance: 1.000000
#-----------------------------------------------------------------------------
#---------------------------------A.CIRCLE7-------------------------------------------
[Distance] P1: -1.000000 P2: -1.000000 P3: -1.000000 P4: -1.000000 
[Distance] Global distance: 1.000000
#-----------------------------------------------------------------------------
#---------------------------------A.LAND1-------------------------------------------
[Distance] P1: -1.000000 P2: 0.899999 P3: -1.000000 
[Distance] Global distance: 1.000000
#-----------------------------------------------------------------------------
#---------------------------------A.LAND2-------------------------------------------
[Distance] P1: -1.000000 P2: -9.000000 P3: -1.000000 
[Distance] Global distance: 9.000000
#-----------------------------------------------------------------------------
#---------------------------------A.AUTO1-------------------------------------------
[Distance] P1: -1.000000 P2: -1.000000 P3: 1.000000 
[Distance] Global distance: 1.000000
#-----------------------------------------------------------------------------
#---------------------------------A.GPS.FS1-------------------------------------------
[Distance] P1: 1.000000 P2: -1.500000 P3: 1.000000 
[Distance] Global distance: 1.500000
#-----------------------------------------------------------------------------
#---------------------------------A.GPS.FS2-------------------------------------------
[Distance] P1: -1.000000 P2: 1.000000 P3: -1.000000 
[Distance] Global distance: 1.000000
#-----------------------------------------------------------------------------
#---------------------------------A.RC.FS1-------------------------------------------
[Distance] P1: -1.000000 P2: 0.000000 
[Distance] Global distance: 1.000000
#-----------------------------------------------------------------------------
#---------------------------------A.RC.FS2-------------------------------------------
[Distance] P1: 0.000000 P2: 1.000000 
[Distance] Global distance: 0.000000
#-----------------------------------------------------------------------------
#---------------------------------A.SPORT1-------------------------------------------
[Distance] P1: -1.000000 P2: -1.000000 
[Distance] Global distance: 1.000000
#-----------------------------------------------------------------------------
#---------------------------------A.GUIDED1-------------------------------------------
[Distance] P1: 1.000000 P2: 1.000000 P3: -1.000000 P4: -1.000000 P5: -1.000000 
[Distance] Global distance: 1.000000
#-----------------------------------------------------------------------------
#---------------------------------A.LOITER1-------------------------------------------
[Distance] P1: -1.000000 P2: -1.000000 P3: -1.000000 P4: -1.000000 
[Distance] Global distance: 1.000000
#-----------------------------------------------------------------------------
#---------------------------------A.DRIFT1-------------------------------------------
[Distance] P1: -1.000000 P2: -1.000000 P3: -1.000000 
[Distance] Global distance: 1.000000
#-----------------------------------------------------------------------------
#---------------------------------A.BRAKE1-------------------------------------------
[Distance] P1: -1.000000 P2: -1.000000 
[Distance] Global distance: 1.000000
#-----------------------------------------------------------------------------
### Next round (2) for fuzzing commands. ###
#---------------------------------A.CHUTE-------------------------------------------
[Distance] P1: -1.000000 P2: -1.000000 P3: -1.000000 P4: 0.000000 P5: 0.000000 
[Distance] Global distance: 1.000000
#-----------------------------------------------------------------------------
#---------------------------------A.RTL1-------------------------------------------
[Distance] P1: 1.000000 P2: 0.000000 P3: -1.000000 P4: 0.000000 
[Distance] Global distance: 1.000000
#-----------------------------------------------------------------------------
#---------------------------------A.RTL2-------------------------------------------
[Distance] P1: -1.000000 P2: 0.000000 P3: 1.000000 P4: 1.000000 P5: -1.000000 
[Distance] Global distance: 1.000000
#-----------------------------------------------------------------------------
#---------------------------------A.RTL3-------------------------------------------
[Distance] P1: -1.000000 P2: 0.000000 P3: -1.000000 P4: 0.000000 
[Distance] Global distance: 1.000000
#-----------------------------------------------------------------------------
#---------------------------------A.RTL4-------------------------------------------
[Distance] P1: -1.000000 P2: 0.000000 P3: 1.000000 
[Distance] Global distance: 1.000000
#-----------------------------------------------------------------------------
#---------------------------------A.FLIP1-------------------------------------------
[Distance] P1: -1.000000 P2: 1.000000 P3: -1.000000 P4: -1.000000 P5: -1.000000 
[Distance] Global distance: 1.000000
#-----------------------------------------------------------------------------
#---------------------------------A.FLIP2-------------------------------------------
[Distance] P1: -1.000000 P2: 1.000000 P3: -1.000000 P4: 1.000000 
[Distance] Global distance: 1.000000
#-----------------------------------------------------------------------------
#---------------------------------A.FLIP3-------------------------------------------
[Distance] P1: -1.000000 P2: 1.000000 P3: 1.000000 P4: 1.000000 
[Distance] Global distance: 1.000000
#-----------------------------------------------------------------------------
#---------------------------------A.FLIP4-------------------------------------------
[Distance] P1: -1.000000 P2: 1.000000 
[Distance] Global distance: 1.000000
#-----------------------------------------------------------------------------
#---------------------------------A.ALT_HOLD1-------------------------------------------
[Distance] P1: 1.000000 P2: -1.000000 P3: -1.000000 
[Distance] Global distance: 1.000000
#-----------------------------------------------------------------------------
#---------------------------------A.ALT_HOLD2-------------------------------------------
[Distance] P1: -1.000000 P2: -1.000000 P3: -1.000000 
[Distance] Global distance: 1.000000
#-----------------------------------------------------------------------------
#---------------------------------A.CIRCLE1-------------------------------------------
[Distance] P1: -1.000000 P2: 0.000000 P3: -1.000000 P4: 0.000000 
[Distance] Global distance: 1.000000
#-----------------------------------------------------------------------------
#---------------------------------A.CIRCLE2-------------------------------------------
[Distance] P1: -1.000000 P2: 0.000000 P3: 0.000000 
[Distance] Global distance: 1.000000
#-----------------------------------------------------------------------------
#---------------------------------A.CIRCLE3-------------------------------------------
[Distance] P1: -1.000000 P2: 0.000000 P3: -1.000000 P4: -1.000000 
[Distance] Global distance: 1.000000
#-----------------------------------------------------------------------------
#---------------------------------A.CIRCLE4-6-------------------------------------------
[Distance] P1: -1.000000 P2: 0.000000 P3: -1.000000 P4: -1.000000 
[Distance] Global distance: 1.000000
#-----------------------------------------------------------------------------
#---------------------------------A.CIRCLE7-------------------------------------------
[Distance] P1: -1.000000 P2: -1.000000 P3: -1.000000 P4: -1.000000 
[Distance] Global distance: 1.000000
#-----------------------------------------------------------------------------
#---------------------------------A.LAND1-------------------------------------------
[Distance] P1: -1.000000 P2: 0.900000 P3: -1.000000 
[Distance] Global distance: 1.000000
#-----------------------------------------------------------------------------
#---------------------------------A.LAND2-------------------------------------------
[Distance] P1: -1.000000 P2: -9.000100 P3: -1.000000 
[Distance] Global distance: 9.000100
#-----------------------------------------------------------------------------
#---------------------------------A.AUTO1-------------------------------------------
[Distance] P1: -1.000000 P2: -1.000000 P3: 1.000000 
[Distance] Global distance: 1.000000
#-----------------------------------------------------------------------------
#---------------------------------A.GPS.FS1-------------------------------------------
[Distance] P1: 1.000000 P2: -1.500000 P3: 1.000000 
[Distance] Global distance: 1.500000
#-----------------------------------------------------------------------------
#---------------------------------A.GPS.FS2-------------------------------------------
[Distance] P1: -1.000000 P2: 1.000000 P3: -1.000000 
[Distance] Global distance: 1.000000
#-----------------------------------------------------------------------------
#---------------------------------A.RC.FS1-------------------------------------------
[Distance] P1: -1.000000 P2: 0.000000 
[Distance] Global distance: 1.000000
#-----------------------------------------------------------------------------
#---------------------------------A.RC.FS2-------------------------------------------
[Distance] P1: 0.000000 P2: 1.000000 
[Distance] Global distance: 0.000000
#-----------------------------------------------------------------------------
#---------------------------------A.SPORT1-------------------------------------------
[Distance] P1: -1.000000 P2: -1.000000 
[Distance] Global distance: 1.000000
#-----------------------------------------------------------------------------
#---------------------------------A.GUIDED1-------------------------------------------
[Distance] P1: 1.000000 P2: 1.000000 P3: -1.000000 P4: -1.000000 P5: -1.000000 
[Distance] Global distance: 1.000000
#-----------------------------------------------------------------------------
#---------------------------------A.LOITER1-------------------------------------------
[Distance] P1: -1.000000 P2: -1.000000 P3: -1.000000 P4: -1.000000 
[Distance] Global distance: 1.000000
#-----------------------------------------------------------------------------
#---------------------------------A.DRIFT1-------------------------------------------
[Distance] P1: -1.000000 P2: -1.000000 P3: -1.000000 
[Distance] Global distance: 1.000000
#-----------------------------------------------------------------------------
#---------------------------------A.BRAKE1-------------------------------------------
[Distance] P1: -1.000000 P2: -1.000000 
[Distance] Global distance: 1.000000
#-----------------------------------------------------------------------------
[Execute_cmd] (MAV_CMD_DO_REPEAT_RELAY, 27,100,70,51,67,24,15)
#---------------------------------A.CHUTE-------------------------------------------
[Distance] P1: -1.000000 P2: -1.000000 P3: -1.000000 P4: 0.000000 P5: 0.000000 
[Distance] Global distance: 1.000000
#-----------------------------------------------------------------------------
#---------------------------------A.RTL1-------------------------------------------
[Distance] P1: 1.000000 P2: 0.000000 P3: -1.000000 P4: 0.000000 
[Distance] Global distance: 1.000000
#-----------------------------------------------------------------------------
#---------------------------------A.RTL2-------------------------------------------
[Distance] P1: -1.000000 P2: 0.000000 P3: 1.000000 P4: -1.000000 P5: -1.000000 
[Distance] Global distance: 1.000000
#-----------------------------------------------------------------------------
#---------------------------------A.RTL3-------------------------------------------
[Distance] P1: -1.000000 P2: 0.000000 P3: -1.000000 P4: 0.000000 
[Distance] Global distance: 1.000000
#-----------------------------------------------------------------------------
#---------------------------------A.RTL4-------------------------------------------
[Distance] P1: -1.000000 P2: 0.000000 P3: 1.000000 
[Distance] Global distance: 1.000000
#-----------------------------------------------------------------------------
#---------------------------------A.FLIP1-------------------------------------------
[Distance] P1: -1.000000 P2: 1.000000 P3: -1.000000 P4: -1.000000 P5: -1.000000 
[Distance] Global distance: 1.000000
#-----------------------------------------------------------------------------
#---------------------------------A.FLIP2-------------------------------------------
[Distance] P1: -1.000000 P2: 1.000000 P3: -1.000000 P4: 1.000000 
[Distance] Global distance: 1.000000
#-----------------------------------------------------------------------------
#---------------------------------A.FLIP3-------------------------------------------
[Distance] P1: -1.000000 P2: 1.000000 P3: 1.000000 P4: 1.000000 
[Distance] Global distance: 1.000000
#-----------------------------------------------------------------------------
#---------------------------------A.FLIP4-------------------------------------------
[Distance] P1: -1.000000 P2: 1.000000 
[Distance] Global distance: 1.000000
#-----------------------------------------------------------------------------
#---------------------------------A.ALT_HOLD1-------------------------------------------
[Distance] P1: 1.000000 P2: -1.000000 P3: -1.000000 
[Distance] Global distance: 1.000000
#-----------------------------------------------------------------------------
#---------------------------------A.ALT_HOLD2-------------------------------------------
[Distance] P1: -1.000000 P2: -1.000000 P3: -1.000000 
[Distance] Global distance: 1.000000
#-----------------------------------------------------------------------------
#---------------------------------A.CIRCLE1-------------------------------------------
[Distance] P1: -1.000000 P2: 0.000000 P3: -1.000000 P4: 0.000000 
[Distance] Global distance: 1.000000
#-----------------------------------------------------------------------------
#---------------------------------A.CIRCLE2-------------------------------------------
[Distance] P1: -1.000000 P2: 0.000000 P3: 0.000000 
[Distance] Global distance: 1.000000
#-----------------------------------------------------------------------------
#---------------------------------A.CIRCLE3-------------------------------------------
[Distance] P1: -1.000000 P2: 0.000000 P3: -1.000000 P4: -1.000000 
[Distance] Global distance: 1.000000
#-----------------------------------------------------------------------------
#---------------------------------A.CIRCLE4-6-------------------------------------------
[Distance] P1: -1.000000 P2: 0.000000 P3: -1.000000 P4: -1.000000 
[Distance] Global distance: 1.000000
#-----------------------------------------------------------------------------
#---------------------------------A.CIRCLE7-------------------------------------------
[Distance] P1: -1.000000 P2: -1.000000 P3: -1.000000 P4: -1.000000 
[Distance] Global distance: 1.000000
#-----------------------------------------------------------------------------
#---------------------------------A.LAND1-------------------------------------------
[Distance] P1: -1.000000 P2: 0.900001 P3: -1.000000 
[Distance] Global distance: 1.000000
#-----------------------------------------------------------------------------
#---------------------------------A.LAND2-------------------------------------------
[Distance] P1: -1.000000 P2: -9.000100 P3: -1.000000 
[Distance] Global distance: 9.000100
#-----------------------------------------------------------------------------
#---------------------------------A.AUTO1-------------------------------------------
[Distance] P1: -1.000000 P2: -1.000000 P3: 1.000000 
[Distance] Global distance: 1.000000
#-----------------------------------------------------------------------------
#---------------------------------A.GPS.FS1-------------------------------------------
[Distance] P1: 1.000000 P2: -1.500000 P3: 1.000000 
[Distance] Global distance: 1.500000
#-----------------------------------------------------------------------------
#---------------------------------A.GPS.FS2-------------------------------------------
[Distance] P1: -1.000000 P2: 1.000000 P3: -1.000000 
[Distance] Global distance: 1.000000
#-----------------------------------------------------------------------------
#---------------------------------A.RC.FS1-------------------------------------------
[Distance] P1: -1.000000 P2: 0.000000 
[Distance] Global distance: 1.000000
#-----------------------------------------------------------------------------
#---------------------------------A.RC.FS2-------------------------------------------
[Distance] P1: 0.000000 P2: 1.000000 
[Distance] Global distance: 0.000000
#-----------------------------------------------------------------------------
#---------------------------------A.SPORT1-------------------------------------------
[Distance] P1: -1.000000 P2: -1.000000 
[Distance] Global distance: 1.000000
#-----------------------------------------------------------------------------
#---------------------------------A.GUIDED1-------------------------------------------
[Distance] P1: 1.000000 P2: 1.000000 P3: -1.000000 P4: -1.000000 P5: -1.000000 
[Distance] Global distance: 1.000000
#-----------------------------------------------------------------------------
#---------------------------------A.LOITER1-------------------------------------------
[Distance] P1: -1.000000 P2: -1.000000 P3: -1.000000 P4: -1.000000 
[Distance] Global distance: 1.000000
#-----------------------------------------------------------------------------
#---------------------------------A.DRIFT1-------------------------------------------
[Distance] P1: -1.000000 P2: -1.000000 P3: -1.000000 
[Distance] Global distance: 1.000000
#-----------------------------------------------------------------------------
#---------------------------------A.BRAKE1-------------------------------------------
[Distance] P1: -1.000000 P2: -1.000000 
[Distance] Global distance: 1.000000
#-----------------------------------------------------------------------------
### Next round (3) for fuzzing commands. ###
#---------------------------------A.CHUTE-------------------------------------------
[Distance] P1: -1.000000 P2: -1.000000 P3: -1.000000 P4: 0.000000 P5: 0.000000 
[Distance] Global distance: 1.000000
#-----------------------------------------------------------------------------
#---------------------------------A.RTL1-------------------------------------------
[Distance] P1: 1.000000 P2: 0.000000 P3: -1.000000 P4: 0.000000 
[Distance] Global distance: 1.000000
#-----------------------------------------------------------------------------
#---------------------------------A.RTL2-------------------------------------------
[Distance] P1: -1.000000 P2: 0.000000 P3: 1.000000 P4: 1.000000 P5: -1.000000 
[Distance] Global distance: 1.000000
#-----------------------------------------------------------------------------
#---------------------------------A.RTL3-------------------------------------------
[Distance] P1: -1.000000 P2: 0.000000 P3: -1.000000 P4: 0.000000 
[Distance] Global distance: 1.000000
#-----------------------------------------------------------------------------
#---------------------------------A.RTL4-------------------------------------------
[Distance] P1: -1.000000 P2: 0.000000 P3: 1.000000 
[Distance] Global distance: 1.000000
#-----------------------------------------------------------------------------
#---------------------------------A.FLIP1-------------------------------------------
[Distance] P1: -1.000000 P2: 1.000000 P3: -1.000000 P4: -1.000000 P5: -1.000000 
[Distance] Global distance: 1.000000
#-----------------------------------------------------------------------------
#---------------------------------A.FLIP2-------------------------------------------
[Distance] P1: -1.000000 P2: 1.000000 P3: -1.000000 P4: 1.000000 
[Distance] Global distance: 1.000000
#-----------------------------------------------------------------------------
#---------------------------------A.FLIP3-------------------------------------------
[Distance] P1: -1.000000 P2: 1.000000 P3: 1.000000 P4: 1.000000 
[Distance] Global distance: 1.000000
#-----------------------------------------------------------------------------
#---------------------------------A.FLIP4-------------------------------------------
[Distance] P1: -1.000000 P2: 1.000000 
[Distance] Global distance: 1.000000
#-----------------------------------------------------------------------------
#---------------------------------A.ALT_HOLD1-------------------------------------------
[Distance] P1: 1.000000 P2: -1.000000 P3: -1.000000 
[Distance] Global distance: 1.000000
#-----------------------------------------------------------------------------
#---------------------------------A.ALT_HOLD2-------------------------------------------
[Distance] P1: -1.000000 P2: -1.000000 P3: -1.000000 
[Distance] Global distance: 1.000000
#-----------------------------------------------------------------------------
#---------------------------------A.CIRCLE1-------------------------------------------
[Distance] P1: -1.000000 P2: 0.000000 P3: -1.000000 P4: 0.000000 
[Distance] Global distance: 1.000000
#-----------------------------------------------------------------------------
#---------------------------------A.CIRCLE2-------------------------------------------
[Distance] P1: -1.000000 P2: 0.000000 P3: 0.000000 
[Distance] Global distance: 1.000000
#-----------------------------------------------------------------------------
#---------------------------------A.CIRCLE3-------------------------------------------
[Distance] P1: -1.000000 P2: 0.000000 P3: -1.000000 P4: -1.000000 
[Distance] Global distance: 1.000000
#-----------------------------------------------------------------------------
#---------------------------------A.CIRCLE4-6-------------------------------------------
[Distance] P1: -1.000000 P2: 0.000000 P3: -1.000000 P4: -1.000000 
[Distance] Global distance: 1.000000
#-----------------------------------------------------------------------------
#---------------------------------A.CIRCLE7-------------------------------------------
[Distance] P1: -1.000000 P2: -1.000000 P3: -1.000000 P4: -1.000000 
[Distance] Global distance: 1.000000
#-----------------------------------------------------------------------------
#---------------------------------A.LAND1-------------------------------------------
[Distance] P1: -1.000000 P2: 0.900000 P3: -1.000000 
[Distance] Global distance: 1.000000
#-----------------------------------------------------------------------------
#---------------------------------A.LAND2-------------------------------------------
[Distance] P1: -1.000000 P2: -8.999900 P3: -1.000000 
[Distance] Global distance: 8.999900
#-----------------------------------------------------------------------------
#---------------------------------A.AUTO1-------------------------------------------
[Distance] P1: -1.000000 P2: -1.000000 P3: 1.000000 
[Distance] Global distance: 1.000000
#-----------------------------------------------------------------------------
#---------------------------------A.GPS.FS1-------------------------------------------
[Distance] P1: 1.000000 P2: -1.500000 P3: 1.000000 
[Distance] Global distance: 1.500000
#-----------------------------------------------------------------------------
#---------------------------------A.GPS.FS2-------------------------------------------
[Distance] P1: -1.000000 P2: 1.000000 P3: -1.000000 
[Distance] Global distance: 1.000000
#-----------------------------------------------------------------------------
#---------------------------------A.RC.FS1-------------------------------------------
[Distance] P1: -1.000000 P2: 0.000000 
[Distance] Global distance: 1.000000
#-----------------------------------------------------------------------------
#---------------------------------A.RC.FS2-------------------------------------------
[Distance] P1: 0.000000 P2: 1.000000 
[Distance] Global distance: 0.000000
#-----------------------------------------------------------------------------
#---------------------------------A.SPORT1-------------------------------------------
[Distance] P1: -1.000000 P2: -1.000000 
[Distance] Global distance: 1.000000
#-----------------------------------------------------------------------------
#---------------------------------A.GUIDED1-------------------------------------------
[Distance] P1: 1.000000 P2: 1.000000 P3: -1.000000 P4: -1.000000 P5: -1.000000 
[Distance] Global distance: 1.000000
#-----------------------------------------------------------------------------
#---------------------------------A.LOITER1-------------------------------------------
[Distance] P1: -1.000000 P2: -1.000000 P3: -1.000000 P4: -1.000000 
[Distance] Global distance: 1.000000
#-----------------------------------------------------------------------------
#---------------------------------A.DRIFT1-------------------------------------------
[Distance] P1: -1.000000 P2: -1.000000 P3: -1.000000 
[Distance] Global distance: 1.000000
#-----------------------------------------------------------------------------
#---------------------------------A.BRAKE1-------------------------------------------
[Distance] P1: -1.000000 P2: -1.000000 
[Distance] Global distance: 1.000000
#-----------------------------------------------------------------------------
[Execute_cmd] (MAV_CMD_DO_PAUSE_CONTINUE, 69,13,36,62,65,50,61)
#---------------------------------A.CHUTE-------------------------------------------
[Distance] P1: -1.000000 P2: -1.000000 P3: -1.000000 P4: 0.000000 P5: 0.000000 
[Distance] Global distance: 1.000000
#-----------------------------------------------------------------------------
#---------------------------------A.RTL1-------------------------------------------
[Distance] P1: 1.000000 P2: 0.000000 P3: -1.000000 P4: 0.000000 
[Distance] Global distance: 1.000000
#-----------------------------------------------------------------------------
#---------------------------------A.RTL2-------------------------------------------
[Distance] P1: -1.000000 P2: 0.000000 P3: 1.000000 P4: 1.000000 P5: -1.000000 
[Distance] Global distance: 1.000000
#-----------------------------------------------------------------------------
#---------------------------------A.RTL3-------------------------------------------
[Distance] P1: -1.000000 P2: 0.000000 P3: -1.000000 P4: 0.000000 
[Distance] Global distance: 1.000000
#-----------------------------------------------------------------------------
#---------------------------------A.RTL4-------------------------------------------
[Distance] P1: -1.000000 P2: 0.000000 P3: 1.000000 
[Distance] Global distance: 1.000000
#-----------------------------------------------------------------------------
#---------------------------------A.FLIP1-------------------------------------------
[Distance] P1: -1.000000 P2: 1.000000 P3: -1.000000 P4: -1.000000 P5: -1.000000 
[Distance] Global distance: 1.000000
#-----------------------------------------------------------------------------
#---------------------------------A.FLIP2-------------------------------------------
[Distance] P1: -1.000000 P2: 1.000000 P3: -1.000000 P4: 1.000000 
[Distance] Global distance: 1.000000
#-----------------------------------------------------------------------------
#---------------------------------A.FLIP3-------------------------------------------
[Distance] P1: -1.000000 P2: 1.000000 P3: 1.000000 P4: 1.000000 
[Distance] Global distance: 1.000000
#-----------------------------------------------------------------------------
#---------------------------------A.FLIP4-------------------------------------------
[Distance] P1: -1.000000 P2: 1.000000 
[Distance] Global distance: 1.000000
#-----------------------------------------------------------------------------
#---------------------------------A.ALT_HOLD1-------------------------------------------
[Distance] P1: 1.000000 P2: -1.000000 P3: -1.000000 
[Distance] Global distance: 1.000000
#-----------------------------------------------------------------------------
#---------------------------------A.ALT_HOLD2-------------------------------------------
[Distance] P1: -1.000000 P2: -1.000000 P3: -1.000000 
[Distance] Global distance: 1.000000
#-----------------------------------------------------------------------------
#---------------------------------A.CIRCLE1-------------------------------------------
[Distance] P1: -1.000000 P2: 0.000000 P3: -1.000000 P4: 0.000000 
[Distance] Global distance: 1.000000
#-----------------------------------------------------------------------------
#---------------------------------A.CIRCLE2-------------------------------------------
[Distance] P1: -1.000000 P2: 0.000000 P3: 0.000000 
[Distance] Global distance: 1.000000
#-----------------------------------------------------------------------------
#---------------------------------A.CIRCLE3-------------------------------------------
[Distance] P1: -1.000000 P2: 0.000000 P3: -1.000000 P4: -1.000000 
[Distance] Global distance: 1.000000
#-----------------------------------------------------------------------------
#---------------------------------A.CIRCLE4-6-------------------------------------------
[Distance] P1: -1.000000 P2: 0.000000 P3: -1.000000 P4: -1.000000 
[Distance] Global distance: 1.000000
#-----------------------------------------------------------------------------
#---------------------------------A.CIRCLE7-------------------------------------------
[Distance] P1: -1.000000 P2: -1.000000 P3: -1.000000 P4: -1.000000 
[Distance] Global distance: 1.000000
#-----------------------------------------------------------------------------
#---------------------------------A.LAND1-------------------------------------------
[Distance] P1: -1.000000 P2: 0.899999 P3: -1.000000 
[Distance] Global distance: 1.000000
#-----------------------------------------------------------------------------
#---------------------------------A.LAND2-------------------------------------------
[Distance] P1: -1.000000 P2: -8.999900 P3: -1.000000 
[Distance] Global distance: 8.999900
#-----------------------------------------------------------------------------
#---------------------------------A.AUTO1-------------------------------------------
[Distance] P1: -1.000000 P2: -1.000000 P3: 1.000000 
[Distance] Global distance: 1.000000
#-----------------------------------------------------------------------------
#---------------------------------A.GPS.FS1-------------------------------------------
[Distance] P1: 1.000000 P2: -1.500000 P3: 1.000000 
[Distance] Global distance: 1.500000
#-----------------------------------------------------------------------------
#---------------------------------A.GPS.FS2-------------------------------------------
[Distance] P1: -1.000000 P2: 1.000000 P3: -1.000000 
[Distance] Global distance: 1.000000
#-----------------------------------------------------------------------------
#---------------------------------A.RC.FS1-------------------------------------------
[Distance] P1: -1.000000 P2: 0.000000 
[Distance] Global distance: 1.000000
#-----------------------------------------------------------------------------
#---------------------------------A.RC.FS2-------------------------------------------
[Distance] P1: 0.000000 P2: 1.000000 
[Distance] Global distance: 0.000000
#-----------------------------------------------------------------------------
#---------------------------------A.SPORT1-------------------------------------------
[Distance] P1: -1.000000 P2: -1.000000 
[Distance] Global distance: 1.000000
#-----------------------------------------------------------------------------
#---------------------------------A.GUIDED1-------------------------------------------
[Distance] P1: 1.000000 P2: 1.000000 P3: -1.000000 P4: -1.000000 P5: -1.000000 
[Distance] Global distance: 1.000000
#-----------------------------------------------------------------------------
#---------------------------------A.LOITER1-------------------------------------------
[Distance] P1: -1.000000 P2: -1.000000 P3: -1.000000 P4: -1.000000 
[Distance] Global distance: 1.000000
#-----------------------------------------------------------------------------
#---------------------------------A.DRIFT1-------------------------------------------
[Distance] P1: -1.000000 P2: -1.000000 P3: -1.000000 
[Distance] Global distance: 1.000000
#-----------------------------------------------------------------------------
#---------------------------------A.BRAKE1-------------------------------------------
[Distance] P1: -1.000000 P2: -1.000000 
[Distance] Global distance: 1.000000
#-----------------------------------------------------------------------------
### Next round (4) for fuzzing commands. ###
#---------------------------------A.CHUTE-------------------------------------------
[Distance] P1: -1.000000 P2: -1.000000 P3: -1.000000 P4: 0.000000 P5: 0.000000 
[Distance] Global distance: 1.000000
#-----------------------------------------------------------------------------
#---------------------------------A.RTL1-------------------------------------------
[Distance] P1: 1.000000 P2: 0.000000 P3: -1.000000 P4: 0.000000 
[Distance] Global distance: 1.000000
#-----------------------------------------------------------------------------
#---------------------------------A.RTL2-------------------------------------------
[Distance] P1: -1.000000 P2: 0.000000 P3: 1.000000 P4: 1.000000 P5: -1.000000 
[Distance] Global distance: 1.000000
#-----------------------------------------------------------------------------
#---------------------------------A.RTL3-------------------------------------------
[Distance] P1: -1.000000 P2: 0.000000 P3: -1.000000 P4: 0.000000 
[Distance] Global distance: 1.000000
#-----------------------------------------------------------------------------
#---------------------------------A.RTL4-------------------------------------------
[Distance] P1: -1.000000 P2: 0.000000 P3: 1.000000 
[Distance] Global distance: 1.000000
#-----------------------------------------------------------------------------
#---------------------------------A.FLIP1-------------------------------------------
[Distance] P1: -1.000000 P2: 1.000000 P3: -1.000000 P4: -1.000000 P5: -1.000000 
[Distance] Global distance: 1.000000
#-----------------------------------------------------------------------------
#---------------------------------A.FLIP2-------------------------------------------
[Distance] P1: -1.000000 P2: 1.000000 P3: -1.000000 P4: 1.000000 
[Distance] Global distance: 1.000000
#-----------------------------------------------------------------------------
#---------------------------------A.FLIP3-------------------------------------------
[Distance] P1: -1.000000 P2: 1.000000 P3: 1.000000 P4: 1.000000 
[Distance] Global distance: 1.000000
#-----------------------------------------------------------------------------
#---------------------------------A.FLIP4-------------------------------------------
[Distance] P1: -1.000000 P2: 1.000000 
[Distance] Global distance: 1.000000
#-----------------------------------------------------------------------------
#---------------------------------A.ALT_HOLD1-------------------------------------------
[Distance] P1: 1.000000 P2: -1.000000 P3: -1.000000 
[Distance] Global distance: 1.000000
#-----------------------------------------------------------------------------
#---------------------------------A.ALT_HOLD2-------------------------------------------
[Distance] P1: -1.000000 P2: -1.000000 P3: -1.000000 
[Distance] Global distance: 1.000000
#-----------------------------------------------------------------------------
#---------------------------------A.CIRCLE1-------------------------------------------
[Distance] P1: -1.000000 P2: 0.000000 P3: -1.000000 P4: 0.000000 
[Distance] Global distance: 1.000000
#-----------------------------------------------------------------------------
#---------------------------------A.CIRCLE2-------------------------------------------
[Distance] P1: -1.000000 P2: 0.000000 P3: 0.000000 
[Distance] Global distance: 1.000000
#-----------------------------------------------------------------------------
#---------------------------------A.CIRCLE3-------------------------------------------
[Distance] P1: -1.000000 P2: 0.000000 P3: -1.000000 P4: -1.000000 
[Distance] Global distance: 1.000000
#-----------------------------------------------------------------------------
#---------------------------------A.CIRCLE4-6-------------------------------------------
[Distance] P1: -1.000000 P2: 0.000000 P3: -1.000000 P4: -1.000000 
[Distance] Global distance: 1.000000
#-----------------------------------------------------------------------------
#---------------------------------A.CIRCLE7-------------------------------------------
[Distance] P1: -1.000000 P2: -1.000000 P3: -1.000000 P4: -1.000000 
[Distance] Global distance: 1.000000
#-----------------------------------------------------------------------------
#---------------------------------A.LAND1-------------------------------------------
[Distance] P1: -1.000000 P2: 0.900001 P3: -1.000000 
[Distance] Global distance: 1.000000
#-----------------------------------------------------------------------------
#---------------------------------A.LAND2-------------------------------------------
[Distance] P1: -1.000000 P2: -9.000100 P3: -1.000000 
[Distance] Global distance: 9.000100
#-----------------------------------------------------------------------------
#---------------------------------A.AUTO1-------------------------------------------
[Distance] P1: -1.000000 P2: -1.000000 P3: 1.000000 
[Distance] Global distance: 1.000000
#-----------------------------------------------------------------------------
#---------------------------------A.GPS.FS1-------------------------------------------
[Distance] P1: 1.000000 P2: -1.500000 P3: 1.000000 
[Distance] Global distance: 1.500000
#-----------------------------------------------------------------------------
#---------------------------------A.GPS.FS2-------------------------------------------
[Distance] P1: -1.000000 P2: 1.000000 P3: -1.000000 
[Distance] Global distance: 1.000000
#-----------------------------------------------------------------------------
#---------------------------------A.RC.FS1-------------------------------------------
[Distance] P1: -1.000000 P2: 0.000000 
[Distance] Global distance: 1.000000
#-----------------------------------------------------------------------------
#---------------------------------A.RC.FS2-------------------------------------------
[Distance] P1: 0.000000 P2: 1.000000 
[Distance] Global distance: 0.000000
#-----------------------------------------------------------------------------
#---------------------------------A.SPORT1-------------------------------------------
[Distance] P1: -1.000000 P2: -1.000000 
[Distance] Global distance: 1.000000
#-----------------------------------------------------------------------------
#---------------------------------A.GUIDED1-------------------------------------------
[Distance] P1: 1.000000 P2: 1.000000 P3: -1.000000 P4: -1.000000 P5: -1.000000 
[Distance] Global distance: 1.000000
#-----------------------------------------------------------------------------
#---------------------------------A.LOITER1-------------------------------------------
[Distance] P1: -1.000000 P2: -1.000000 P3: -1.000000 P4: -1.000000 
[Distance] Global distance: 1.000000
#-----------------------------------------------------------------------------
#---------------------------------A.DRIFT1-------------------------------------------
[Distance] P1: -1.000000 P2: -1.000000 P3: -1.000000 
[Distance] Global distance: 1.000000
#-----------------------------------------------------------------------------
#---------------------------------A.BRAKE1-------------------------------------------
[Distance] P1: -1.000000 P2: -1.000000 
[Distance] Global distance: 1.000000
#-----------------------------------------------------------------------------
[Execute_env] (SIM_BATT_VOLTAGE, 50.98965183140478)
#---------------------------------A.CHUTE-------------------------------------------
[Distance] P1: -1.000000 P2: -1.000000 P3: -1.000000 P4: 0.019433 P5: 0.000000 
[Distance] Global distance: 1.000000
#-----------------------------------------------------------------------------
#---------------------------------A.RTL1-------------------------------------------
[Distance] P1: 1.000000 P2: 0.000000 P3: -1.000000 P4: -0.019818 
[Distance] Global distance: 1.000000
#-----------------------------------------------------------------------------
#---------------------------------A.RTL2-------------------------------------------
[Distance] P1: -1.000000 P2: 0.000000 P3: 1.000000 P4: 1.000000 P5: 1.000000 
[Distance] Global distance: 1.000000
#-----------------------------------------------------------------------------
#---------------------------------A.RTL3-------------------------------------------
[Distance] P1: -1.000000 P2: 0.000000 P3: -1.000000 P4: 0.003327 
[Distance] Global distance: 1.000000
#-----------------------------------------------------------------------------
#---------------------------------A.RTL4-------------------------------------------
[Distance] P1: -1.000000 P2: 0.000000 P3: 1.000000 
[Distance] Global distance: 1.000000
#-----------------------------------------------------------------------------
#---------------------------------A.FLIP1-------------------------------------------
[Distance] P1: -1.000000 P2: 1.000000 P3: -1.000000 P4: -1.000000 P5: -1.000000 
[Distance] Global distance: 1.000000
#-----------------------------------------------------------------------------
#---------------------------------A.FLIP2-------------------------------------------
[Distance] P1: -1.000000 P2: 1.000000 P3: -1.000000 P4: 1.000000 
[Distance] Global distance: 1.000000
#-----------------------------------------------------------------------------
#---------------------------------A.FLIP3-------------------------------------------
[Distance] P1: -1.000000 P2: 1.000000 P3: 1.000000 P4: 1.000000 
[Distance] Global distance: 1.000000
#-----------------------------------------------------------------------------
#---------------------------------A.FLIP4-------------------------------------------
[Distance] P1: -1.000000 P2: 1.000000 
[Distance] Global distance: 1.000000
#-----------------------------------------------------------------------------
#---------------------------------A.ALT_HOLD1-------------------------------------------
[Distance] P1: 1.000000 P2: -1.000000 P3: -1.000000 
[Distance] Global distance: 1.000000
#-----------------------------------------------------------------------------
#---------------------------------A.ALT_HOLD2-------------------------------------------
[Distance] P1: -1.000000 P2: -1.000000 P3: 1.000000 
[Distance] Global distance: 1.000000
#-----------------------------------------------------------------------------
#---------------------------------A.CIRCLE1-------------------------------------------
[Distance] P1: -1.000000 P2: 0.000000 P3: -1.000000 P4: 0.000000 
[Distance] Global distance: 1.000000
#-----------------------------------------------------------------------------
#---------------------------------A.CIRCLE2-------------------------------------------
[Distance] P1: -1.000000 P2: 0.000000 P3: 0.000000 
[Distance] Global distance: 1.000000
#-----------------------------------------------------------------------------
#---------------------------------A.CIRCLE3-------------------------------------------
[Distance] P1: -1.000000 P2: 0.000000 P3: -1.000000 P4: -1.000000 
[Distance] Global distance: 1.000000
#-----------------------------------------------------------------------------
#---------------------------------A.CIRCLE4-6-------------------------------------------
[Distance] P1: -1.000000 P2: 0.000000 P3: -1.000000 P4: -1.000000 
[Distance] Global distance: 1.000000
#-----------------------------------------------------------------------------
#---------------------------------A.CIRCLE7-------------------------------------------
[Distance] P1: -1.000000 P2: 1.000000 P3: -1.000000 P4: -1.000000 
[Distance] Global distance: 1.000000
#-----------------------------------------------------------------------------
#---------------------------------A.LAND1-------------------------------------------
[Distance] P1: -1.000000 P2: 0.975406 P3: 1.000000 
[Distance] Global distance: 1.000000
#-----------------------------------------------------------------------------
#---------------------------------A.LAND2-------------------------------------------
[Distance] P1: -1.000000 P2: -49.298300 P3: 1.000000 
[Distance] Global distance: 49.298300
#-----------------------------------------------------------------------------
#---------------------------------A.AUTO1-------------------------------------------
[Distance] P1: -1.000000 P2: -1.000000 P3: -1.000000 
[Distance] Global distance: 1.000000
#-----------------------------------------------------------------------------
#---------------------------------A.GPS.FS1-------------------------------------------
[Distance] P1: 1.000000 P2: -1.500000 P3: 1.000000 
[Distance] Global distance: 1.500000
#-----------------------------------------------------------------------------
#---------------------------------A.GPS.FS2-------------------------------------------
[Distance] P1: -1.000000 P2: 1.000000 P3: -1.000000 
[Distance] Global distance: 1.000000
#-----------------------------------------------------------------------------
#---------------------------------A.RC.FS1-------------------------------------------
[Distance] P1: -1.000000 P2: 0.000000 
[Distance] Global distance: 1.000000
#-----------------------------------------------------------------------------
#---------------------------------A.RC.FS2-------------------------------------------
[Distance] P1: 0.000000 P2: 1.000000 
[Distance] Global distance: 0.000000
#-----------------------------------------------------------------------------
#---------------------------------A.SPORT1-------------------------------------------
[Distance] P1: -1.000000 P2: 1.000000 
[Distance] Global distance: 1.000000
#-----------------------------------------------------------------------------
#---------------------------------A.GUIDED1-------------------------------------------
[Distance] P1: 1.000000 P2: 1.000000 P3: -1.000000 P4: -1.000000 P5: 1.000000 
[Distance] Global distance: -1.000000
#-----------------------------------------------------------------------------
***************Policy violation!***************
***************Policy violation!***************
***************Policy violation!***************
#---------------------------------A.LOITER1-------------------------------------------
[Distance] P1: -1.000000 P2: -1.000000 P3: -1.000000 P4: 1.000000 
[Distance] Global distance: 1.000000
#-----------------------------------------------------------------------------
#---------------------------------A.DRIFT1-------------------------------------------
[Distance] P1: -1.000000 P2: -1.000000 P3: -1.000000 
[Distance] Global distance: 1.000000
#-----------------------------------------------------------------------------
#---------------------------------A.BRAKE1-------------------------------------------
[Distance] P1: -1.000000 P2: -1.000000 
[Distance] Global distance: 1.000000
#-----------------------------------------------------------------------------
### Next round (5) for fuzzing commands. ###
#---------------------------------A.CHUTE-------------------------------------------
[Distance] P1: -1.000000 P2: -1.000000 P3: -1.000000 P4: 0.785548 P5: 0.000000 
[Distance] Global distance: 1.000000
#-----------------------------------------------------------------------------
#---------------------------------A.RTL1-------------------------------------------
[Distance] P1: 1.000000 P2: 0.000000 P3: -1.000000 P4: -3.663040 
[Distance] Global distance: 3.663040
#-----------------------------------------------------------------------------
#---------------------------------A.RTL2-------------------------------------------
[Distance] P1: -1.000000 P2: 0.000000 P3: 1.000000 P4: -1.000000 P5: 1.000000 
[Distance] Global distance: 1.000000
#-----------------------------------------------------------------------------
#---------------------------------A.RTL3-------------------------------------------
[Distance] P1: -1.000000 P2: 0.000000 P3: -1.000000 P4: 0.001809 
[Distance] Global distance: 1.000000
#-----------------------------------------------------------------------------
#---------------------------------A.RTL4-------------------------------------------
[Distance] P1: -1.000000 P2: 0.000000 P3: 1.000000 
[Distance] Global distance: 1.000000
#-----------------------------------------------------------------------------
#---------------------------------A.FLIP1-------------------------------------------
[Distance] P1: -1.000000 P2: 1.000000 P3: -1.000000 P4: -1.000000 P5: -1.000000 
[Distance] Global distance: 1.000000
#-----------------------------------------------------------------------------
#---------------------------------A.FLIP2-------------------------------------------
[Distance] P1: -1.000000 P2: 1.000000 P3: -1.000000 P4: 1.000000 
[Distance] Global distance: 1.000000
#-----------------------------------------------------------------------------
#---------------------------------A.FLIP3-------------------------------------------
[Distance] P1: -1.000000 P2: 1.000000 P3: 1.000000 P4: 1.000000 
[Distance] Global distance: 1.000000
#-----------------------------------------------------------------------------
#---------------------------------A.FLIP4-------------------------------------------
[Distance] P1: -1.000000 P2: 1.000000 
[Distance] Global distance: 1.000000
#-----------------------------------------------------------------------------
#---------------------------------A.ALT_HOLD1-------------------------------------------
[Distance] P1: 1.000000 P2: -1.000000 P3: -1.000000 
[Distance] Global distance: 1.000000
#-----------------------------------------------------------------------------
#---------------------------------A.ALT_HOLD2-------------------------------------------
[Distance] P1: -1.000000 P2: -1.000000 P3: 1.000000 
[Distance] Global distance: 1.000000
#-----------------------------------------------------------------------------
#---------------------------------A.CIRCLE1-------------------------------------------
[Distance] P1: -1.000000 P2: 0.000000 P3: -1.000000 P4: 0.000000 
[Distance] Global distance: 1.000000
#-----------------------------------------------------------------------------
#---------------------------------A.CIRCLE2-------------------------------------------
[Distance] P1: -1.000000 P2: 0.000000 P3: 0.000000 
[Distance] Global distance: 1.000000
#-----------------------------------------------------------------------------
#---------------------------------A.CIRCLE3-------------------------------------------
[Distance] P1: -1.000000 P2: 0.000000 P3: -1.000000 P4: -1.000000 
[Distance] Global distance: 1.000000
#-----------------------------------------------------------------------------
#---------------------------------A.CIRCLE4-6-------------------------------------------
[Distance] P1: -1.000000 P2: 0.000000 P3: -1.000000 P4: -1.000000 
[Distance] Global distance: 1.000000
#-----------------------------------------------------------------------------
#---------------------------------A.CIRCLE7-------------------------------------------
[Distance] P1: -1.000000 P2: -1.000000 P3: -1.000000 P4: -1.000000 
[Distance] Global distance: 1.000000
#-----------------------------------------------------------------------------
#---------------------------------A.LAND1-------------------------------------------
[Distance] P1: -1.000000 P2: 0.990422 P3: 1.000000 
[Distance] Global distance: 1.000000
#-----------------------------------------------------------------------------
#---------------------------------A.LAND2-------------------------------------------
[Distance] P1: -1.000000 P2: -113.358900 P3: 1.000000 
[Distance] Global distance: 113.358900
#-----------------------------------------------------------------------------
#---------------------------------A.AUTO1-------------------------------------------
[Distance] P1: -1.000000 P2: -1.000000 P3: 1.000000 
[Distance] Global distance: 1.000000
#-----------------------------------------------------------------------------
#---------------------------------A.GPS.FS1-------------------------------------------
[Distance] P1: 1.000000 P2: -1.500000 P3: 1.000000 
[Distance] Global distance: 1.500000
#-----------------------------------------------------------------------------
#---------------------------------A.GPS.FS2-------------------------------------------
[Distance] P1: -1.000000 P2: 1.000000 P3: -1.000000 
[Distance] Global distance: 1.000000
#-----------------------------------------------------------------------------
#---------------------------------A.RC.FS1-------------------------------------------
[Distance] P1: -1.000000 P2: 0.000000 
[Distance] Global distance: 1.000000
#-----------------------------------------------------------------------------
#---------------------------------A.RC.FS2-------------------------------------------
[Distance] P1: 0.000000 P2: 1.000000 
[Distance] Global distance: 0.000000
#-----------------------------------------------------------------------------
#---------------------------------A.SPORT1-------------------------------------------
[Distance] P1: -1.000000 P2: 1.000000 
[Distance] Global distance: 1.000000
#-----------------------------------------------------------------------------
#---------------------------------A.GUIDED1-------------------------------------------
[Distance] P1: 1.000000 P2: 1.000000 P3: -1.000000 P4: -1.000000 P5: 1.000000 
[Distance] Global distance: -1.000000
#-----------------------------------------------------------------------------
***************Policy violation!***************
***************Policy violation!***************
***************Policy violation!***************
#---------------------------------A.LOITER1-------------------------------------------
[Distance] P1: -1.000000 P2: -1.000000 P3: -1.000000 P4: 1.000000 
[Distance] Global distance: 1.000000
#-----------------------------------------------------------------------------
#---------------------------------A.DRIFT1-------------------------------------------
[Distance] P1: -1.000000 P2: -1.000000 P3: -1.000000 
[Distance] Global distance: 1.000000
#-----------------------------------------------------------------------------
#---------------------------------A.BRAKE1-------------------------------------------
[Distance] P1: -1.000000 P2: -1.000000 
[Distance] Global distance: 1.000000
#-----------------------------------------------------------------------------
# [Change_parameter()] selected params: GPS_POS2_Z
# [Change_parameter()] selected params: GPS_POS2_Z, min: -5.000000, max: 5.000000, random real param value:-4.641577
#---------------------------------A.CHUTE-------------------------------------------
[Distance] P1: -1.000000 P2: -1.000000 P3: -1.000000 P4: 0.584096 P5: 0.000000 
[Distance] Global distance: 1.000000
#-----------------------------------------------------------------------------
#---------------------------------A.RTL1-------------------------------------------
[Distance] P1: 1.000000 P2: 0.000000 P3: -1.000000 P4: -1.404401 
[Distance] Global distance: 1.404401
#-----------------------------------------------------------------------------
#---------------------------------A.RTL2-------------------------------------------
[Distance] P1: -1.000000 P2: 0.000000 P3: 1.000000 P4: -1.000000 P5: 1.000000 
[Distance] Global distance: 1.000000
#-----------------------------------------------------------------------------
#---------------------------------A.RTL3-------------------------------------------
[Distance] P1: -1.000000 P2: 0.000000 P3: -1.000000 P4: 0.001190 
[Distance] Global distance: 1.000000
#-----------------------------------------------------------------------------
#---------------------------------A.RTL4-------------------------------------------
[Distance] P1: -1.000000 P2: 0.000000 P3: 1.000000 
[Distance] Global distance: 1.000000
#-----------------------------------------------------------------------------
#---------------------------------A.FLIP1-------------------------------------------
[Distance] P1: -1.000000 P2: 1.000000 P3: -1.000000 P4: -1.000000 P5: -1.000000 
[Distance] Global distance: 1.000000
#-----------------------------------------------------------------------------
#---------------------------------A.FLIP2-------------------------------------------
[Distance] P1: -1.000000 P2: 1.000000 P3: -1.000000 P4: 1.000000 
[Distance] Global distance: 1.000000
#-----------------------------------------------------------------------------
#---------------------------------A.FLIP3-------------------------------------------
[Distance] P1: -1.000000 P2: 1.000000 P3: 1.000000 P4: 1.000000 
[Distance] Global distance: 1.000000
#-----------------------------------------------------------------------------
#---------------------------------A.FLIP4-------------------------------------------
[Distance] P1: -1.000000 P2: 1.000000 
[Distance] Global distance: 1.000000
#-----------------------------------------------------------------------------
#---------------------------------A.ALT_HOLD1-------------------------------------------
[Distance] P1: 1.000000 P2: -1.000000 P3: -1.000000 
[Distance] Global distance: 1.000000
#-----------------------------------------------------------------------------
#---------------------------------A.ALT_HOLD2-------------------------------------------
[Distance] P1: -1.000000 P2: -1.000000 P3: 1.000000 
[Distance] Global distance: 1.000000
#-----------------------------------------------------------------------------
#---------------------------------A.CIRCLE1-------------------------------------------
[Distance] P1: -1.000000 P2: 0.000000 P3: -1.000000 P4: 0.000000 
[Distance] Global distance: 1.000000
#-----------------------------------------------------------------------------
#---------------------------------A.CIRCLE2-------------------------------------------
[Distance] P1: -1.000000 P2: 0.000000 P3: 0.000000 
[Distance] Global distance: 1.000000
#-----------------------------------------------------------------------------
#---------------------------------A.CIRCLE3-------------------------------------------
[Distance] P1: -1.000000 P2: 0.000000 P3: -1.000000 P4: -1.000000 
[Distance] Global distance: 1.000000
#-----------------------------------------------------------------------------
#---------------------------------A.CIRCLE4-6-------------------------------------------
[Distance] P1: -1.000000 P2: 0.000000 P3: -1.000000 P4: -1.000000 
[Distance] Global distance: 1.000000
#-----------------------------------------------------------------------------
#---------------------------------A.CIRCLE7-------------------------------------------
[Distance] P1: -1.000000 P2: -1.000000 P3: 1.000000 P4: -1.000000 
[Distance] Global distance: 1.000000
#-----------------------------------------------------------------------------
#---------------------------------A.LAND1-------------------------------------------
[Distance] P1: -1.000000 P2: 0.994357 P3: 1.000000 
[Distance] Global distance: 1.000000
#-----------------------------------------------------------------------------
#---------------------------------A.LAND2-------------------------------------------
[Distance] P1: -1.000000 P2: -186.539200 P3: 1.000000 
[Distance] Global distance: 186.539200
#-----------------------------------------------------------------------------
#---------------------------------A.AUTO1-------------------------------------------
[Distance] P1: -1.000000 P2: -1.000000 P3: 1.000000 
[Distance] Global distance: 1.000000
#-----------------------------------------------------------------------------
#---------------------------------A.GPS.FS1-------------------------------------------
[Distance] P1: 1.000000 P2: -1.500000 P3: 1.000000 
[Distance] Global distance: 1.500000
#-----------------------------------------------------------------------------
#---------------------------------A.GPS.FS2-------------------------------------------
[Distance] P1: -1.000000 P2: 1.000000 P3: -1.000000 
[Distance] Global distance: 1.000000
#-----------------------------------------------------------------------------
#---------------------------------A.RC.FS1-------------------------------------------
[Distance] P1: -1.000000 P2: 0.000000 
[Distance] Global distance: 1.000000
#-----------------------------------------------------------------------------
#---------------------------------A.RC.FS2-------------------------------------------
[Distance] P1: 0.000000 P2: 1.000000 
[Distance] Global distance: 0.000000
#-----------------------------------------------------------------------------
#---------------------------------A.SPORT1-------------------------------------------
[Distance] P1: -1.000000 P2: 1.000000 
[Distance] Global distance: 1.000000
#-----------------------------------------------------------------------------
#---------------------------------A.GUIDED1-------------------------------------------
[Distance] P1: 1.000000 P2: 1.000000 P3: -1.000000 P4: -1.000000 P5: 1.000000 
[Distance] Global distance: -1.000000
#-----------------------------------------------------------------------------
***************Policy violation!***************
***************Policy violation!***************
***************Policy violation!***************
#---------------------------------A.LOITER1-------------------------------------------
[Distance] P1: -1.000000 P2: -1.000000 P3: -1.000000 P4: 1.000000 
[Distance] Global distance: 1.000000
#-----------------------------------------------------------------------------
#---------------------------------A.DRIFT1-------------------------------------------
[Distance] P1: -1.000000 P2: -1.000000 P3: -1.000000 
[Distance] Global distance: 1.000000
#-----------------------------------------------------------------------------
#---------------------------------A.BRAKE1-------------------------------------------
[Distance] P1: -1.000000 P2: -1.000000 
[Distance] Global distance: 1.000000
#-----------------------------------------------------------------------------
### Next round (6) for fuzzing commands. ###
#---------------------------------A.CHUTE-------------------------------------------
[Distance] P1: -1.000000 P2: -1.000000 P3: -1.000000 P4: 0.376569 P5: 0.000000 
[Distance] Global distance: 1.000000
#-----------------------------------------------------------------------------
#---------------------------------A.RTL1-------------------------------------------
[Distance] P1: 1.000000 P2: 0.000000 P3: -1.000000 P4: -0.604028 
[Distance] Global distance: 1.000000
#-----------------------------------------------------------------------------
#---------------------------------A.RTL2-------------------------------------------
[Distance] P1: -1.000000 P2: 0.000000 P3: 1.000000 P4: -1.000000 P5: 1.000000 
[Distance] Global distance: 1.000000
#-----------------------------------------------------------------------------
#---------------------------------A.RTL3-------------------------------------------
[Distance] P1: -1.000000 P2: 0.000000 P3: -1.000000 P4: 0.000938 
[Distance] Global distance: 1.000000
#-----------------------------------------------------------------------------
#---------------------------------A.RTL4-------------------------------------------
[Distance] P1: -1.000000 P2: 0.000000 P3: 1.000000 
[Distance] Global distance: 1.000000
#-----------------------------------------------------------------------------
#---------------------------------A.FLIP1-------------------------------------------
[Distance] P1: -1.000000 P2: 1.000000 P3: -1.000000 P4: -1.000000 P5: -1.000000 
[Distance] Global distance: 1.000000
#-----------------------------------------------------------------------------
#---------------------------------A.FLIP2-------------------------------------------
[Distance] P1: -1.000000 P2: 1.000000 P3: -1.000000 P4: 1.000000 
[Distance] Global distance: 1.000000
#-----------------------------------------------------------------------------
#---------------------------------A.FLIP3-------------------------------------------
[Distance] P1: -1.000000 P2: 1.000000 P3: 1.000000 P4: 1.000000 
[Distance] Global distance: 1.000000
#-----------------------------------------------------------------------------
#---------------------------------A.FLIP4-------------------------------------------
[Distance] P1: -1.000000 P2: 1.000000 
[Distance] Global distance: 1.000000
#-----------------------------------------------------------------------------
#---------------------------------A.ALT_HOLD1-------------------------------------------
[Distance] P1: 1.000000 P2: -1.000000 P3: -1.000000 
[Distance] Global distance: 1.000000
#-----------------------------------------------------------------------------
#---------------------------------A.ALT_HOLD2-------------------------------------------
[Distance] P1: -1.000000 P2: -1.000000 P3: 1.000000 
[Distance] Global distance: 1.000000
#-----------------------------------------------------------------------------
#---------------------------------A.CIRCLE1-------------------------------------------
[Distance] P1: -1.000000 P2: 0.000000 P3: -1.000000 P4: 0.000000 
[Distance] Global distance: 1.000000
#-----------------------------------------------------------------------------
#---------------------------------A.CIRCLE2-------------------------------------------
[Distance] P1: -1.000000 P2: 0.000000 P3: 0.000000 
[Distance] Global distance: 1.000000
#-----------------------------------------------------------------------------
#---------------------------------A.CIRCLE3-------------------------------------------
[Distance] P1: -1.000000 P2: 0.000000 P3: -1.000000 P4: -1.000000 
[Distance] Global distance: 1.000000
#-----------------------------------------------------------------------------
#---------------------------------A.CIRCLE4-6-------------------------------------------
[Distance] P1: -1.000000 P2: 0.000000 P3: -1.000000 P4: -1.000000 
[Distance] Global distance: 1.000000
#-----------------------------------------------------------------------------
#---------------------------------A.CIRCLE7-------------------------------------------
[Distance] P1: -1.000000 P2: -1.000000 P3: -1.000000 P4: -1.000000 
[Distance] Global distance: 1.000000
#-----------------------------------------------------------------------------
#---------------------------------A.LAND1-------------------------------------------
[Distance] P1: -1.000000 P2: 0.995924 P3: 1.000000 
[Distance] Global distance: 1.000000
#-----------------------------------------------------------------------------
#---------------------------------A.LAND2-------------------------------------------
[Distance] P1: -1.000000 P2: -255.054700 P3: 1.000000 
[Distance] Global distance: 255.054700
#-----------------------------------------------------------------------------
#---------------------------------A.AUTO1-------------------------------------------
[Distance] P1: -1.000000 P2: -1.000000 P3: 1.000000 
[Distance] Global distance: 1.000000
#-----------------------------------------------------------------------------
#---------------------------------A.GPS.FS1-------------------------------------------
[Distance] P1: 1.000000 P2: -1.500000 P3: 1.000000 
[Distance] Global distance: 1.500000
#-----------------------------------------------------------------------------
#---------------------------------A.GPS.FS2-------------------------------------------
[Distance] P1: -1.000000 P2: 1.000000 P3: -1.000000 
[Distance] Global distance: 1.000000
#-----------------------------------------------------------------------------
[status_text] EKF3 lane switch 1
[status_text] EKF primary changed:1
#---------------------------------A.RC.FS1-------------------------------------------
[Distance] P1: -1.000000 P2: 0.000000 
[Distance] Global distance: 1.000000
#-----------------------------------------------------------------------------
#---------------------------------A.RC.FS2-------------------------------------------
[Distance] P1: 0.000000 P2: 1.000000 
[Distance] Global distance: 0.000000
#-----------------------------------------------------------------------------
#---------------------------------A.SPORT1-------------------------------------------
[Distance] P1: -1.000000 P2: 1.000000 
[Distance] Global distance: 1.000000
#-----------------------------------------------------------------------------
#---------------------------------A.GUIDED1-------------------------------------------
[Distance] P1: 1.000000 P2: 1.000000 P3: -1.000000 P4: -1.000000 P5: 1.000000 
[Distance] Global distance: -1.000000
#-----------------------------------------------------------------------------
***************Policy violation!***************
***************Policy violation!***************
***************Policy violation!***************
#---------------------------------A.LOITER1-------------------------------------------
[Distance] P1: -1.000000 P2: -1.000000 P3: -1.000000 P4: 1.000000 
[Distance] Global distance: 1.000000
#-----------------------------------------------------------------------------
#---------------------------------A.DRIFT1-------------------------------------------
[Distance] P1: -1.000000 P2: -1.000000 P3: -1.000000 
[Distance] Global distance: 1.000000
#-----------------------------------------------------------------------------
#---------------------------------A.BRAKE1-------------------------------------------
[Distance] P1: -1.000000 P2: -1.000000 
[Distance] Global distance: 1.000000
#-----------------------------------------------------------------------------
# [Change_parameter()] selected params: FENCE_ALT_MAX
# [Change_parameter()] selected params: FENCE_ALT_MAX, min: 10.000000, max: 10000.000000, random digit param value:4764
#---------------------------------A.CHUTE-------------------------------------------
[Distance] P1: -1.000000 P2: -1.000000 P3: -1.000000 P4: 0.280615 P5: 0.000000 
[Distance] Global distance: 1.000000
#-----------------------------------------------------------------------------
#---------------------------------A.RTL1-------------------------------------------
[Distance] P1: 1.000000 P2: 0.000000 P3: -1.000000 P4: -0.390076 
[Distance] Global distance: 1.000000
#-----------------------------------------------------------------------------
#---------------------------------A.RTL2-------------------------------------------
[Distance] P1: -1.000000 P2: 0.000000 P3: 1.000000 P4: 1.000000 P5: 1.000000 
[Distance] Global distance: 1.000000
#-----------------------------------------------------------------------------
#---------------------------------A.RTL3-------------------------------------------
[Distance] P1: -1.000000 P2: 0.000000 P3: -1.000000 P4: 0.000790 
[Distance] Global distance: 1.000000
#-----------------------------------------------------------------------------
#---------------------------------A.RTL4-------------------------------------------
[Distance] P1: -1.000000 P2: 0.000000 P3: 1.000000 
[Distance] Global distance: 1.000000
#-----------------------------------------------------------------------------
#---------------------------------A.FLIP1-------------------------------------------
[Distance] P1: -1.000000 P2: 1.000000 P3: -1.000000 P4: -1.000000 P5: -1.000000 
[Distance] Global distance: 1.000000
#-----------------------------------------------------------------------------
#---------------------------------A.FLIP2-------------------------------------------
[Distance] P1: -1.000000 P2: 1.000000 P3: -1.000000 P4: 1.000000 
[Distance] Global distance: 1.000000
#-----------------------------------------------------------------------------
#---------------------------------A.FLIP3-------------------------------------------
[Distance] P1: -1.000000 P2: 1.000000 P3: 1.000000 P4: 1.000000 
[Distance] Global distance: 1.000000
#-----------------------------------------------------------------------------
#---------------------------------A.FLIP4-------------------------------------------
[Distance] P1: -1.000000 P2: 1.000000 
[Distance] Global distance: 1.000000
#-----------------------------------------------------------------------------
#---------------------------------A.ALT_HOLD1-------------------------------------------
[Distance] P1: 1.000000 P2: -1.000000 P3: -1.000000 
[Distance] Global distance: 1.000000
#-----------------------------------------------------------------------------
#---------------------------------A.ALT_HOLD2-------------------------------------------
[Distance] P1: -1.000000 P2: -1.000000 P3: 1.000000 
[Distance] Global distance: 1.000000
#-----------------------------------------------------------------------------
#---------------------------------A.CIRCLE1-------------------------------------------
[Distance] P1: -1.000000 P2: 0.000000 P3: -1.000000 P4: 0.000000 
[Distance] Global distance: 1.000000
#-----------------------------------------------------------------------------
#---------------------------------A.CIRCLE2-------------------------------------------
[Distance] P1: -1.000000 P2: 0.000000 P3: 0.000000 
[Distance] Global distance: 1.000000
#-----------------------------------------------------------------------------
#---------------------------------A.CIRCLE3-------------------------------------------
[Distance] P1: -1.000000 P2: 0.000000 P3: -1.000000 P4: -1.000000 
[Distance] Global distance: 1.000000
#-----------------------------------------------------------------------------
#---------------------------------A.CIRCLE4-6-------------------------------------------
[Distance] P1: -1.000000 P2: 0.000000 P3: -1.000000 P4: -1.000000 
[Distance] Global distance: 1.000000
#-----------------------------------------------------------------------------
#---------------------------------A.CIRCLE7-------------------------------------------
[Distance] P1: -1.000000 P2: 1.000000 P3: -1.000000 P4: -1.000000 
[Distance] Global distance: 1.000000
#-----------------------------------------------------------------------------
#---------------------------------A.LAND1-------------------------------------------
[Distance] P1: -1.000000 P2: 0.996911 P3: 1.000000 
[Distance] Global distance: 1.000000
#-----------------------------------------------------------------------------
#---------------------------------A.LAND2-------------------------------------------
[Distance] P1: -1.000000 P2: -333.851700 P3: 1.000000 
[Distance] Global distance: 333.851700
#-----------------------------------------------------------------------------
#---------------------------------A.AUTO1-------------------------------------------
[Distance] P1: -1.000000 P2: -1.000000 P3: 1.000000 
[Distance] Global distance: 1.000000
#-----------------------------------------------------------------------------
#---------------------------------A.GPS.FS1-------------------------------------------
[Distance] P1: 1.000000 P2: -1.500000 P3: 1.000000 
[Distance] Global distance: 1.500000
#-----------------------------------------------------------------------------
Traceback (most recent call last):
  File "/home/bonnie/PGFuzz/ArduPilot/fuzzing.py", line 2662, in <module>
    main(sys.argv[1:])
  File "/home/bonnie/PGFuzz/ArduPilot/fuzzing.py", line 2629, in main
    calculate_distance(guidance="true")
  File "/home/bonnie/PGFuzz/ArduPilot/fuzzing.py", line 1874, in calculate_distance
    time.sleep(1)
KeyboardInterrupt
